customerid,recency,frequency,monetary,R_score,F_score,M_score,RFM_score,segment,cluster_id,country,first_purchase_date,last_purchase_date,PCA1,PCA2
14646,2,73,280206.02,5,4,5,545,Champions,3,Netherlands,2010-12-20 10:09:00,2011-12-08 12:12:00,6.544144884538449,1.568423427169958
18102,1,60,259657.3,5,4,5,545,Champions,3,United Kingdom,2010-12-07 16:42:00,2011-12-09 11:50:00,6.4881078400379035,1.2097464983969854
17450,8,46,194390.79,5,4,5,545,Champions,3,United Kingdom,2010-12-07 09:23:00,2011-12-01 13:29:00,5.540368556722589,1.9580683722313825
16446,1,2,168472.5,5,1,5,515,Recent Customers,3,United Kingdom,2011-05-18 09:52:00,2011-12-09 09:15:00,3.557315938127811,-0.10005349772342227
14911,1,201,143711.17,5,4,5,545,Champions,3,EIRE,2010-12-01 14:05:00,2011-12-08 15:54:00,7.291094114977411,1.452326762874372
12415,24,21,124914.53,4,4,5,445,Champions,3,Australia,2011-01-06 11:12:00,2011-11-15 14:22:00,4.2535256532742505,2.1542921002106183
14156,10,55,117210.08,5,4,5,545,Champions,3,EIRE,2010-12-03 11:48:00,2011-11-30 10:54:00,5.382373149887797,1.9680490716934245
17511,3,31,91062.38,5,4,5,545,Champions,3,United Kingdom,2010-12-01 10:19:00,2011-12-07 10:12:00,5.142741544308017,1.0207621618006397
16029,39,63,80850.84,3,4,5,345,Loyal Customers,3,United Kingdom,2010-12-01 09:57:00,2011-11-01 10:27:00,4.8339656212389075,2.702278467182896
12346,326,1,77183.6,1,1,5,115,Lost,2,United Kingdom,2011-01-18 10:01:00,2011-01-18 10:01:00,0.8733383724465786,2.691610714183501
16684,4,28,66653.56,5,4,5,545,Champions,3,United Kingdom,2010-12-16 17:34:00,2011-12-05 14:06:00,4.82047473273363,1.0109220941792123
14096,4,17,65164.79,5,4,5,545,Champions,3,United Kingdom,2011-08-30 10:49:00,2011-12-05 17:17:00,4.378214148595991,0.8202622681601256
13694,4,50,65039.62,5,4,5,545,Champions,3,United Kingdom,2010-12-01 12:12:00,2011-12-06 09:32:00,5.319673458441827,1.2179387157328956
15311,1,91,60632.75,5,4,5,545,Champions,3,United Kingdom,2010-12-01 09:41:00,2011-12-09 12:00:00,6.170262207017482,0.8371889229394646
13089,3,97,58762.08,5,4,5,545,Champions,3,United Kingdom,2010-12-05 10:27:00,2011-12-07 09:02:00,5.947790448670779,1.2893535767312791
17949,1,45,58510.48,5,4,5,545,Champions,3,United Kingdom,2010-12-03 13:12:00,2011-12-08 18:46:00,5.52616684865469,0.5590703092513343
15769,7,26,56252.72,5,4,5,545,Champions,3,United Kingdom,2010-12-03 15:16:00,2011-12-02 13:52:00,4.49583275735033,1.219752068380366
15061,4,48,54534.14,5,4,5,545,Champions,3,United Kingdom,2010-12-02 15:19:00,2011-12-06 12:06:00,5.199943757593241,1.1384752029303937
14298,8,44,51527.3,5,4,5,545,Champions,3,United Kingdom,2010-12-14 12:59:00,2011-12-01 13:12:00,4.871463147777465,1.457864204566092
14088,10,13,50491.81,5,4,5,545,Champions,3,United Kingdom,2011-01-21 13:07:00,2011-11-29 16:16:00,3.728661568066458,1.1310510922728123
15749,235,3,44534.3,1,2,5,125,Lost,2,United Kingdom,2011-01-11 12:55:00,2011-04-18 13:20:00,1.3643739794619714,2.5497262921741024
12931,22,15,42055.96,4,4,5,445,Champions,3,United Kingdom,2010-12-17 09:45:00,2011-11-18 12:39:00,3.481049077916124,1.5831411768051455
17841,2,124,40519.84,5,4,5,545,Champions,3,United Kingdom,2010-12-01 14:41:00,2011-12-08 12:07:00,6.101636584092738,1.0646925613592775
15098,182,3,39916.5,1,2,5,125,Lost,2,United Kingdom,2011-06-10 15:22:00,2011-06-10 15:33:00,1.4096289775953381,2.348618990122583
13798,1,57,37153.85,5,4,5,545,Champions,3,United Kingdom,2010-12-02 17:24:00,2011-12-08 15:51:00,5.5205874484005495,0.48234339469883275
16013,4,47,37130.6,5,4,5,545,Champions,3,United Kingdom,2010-12-03 13:09:00,2011-12-06 10:36:00,4.999031723440909,0.9905961959610029
16422,17,51,34684.4,4,4,5,445,Champions,3,United Kingdom,2010-12-05 15:35:00,2011-11-22 14:00:00,4.549831604100816,1.8084237051772813
15838,11,19,33643.08,5,4,5,545,Champions,3,United Kingdom,2010-12-07 11:26:00,2011-11-28 14:00:00,3.82566038858767,1.1747812371647606
12748,1,209,33053.19,5,4,5,545,Champions,3,United Kingdom,2010-12-01 12:48:00,2011-12-09 12:20:00,6.629389339935984,0.9319257637441387
17404,4,15,31906.82,5,4,5,545,Champions,3,Sweden,2010-12-14 13:28:00,2011-12-05 16:26:00,3.933050210188491,0.5151356417505519
17389,1,34,31833.68,5,4,5,545,Champions,3,United Kingdom,2011-01-12 15:48:00,2011-12-09 09:38:00,4.990271677197168,0.23285117479316267
13098,1,28,28882.44,5,4,5,545,Champions,3,United Kingdom,2011-01-26 13:46:00,2011-12-08 14:14:00,4.773980986088823,0.12548483102163738
14680,25,16,28754.11,4,4,5,445,Champions,3,United Kingdom,2010-12-03 12:05:00,2011-11-14 16:59:00,3.308793688272603,1.5455794057968744
13081,12,11,28337.38,5,4,5,545,Champions,3,United Kingdom,2010-12-03 17:20:00,2011-11-28 10:54:00,3.251483478907744,0.9676175320367311
13408,2,62,28117.04,5,4,5,545,Champions,3,United Kingdom,2010-12-01 10:39:00,2011-12-08 09:05:00,5.30838602080958,0.669515964117258
17857,4,23,26879.04,5,4,5,545,Champions,3,United Kingdom,2010-12-09 11:35:00,2011-12-05 13:13:00,4.218637665546382,0.6077849941406674
16333,8,22,26626.8,5,4,5,545,Champions,3,United Kingdom,2011-02-03 10:50:00,2011-12-02 12:19:00,3.9511233570663595,0.9606903645753708
13777,1,33,25977.16,5,4,5,545,Champions,3,United Kingdom,2010-12-01 16:01:00,2011-12-09 12:25:00,4.867646125695704,0.14772010694451335
12753,23,6,21429.39,4,3,5,435,Loyal Customers,3,Japan,2010-12-12 11:44:00,2011-11-17 10:52:00,2.3970794987982815,1.0483483983126898
12744,52,7,21279.29,3,4,5,345,Loyal Customers,3,Singapore,2011-01-25 13:26:00,2011-10-19 11:18:00,2.2119407710517462,1.5990950594839077
16210,2,18,21086.3,5,4,5,545,Champions,3,United Kingdom,2010-12-01 12:27:00,2011-12-08 12:36:00,4.0872993407116756,0.10619486893536619
17675,1,31,20374.28,5,4,5,545,Champions,3,United Kingdom,2010-12-07 13:22:00,2011-12-08 18:03:00,4.697600868988294,0.036052462503854514
17381,9,29,20275.61,5,4,5,545,Champions,3,United Kingdom,2010-12-02 12:58:00,2011-12-01 11:59:00,4.022098674351829,1.0298776660208144
12471,2,30,19788.65,5,4,5,545,Champions,3,Germany,2010-12-10 09:35:00,2011-12-07 15:43:00,4.500157896332591,0.2703254328735631
15039,10,47,19766.59,5,4,5,545,Champions,3,United Kingdom,2010-12-06 11:26:00,2011-11-30 11:31:00,4.398923243180368,1.2608242518391386
12731,24,12,18895.91,4,4,5,445,Champions,3,France,2010-12-10 10:56:00,2011-11-16 11:59:00,2.881975717874051,1.2652005295092332
15159,2,30,18641.01,5,4,5,545,Champions,3,United Kingdom,2010-12-13 15:44:00,2011-12-08 12:05:00,4.471831161557884,0.24856734429981237
12901,9,28,17654.54,5,4,5,545,Champions,3,United Kingdom,2011-03-14 10:41:00,2011-12-01 10:07:00,3.925790635184376,0.9664970798125163
12678,42,12,17628.46,3,4,5,345,Loyal Customers,3,France,2010-12-21 11:00:00,2011-10-28 13:04:00,2.6418897000704296,1.5837137309525176
14031,7,19,17286.86,5,4,5,545,Champions,3,United Kingdom,2010-12-02 16:34:00,2011-12-02 17:13:00,3.664839025900948,0.6752432596022703
17428,1,28,17256.85,5,4,5,545,Champions,3,United Kingdom,2010-12-06 09:37:00,2011-12-09 09:45:00,4.529790253071918,-0.06208086054600347
13767,2,37,17220.36,5,4,5,545,Champions,3,United Kingdom,2010-12-01 10:47:00,2011-12-07 15:00:00,4.618474939579982,0.2975785254055714
13881,4,20,17159.52,5,4,5,545,Champions,3,United Kingdom,2011-02-01 10:14:00,2011-12-06 12:50:00,3.88502229673601,0.3932616846933919
16839,9,34,16594.35,5,4,5,545,Champions,3,United Kingdom,2010-12-05 11:15:00,2011-12-01 09:03:00,4.066588686648609,1.0158766646756512
12921,9,37,16587.09,5,4,5,545,Champions,3,United Kingdom,2010-12-01 15:06:00,2011-11-30 16:22:00,4.140795255034628,1.0471749978688336
17677,2,30,16345.38,5,4,5,545,Champions,3,United Kingdom,2010-12-06 08:42:00,2011-12-08 09:56:00,4.409521824831967,0.20070683096367056
15189,1,41,16225.39,5,4,5,545,Champions,3,United Kingdom,2011-01-11 12:29:00,2011-12-08 13:22:00,4.835705684566439,0.05714918092103712
14607,16,14,16209.5,4,4,5,445,Champions,3,United Kingdom,2011-03-23 15:22:00,2011-11-24 10:35:00,3.086077729095933,1.0196073319438592
15856,4,27,16143.64,5,4,5,545,Champions,3,United Kingdom,2010-12-09 13:34:00,2011-12-05 17:09:00,4.116400037059207,0.4810808157514113
14051,1,23,15610.39,5,4,5,545,Champions,3,United Kingdom,2010-12-08 12:49:00,2011-12-09 10:20:00,4.311010717139031,-0.17098709493190367
15513,33,19,14758.22,4,4,5,445,Champions,3,United Kingdom,2010-12-01 11:22:00,2011-11-06 14:36:00,3.0371375405173566,1.5349031210469268
16133,4,33,14589.04,5,4,5,545,Champions,3,United Kingdom,2011-01-25 15:55:00,2011-12-06 11:24:00,4.244076455253251,0.5184740049006391
14866,11,12,14389.9,5,4,5,545,Champions,3,United Kingdom,2010-12-08 14:58:00,2011-11-29 11:45:00,3.0331893863750987,0.7007010184203248
16705,1,20,14034.99,5,4,5,545,Champions,3,United Kingdom,2010-12-16 10:51:00,2011-12-09 12:08:00,4.139744588315395,-0.2608080985325246
12681,15,22,13787.54,4,4,5,445,Champions,3,France,2010-12-07 10:08:00,2011-11-25 11:33:00,3.419285108790559,1.085744950068443
12621,2,20,13689.67,5,4,5,545,Champions,3,Germany,2010-12-09 10:16:00,2011-12-08 11:25:00,3.9730464329720827,-0.012841604221002919
12540,20,17,13400.24,4,4,5,445,Champions,3,Spain,2010-12-13 09:39:00,2011-11-20 11:31:00,3.0800962695775445,1.1539929202362558
12433,1,7,13375.87,5,4,5,545,Champions,3,Norway,2010-12-01 13:24:00,2011-12-09 10:02:00,3.2436748061913887,-0.6474879774841545
15498,3,27,13316.4,5,4,5,545,Champions,3,United Kingdom,2010-12-08 12:29:00,2011-12-07 12:48:00,4.110357585788498,0.2695067161446224
12477,23,6,13219.74,4,3,5,435,Loyal Customers,3,Germany,2011-02-11 12:45:00,2011-11-17 09:51:00,2.168051363744612,0.8724292714520696
17735,2,19,13110.02,5,4,5,545,Champions,3,United Kingdom,2010-12-07 10:32:00,2011-12-07 16:47:00,3.9083854470829764,-0.04726082333599572
16525,2,26,13027.45,5,4,5,545,Champions,3,United Kingdom,2010-12-08 11:31:00,2011-12-07 15:07:00,4.176942814660676,0.0652341893039857
14258,9,9,12669.98,5,4,5,545,Champions,3,United Kingdom,2011-01-06 12:18:00,2011-11-30 15:27:00,2.805081343416387,0.43840477487520435
13078,3,26,12627.94,5,4,5,545,Champions,3,United Kingdom,2010-12-08 09:07:00,2011-12-06 15:36:00,4.0522815366642915,0.23626324734500867
12536,43,3,12601.83,3,2,5,325,Need Attention,2,France,2011-10-11 14:52:00,2011-10-27 14:20:00,1.407438571591886,1.0251836263977634
15640,4,15,12416.11,5,4,5,545,Champions,3,United Kingdom,2010-12-02 15:40:00,2011-12-05 14:35:00,3.485553687036085,0.17140845029572505
16000,3,3,12393.7,5,2,5,525,Potential Loyalists,3,United Kingdom,2011-12-07 12:14:00,2011-12-07 12:17:00,2.3155339344839683,-0.5009931333202287
17340,30,11,12353.29,4,4,5,445,Champions,3,United Kingdom,2010-12-08 15:56:00,2011-11-10 10:45:00,2.525862316870835,1.2161644127868991
12682,4,31,12279.82,5,4,5,545,Champions,3,France,2010-12-03 13:59:00,2011-12-06 10:00:00,4.107522406062142,0.43253133954342293
13113,1,24,12245.96,5,4,5,545,Champions,3,United Kingdom,2010-12-08 13:21:00,2011-12-09 12:49:00,4.232860470392794,-0.24377264825747597
14606,1,93,12076.15,5,4,5,545,Champions,3,United Kingdom,2010-12-01 16:57:00,2011-12-08 19:28:00,5.424655064061572,0.25775856277325004
12557,16,5,11990.96,4,3,5,435,Loyal Customers,3,Spain,2010-12-03 12:20:00,2011-11-23 16:59:00,2.114040753967693,0.559328561419126
12939,64,8,11581.8,3,4,5,345,Loyal Customers,3,United Kingdom,2011-01-09 11:20:00,2011-10-06 14:33:00,1.952144136468929,1.5520018411353345
15125,25,15,11528.48,4,4,5,445,Champions,3,United Kingdom,2011-03-14 09:59:00,2011-11-14 13:57:00,2.820602155188114,1.1895399720950488
14194,5,21,11349.52,5,4,5,545,Champions,3,United Kingdom,2011-02-04 14:51:00,2011-12-05 10:38:00,3.661478796140311,0.37609362719572687
12971,4,86,11189.91,5,4,5,545,Champions,3,United Kingdom,2010-12-02 16:42:00,2011-12-06 12:20:00,4.968472659379975,0.7812689688398649
14895,8,20,11138.71,5,4,5,545,Champions,3,United Kingdom,2011-02-22 13:08:00,2011-12-02 09:23:00,3.4556086261239187,0.6085098185345228
12409,79,3,11072.67,2,2,5,225,Hibernating,2,Switzerland,2011-06-10 12:19:00,2011-09-22 10:38:00,1.117733453350856,1.3570637035845987
17581,1,25,11025.24,5,4,5,545,Champions,3,United Kingdom,2010-12-02 14:47:00,2011-12-09 12:21:00,4.218563496552987,-0.2670113499430481
15482,16,12,10879.76,4,4,5,445,Champions,3,United Kingdom,2010-12-16 10:08:00,2011-11-24 10:46:00,2.7675630445700237,0.8196736206510556
13319,5,26,10845.55,5,4,5,545,Champions,3,United Kingdom,2010-12-09 10:04:00,2011-12-04 13:34:00,3.8252547761856093,0.4378906508821742
17107,33,6,10797.48,4,3,5,435,Loyal Customers,3,United Kingdom,2011-03-06 15:17:00,2011-11-06 14:14:00,1.9390386244270936,1.0195252000126573
13340,45,7,10736.48,3,4,5,345,Loyal Customers,3,United Kingdom,2011-03-08 11:39:00,2011-10-25 13:15:00,1.9417092058811152,1.2601670867243024
17139,16,12,10650.77,4,4,5,445,Champions,3,United Kingdom,2011-02-24 09:32:00,2011-11-24 10:12:00,2.7574777480580575,0.8119269891898171
16779,2,22,10611.72,5,4,5,545,Champions,3,United Kingdom,2010-12-08 09:56:00,2011-12-07 14:54:00,3.9346141727324304,-0.07079184170418623
17865,31,20,10526.32,4,4,5,445,Champions,3,United Kingdom,2010-12-10 14:53:00,2011-11-09 12:08:00,2.9442299309716646,1.392071681978057
17706,4,17,10504.49,5,4,5,545,Champions,3,United Kingdom,2010-12-08 11:02:00,2011-12-05 13:34:00,3.5128628710832825,0.1555760664754083
15251,9,11,10484.99,5,4,5,545,Champions,3,United Kingdom,2011-04-12 10:38:00,2011-11-30 15:02:00,2.8803115581199314,0.43921187295658065
14062,10,12,10464.85,5,4,5,545,Champions,3,United Kingdom,2010-12-10 15:56:00,2011-11-30 10:04:00,2.9154192138008694,0.529550149033271
14769,3,8,10416.98,5,4,5,545,Champions,3,United Kingdom,2010-12-17 11:40:00,2011-12-07 10:24:00,2.966935222184155,-0.2540716319042038
15615,10,23,10399.74,5,4,5,545,Champions,3,United Kingdom,2010-12-15 16:21:00,2011-11-29 14:42:00,3.4672344844647207,0.7618018619878945
15502,16,12,10384.93,4,4,5,445,Champions,3,United Kingdom,2010-12-05 15:40:00,2011-11-24 12:48:00,2.7454939072872055,0.8027220641951174
16180,100,8,10254.18,2,4,5,245,At Risk,2,United Kingdom,2011-04-01 10:23:00,2011-08-31 16:28:00,1.7260620269119051,1.7870608533498875
16843,43,16,10196.57,3,4,5,345,Loyal Customers,3,United Kingdom,2011-01-16 16:10:00,2011-10-28 09:06:00,2.6162862137181344,1.5015304720253282
12590,211,2,9864.26,1,1,5,115,Lost,2,Germany,2011-05-12 14:46:00,2011-05-12 14:52:00,0.4303523266077454,1.82274388951041
13199,4,38,9817.12,5,4,5,545,Champions,3,United Kingdom,2010-12-08 10:51:00,2011-12-06 12:30:00,4.180406896344668,0.42669138027765213
13001,4,13,9785.97,5,4,5,545,Champions,3,United Kingdom,2011-01-17 12:45:00,2011-12-05 14:51:00,3.2518662020795364,0.033640889972785346
15078,7,32,9743.11,5,4,5,545,Champions,3,United Kingdom,2010-12-06 12:38:00,2011-12-02 15:41:00,3.8461179582556944,0.6579862521039807
12709,15,15,9706.52,4,4,5,445,Champions,3,Germany,2010-12-08 09:49:00,2011-11-24 15:38:00,2.924507384893453,0.819113675641009
13458,7,14,9646.57,5,4,5,545,Champions,3,United Kingdom,2010-12-15 12:05:00,2011-12-02 15:29:00,3.12795255018912,0.3527593788825295
14733,16,12,9585.91,4,4,5,445,Champions,3,United Kingdom,2010-12-07 11:30:00,2011-11-23 15:39:00,2.70753615252935,0.7735662791513863
16523,2,21,9418.47,5,4,5,545,Champions,3,United Kingdom,2011-01-28 12:06:00,2011-12-08 09:06:00,3.837836861452238,-0.1312357896686219
12567,23,10,9401.28,4,4,5,445,Champions,3,France,2010-12-05 11:57:00,2011-11-17 11:02:00,2.4154264331209805,0.9211890846636397
14367,8,16,9227.82,5,4,5,545,Champions,3,United Kingdom,2011-03-08 14:12:00,2011-12-01 13:19:00,3.175174312889899,0.45914212728718934
14667,11,25,9175.04,5,4,5,545,Champions,3,United Kingdom,2010-12-06 13:13:00,2011-11-29 11:30:00,3.4470210464312188,0.8019514549986227
18092,2,11,9068.26,5,4,5,545,Champions,3,United Kingdom,2010-12-09 10:00:00,2011-12-07 13:14:00,3.271403366457535,-0.37689373636715223
12451,11,5,9035.52,5,3,5,535,Loyal Customers,3,Switzerland,2011-01-19 09:05:00,2011-11-29 08:40:00,2.1129250772172585,0.23546836758167702
13969,7,18,9024.17,5,4,5,545,Champions,3,United Kingdom,2010-12-09 19:32:00,2011-12-02 15:11:00,3.310230692151672,0.4188944342798765
13488,17,13,8968.31,4,4,5,445,Champions,3,United Kingdom,2010-12-07 13:01:00,2011-11-22 14:41:00,2.7211852025200054,0.8138964930863946
13090,9,14,8910.82,5,4,5,545,Champions,3,United Kingdom,2010-12-02 07:48:00,2011-12-01 12:39:00,3.005098544007089,0.46532663705824495
16033,6,20,8778.82,5,4,5,545,Champions,3,United Kingdom,2010-12-05 10:36:00,2011-12-04 12:44:00,3.438732623340433,0.3624899992551431
17017,3,20,8694.26,5,4,5,545,Champions,3,United Kingdom,2010-12-02 10:17:00,2011-12-07 09:32:00,3.6479159271229546,0.004204749825975269
17306,11,19,8631.31,5,4,5,545,Champions,3,United Kingdom,2010-12-21 13:34:00,2011-11-29 12:14:00,3.1806547414543656,0.6793450313148964
16656,22,15,8625.8,4,4,5,445,Champions,3,United Kingdom,2010-12-10 11:23:00,2011-11-17 14:43:00,2.7299149552381943,1.006186476520159
17243,1,26,8540.05,5,4,5,545,Champions,3,United Kingdom,2010-12-05 10:03:00,2011-12-08 13:26:00,4.131616791255369,-0.3455904987838447
14527,3,55,8507.13,5,4,5,545,Champions,3,United Kingdom,2010-12-05 13:17:00,2011-12-07 12:19:00,4.525114346789197,0.37146773332643424
12683,4,15,8476.57,5,4,5,545,Champions,3,France,2010-12-09 10:37:00,2011-12-05 16:31:00,3.3045915029520456,0.032409329461094816
18139,18,6,8438.34,4,3,5,435,Loyal Customers,3,United Kingdom,2011-11-21 14:06:00,2011-11-22 10:44:00,2.0444515418452736,0.5608474220350284
15358,5,22,8347.2,5,4,5,545,Champions,3,United Kingdom,2010-12-09 10:04:00,2011-12-05 09:04:00,3.5560325220934295,0.28120732914900537
16558,1,20,8338.49,5,4,5,545,Champions,3,United Kingdom,2010-12-08 12:01:00,2011-12-09 10:20:00,3.8928884496783653,-0.4504211186055125
14056,1,23,8152.71,5,4,5,545,Champions,3,United Kingdom,2011-02-28 15:19:00,2011-12-08 13:36:00,4.003033529734689,-0.4075478907855018
14936,34,8,8137.02,3,4,5,345,Loyal Customers,3,Channel Islands,2011-03-09 11:53:00,2011-11-06 10:30:00,2.0212511361389316,1.0310158998865682
16672,2,20,8134.94,5,4,5,545,Champions,3,United Kingdom,2011-03-18 10:15:00,2011-12-07 16:29:00,3.726284834788314,-0.20238200669184878
13854,9,25,8109.52,5,4,5,545,Champions,3,United Kingdom,2010-12-09 10:48:00,2011-12-01 09:06:00,3.4581407161215565,0.6414161723498081
14952,60,11,8099.49,3,4,5,345,Loyal Customers,3,United Kingdom,2010-12-10 12:48:00,2011-10-11 10:33:00,2.067161947169318,1.4915442387823346
18109,2,26,8004.92,5,4,5,545,Champions,3,United Kingdom,2010-12-05 10:58:00,2011-12-08 11:36:00,3.9460507929123287,-0.1121166102191134
14796,1,17,7975.49,5,4,5,545,Champions,3,United Kingdom,2010-12-08 10:40:00,2011-12-08 15:31:00,3.732301890866345,-0.5255952008792607
12428,26,9,7956.46,4,4,5,445,Champions,3,Finland,2011-03-01 09:33:00,2011-11-14 08:22:00,2.2050818568441533,0.8986332464969884
15290,5,18,7943.22,5,4,5,545,Champions,3,United Kingdom,2010-12-15 16:03:00,2011-12-05 11:39:00,3.3596353547475672,0.19005991024823543
14849,22,25,7930.54,4,4,5,445,Champions,3,United Kingdom,2010-12-01 12:22:00,2011-11-18 10:58:00,3.1293904231538594,1.1613000235681497
12757,16,13,7834.65,4,4,5,445,Champions,3,Portugal,2011-05-12 19:01:00,2011-11-24 12:30:00,2.678949372113555,0.7284486473225116
13093,276,8,7832.47,1,4,5,145,At Risk,2,United Kingdom,2010-12-01 15:00:00,2011-03-09 12:14:00,1.212938617077734,2.3285284689955965
12435,80,2,7829.89,2,1,5,215,Hibernating,2,Denmark,2011-03-17 07:40:00,2011-09-21 09:06:00,0.688383723086142,1.1287000856867124
13629,23,11,7792.36,4,4,5,445,Champions,3,United Kingdom,2011-01-05 12:09:00,2011-11-16 13:21:00,2.4051700561306233,0.8861187468910708
17811,4,39,7761.82,5,4,5,545,Champions,3,United Kingdom,2011-01-10 10:58:00,2011-12-05 13:46:00,4.091944443602117,0.35083018334653526
15044,19,17,7634.73,4,4,5,445,Champions,3,United Kingdom,2010-12-12 14:27:00,2011-11-20 13:20:00,2.83201739091114,0.9181949983974946
15194,3,15,7616.53,5,4,5,545,Champions,3,United Kingdom,2010-12-06 15:00:00,2011-12-06 15:10:00,3.3391106762556024,-0.14800892295040924
18172,15,20,7561.68,4,4,5,445,Champions,3,United Kingdom,2011-02-23 10:44:00,2011-11-25 11:12:00,3.0521846918690247,0.8322009055808632
13263,1,35,7436.93,5,4,5,545,Champions,3,United Kingdom,2011-01-18 16:31:00,2011-12-08 13:59:00,4.326357443757966,-0.2859127334082792
12980,158,9,7374.9,2,4,5,245,At Risk,2,United Kingdom,2010-12-16 11:36:00,2011-07-05 09:34:00,1.4917890975598773,1.9950041002732704
15465,20,18,7354.62,4,4,5,445,Champions,3,United Kingdom,2010-12-05 10:12:00,2011-11-20 10:11:00,2.8445819205222374,0.9561948798206422
17396,39,8,7330.8,3,4,5,345,Loyal Customers,3,United Kingdom,2010-12-03 09:45:00,2011-10-31 14:12:00,1.920775726643293,1.0776703168455495
12474,17,18,7324.09,4,4,5,445,Champions,3,Germany,2011-01-14 10:06:00,2011-11-22 14:39:00,2.901495061996633,0.8569584309729491
12583,3,15,7281.38,5,4,5,545,Champions,3,France,2010-12-01 08:45:00,2011-12-07 08:07:00,3.31777631321459,-0.1643960909174491
13018,16,28,7277.7,4,4,5,445,Champions,3,United Kingdom,2011-02-17 11:05:00,2011-11-23 13:28:00,3.302943723491403,0.9801609095319317
18229,12,20,7276.9,5,4,5,545,Champions,3,United Kingdom,2010-12-01 16:25:00,2011-11-28 09:48:00,3.1133028757367653,0.6865915096874132
16729,38,21,7205.33,3,4,5,345,Loyal Customers,3,United Kingdom,2011-04-12 14:22:00,2011-11-01 14:29:00,2.7310434537923585,1.3972368251282574
16745,87,17,7180.7,2,4,5,245,At Risk,3,United Kingdom,2011-02-01 11:31:00,2011-09-14 11:58:00,2.236980530891822,1.8351106851935834
16873,5,6,7123.62,5,3,5,535,Loyal Customers,3,United Kingdom,2010-12-10 15:45:00,2011-12-05 12:05:00,2.4044756520366497,-0.23155465484323334
13324,36,10,7121.95,3,4,5,345,Loyal Customers,3,United Kingdom,2010-12-14 09:50:00,2011-11-03 16:28:00,2.118433293004152,1.0944830314350256
16923,12,19,7069.08,5,4,5,545,Champions,3,United Kingdom,2010-12-12 11:06:00,2011-11-27 13:00:00,3.055418007672479,0.6573771040813269
13985,4,15,7060.13,5,4,5,545,Champions,3,United Kingdom,2011-03-20 13:48:00,2011-12-05 17:06:00,3.217906973170868,-0.03417404811325729
14961,11,9,7044.68,5,4,5,545,Champions,3,United Kingdom,2010-12-14 11:38:00,2011-11-29 09:42:00,2.4571531288451927,0.3402335666348031
12766,4,7,6989.63,5,4,5,545,Champions,3,Portugal,2010-12-08 13:53:00,2011-12-06 08:46:00,2.585947284954797,-0.3029711149286444
12798,10,3,6977.04,5,2,5,525,Potential Loyalists,3,Japan,2011-06-22 10:11:00,2011-11-29 15:52:00,1.656701617549813,-0.06893870346953256
12989,3,15,6924.11,5,4,5,545,Champions,3,United Kingdom,2010-12-10 13:24:00,2011-12-06 15:28:00,3.2939244889805424,-0.18271694958533002
13027,114,6,6912.0,2,3,5,235,At Risk,2,United Kingdom,2010-12-20 12:45:00,2011-08-18 09:39:00,1.2620725266140909,1.6295857411398036
16187,32,15,6911.44,4,4,5,445,Champions,3,United Kingdom,2011-02-28 13:34:00,2011-11-08 09:50:00,2.4869589637955523,1.1543559839916628
16713,19,15,6910.78,4,4,5,445,Champions,3,United Kingdom,2010-12-08 13:01:00,2011-11-21 12:36:00,2.6782088490848412,0.8368617804295687
17416,30,7,6893.42,4,4,5,445,Champions,3,United Kingdom,2011-03-03 13:45:00,2011-11-10 12:47:00,1.8824021130999362,0.8486289141454784
12705,15,9,6868.29,4,4,5,445,Champions,3,Germany,2010-12-17 15:58:00,2011-11-24 13:17:00,2.3352374543391683,0.5133715540814487
12476,16,11,6816.42,4,4,5,445,Champions,3,Germany,2010-12-13 14:39:00,2011-11-24 12:40:00,2.473460692534223,0.618784733143506
12830,38,6,6814.64,3,3,5,335,Loyal Customers,3,United Kingdom,2011-06-21 10:53:00,2011-11-02 11:54:00,1.6684285987244518,0.9389004085117981
15601,11,14,6776.56,5,4,5,545,Champions,3,United Kingdom,2010-12-02 10:39:00,2011-11-28 15:15:00,2.8056466168849328,0.48120176134122744
16652,59,7,6773.97,3,4,5,345,Loyal Customers,2,United Kingdom,2011-03-11 13:13:00,2011-10-12 09:38:00,1.62185989119974,1.260887780726307
18055,7,10,6761.34,5,4,5,545,Champions,3,United Kingdom,2010-12-05 10:52:00,2011-12-02 14:25:00,2.67882041311049,0.10470369640281753
16532,18,3,6748.8,4,2,5,425,Potential Loyalists,2,United Kingdom,2011-01-05 12:37:00,2011-11-22 11:08:00,1.432154875218777,0.26542328030046103
15023,3,11,6720.41,5,4,5,545,Champions,3,United Kingdom,2010-12-05 13:49:00,2011-12-06 17:23:00,3.019455836153875,-0.3036347027906311
13576,10,18,6717.34,5,4,5,545,Champions,3,United Kingdom,2010-12-01 17:24:00,2011-11-29 15:34:00,3.048622547665768,0.5132692272437857
15249,32,13,6688.46,4,4,5,445,Champions,3,United Kingdom,2011-03-28 12:49:00,2011-11-08 11:45:00,2.350584281715004,1.0913354992203534
16746,5,18,6680.11,5,4,5,545,Champions,3,United Kingdom,2010-12-16 11:43:00,2011-12-05 12:33:00,3.2775303511556215,0.12699411905450955
16353,4,23,6675.71,5,4,5,545,Champions,3,United Kingdom,2010-12-05 12:09:00,2011-12-06 12:23:00,3.5582534083913897,0.1005363022540496
12626,23,9,6620.48,4,4,5,445,Champions,3,Germany,2011-01-17 11:01:00,2011-11-16 16:06:00,2.1629292436920435,0.7570289008270816
16182,72,4,6617.65,3,3,5,335,Loyal Customers,2,United Kingdom,2011-02-18 10:11:00,2011-09-28 13:23:00,1.1105880112767246,1.1969245583876265
15144,8,17,6580.44,5,4,5,545,Champions,3,United Kingdom,2011-01-31 13:17:00,2011-12-01 15:12:00,3.066593341857243,0.357877022760573
12472,32,7,6572.11,4,4,5,445,Champions,3,Germany,2010-12-05 14:19:00,2011-11-07 14:01:00,1.835890243168846,0.8708810510877162
17338,17,8,6493.54,4,4,5,445,Champions,3,United Kingdom,2010-12-13 12:57:00,2011-11-22 14:23:00,2.1683083348073255,0.5273044976293939
18223,5,14,6484.54,5,4,5,545,Champions,3,United Kingdom,2010-12-16 16:42:00,2011-12-05 09:11:00,3.0495446623521216,0.025750574783879935
15694,1,14,6479.4,5,4,5,545,Champions,3,United Kingdom,2010-12-02 07:49:00,2011-12-09 09:44:00,3.468836429896351,-0.6709879419421325
13225,3,7,6463.84,5,4,5,545,Champions,3,United Kingdom,2010-12-13 09:49:00,2011-12-06 13:29:00,2.634112306402716,-0.4729078354957478
13102,1,24,6424.09,5,4,5,545,Champions,3,United Kingdom,2010-12-09 13:38:00,2011-12-08 12:52:00,3.9269983170094944,-0.478708862318208
12431,36,15,6419.95,3,4,5,345,Loyal Customers,3,Australia,2010-12-01 10:03:00,2011-11-04 11:55:00,2.4082823338615214,1.2000223389445923
16814,14,21,6416.7,4,4,5,445,Champions,3,United Kingdom,2010-12-05 11:45:00,2011-11-25 13:27:00,3.0410922842128323,0.7492925455703359
13871,23,13,6403.25,4,4,5,445,Champions,3,United Kingdom,2011-02-04 09:30:00,2011-11-17 10:49:00,2.45157338697106,0.8735873873762761
12359,58,4,6310.03,3,3,5,335,Loyal Customers,2,Cyprus,2011-01-12 12:43:00,2011-10-13 12:47:00,1.1693575284710267,1.0446122601540118
13668,3,21,6309.83,5,4,5,545,Champions,3,United Kingdom,2010-12-12 12:35:00,2011-12-07 12:11:00,3.538038074010671,-0.09473185333336731
13709,4,13,6307.65,5,4,5,545,Champions,3,United Kingdom,2011-01-28 14:57:00,2011-12-06 10:28:00,3.0436501759506105,-0.12629221827352308
15005,16,28,6295.37,4,4,5,445,Champions,3,United Kingdom,2010-12-08 14:36:00,2011-11-24 12:25:00,3.2342011256917966,0.9273589348740859
16126,29,4,6287.77,4,3,5,435,Loyal Customers,2,United Kingdom,2011-02-16 11:18:00,2011-11-10 16:03:00,1.4260427034910126,0.6145691441188259
17315,2,38,6281.23,5,4,5,545,Champions,3,United Kingdom,2010-12-17 12:24:00,2011-12-08 12:15:00,4.163828604939008,-0.05975822824469217
14057,24,17,6211.66,4,4,5,445,Champions,3,United Kingdom,2010-12-14 12:11:00,2011-11-16 10:32:00,2.6489827000827035,0.9845367852162124
12357,33,1,6207.67,4,1,5,415,Recent Customers,2,Switzerland,2011-11-06 16:07:00,2011-11-06 16:07:00,0.5430368270037118,0.33874658353708
14060,5,19,6140.42,5,4,5,545,Champions,3,United Kingdom,2010-12-02 12:11:00,2011-12-05 12:29:00,3.2840064019364394,0.11593856090474187
13418,12,18,6127.43,5,4,5,545,Champions,3,United Kingdom,2010-12-02 10:45:00,2011-11-28 10:23:00,2.9412321394731373,0.5856995210380125
15939,90,15,6115.01,2,4,5,245,At Risk,3,United Kingdom,2011-01-12 12:43:00,2011-09-11 11:30:00,2.041435854233376,1.7528068316127454
17509,58,8,6083.64,3,4,5,345,Loyal Customers,2,United Kingdom,2011-10-07 13:14:00,2011-10-13 10:26:00,1.6839011924500213,1.2561474026579074
14735,4,32,6065.69,5,4,5,545,Champions,3,United Kingdom,2010-12-16 16:05:00,2011-12-06 12:09:00,3.8009798663110907,0.18745593032650737
13097,33,10,6003.22,4,4,5,445,Champions,3,United Kingdom,2010-12-14 15:13:00,2011-11-07 10:43:00,2.0697201072716402,0.9786513363482322
12637,67,8,6002.9,3,4,5,345,Loyal Customers,2,France,2011-01-20 10:47:00,2011-10-03 13:46:00,1.6233349217346238,1.3412822944953229
14101,74,6,5976.79,2,3,5,235,At Risk,2,United Kingdom,2011-01-17 13:09:00,2011-09-27 12:28:00,1.3564354662526126,1.3056755380056912
15382,15,6,5955.71,4,3,5,435,Loyal Customers,3,United Kingdom,2011-02-17 12:01:00,2011-11-25 10:58:00,1.9449089372393964,0.32502177283966494
14944,30,12,5900.25,4,4,5,445,Champions,3,United Kingdom,2011-02-16 12:47:00,2011-11-10 09:10:00,2.247965133756326,0.9776939230513737
13209,30,8,5891.61,4,4,5,445,Champions,3,United Kingdom,2010-12-13 10:31:00,2011-11-09 13:54:00,1.9145306224144096,0.8364983091170022
13534,2,25,5870.08,5,4,5,545,Champions,3,United Kingdom,2010-12-16 15:23:00,2011-12-07 14:52:00,3.7648451754564713,-0.2395083237502442
14505,17,8,5859.43,4,4,5,445,Champions,3,United Kingdom,2010-12-12 16:14:00,2011-11-22 15:45:00,2.1195941407400913,0.4898865686748642
14415,1,13,5855.57,5,4,5,545,Champions,3,United Kingdom,2010-12-14 13:31:00,2011-12-08 14:38:00,3.358414336349848,-0.7342431561645928
13050,15,17,5836.86,4,4,5,445,Champions,3,United Kingdom,2010-12-08 09:30:00,2011-11-25 09:18:00,2.789959221409542,0.6789568141883866
12720,3,25,5781.73,5,4,5,545,Champions,3,Germany,2010-12-05 15:21:00,2011-12-07 08:03:00,3.6477617133141838,-0.06265865878574907
15218,11,11,5756.89,5,4,5,545,Champions,3,United Kingdom,2011-01-25 11:20:00,2011-11-29 11:48:00,2.5264235325035003,0.33646286576983314
17686,7,7,5739.46,5,4,5,545,Champions,3,United Kingdom,2011-02-10 10:18:00,2011-12-02 15:39:00,2.312983334782889,-0.07677860557148093
13316,37,4,5732.93,3,3,5,335,Loyal Customers,2,United Kingdom,2011-03-30 13:01:00,2011-11-02 13:40:00,1.2919475954319948,0.730784983223878
13178,26,11,5725.47,4,4,5,445,Champions,3,United Kingdom,2010-12-14 12:22:00,2011-11-13 16:14:00,2.2140553236282576,0.8485477796108302
16553,163,12,5719.82,2,4,5,245,At Risk,2,United Kingdom,2010-12-14 13:58:00,2011-06-29 15:42:00,1.5968790996098203,2.0224452636281316
13468,2,37,5704.97,5,4,5,545,Champions,3,United Kingdom,2010-12-01 15:08:00,2011-12-08 10:39:00,4.094704938608918,-0.10473519567949885
14110,4,12,5683.15,5,4,5,545,Champions,3,United Kingdom,2011-03-18 09:59:00,2011-12-06 12:26:00,2.9271667394593988,-0.19260467727510944
17716,23,11,5655.99,4,4,5,445,Champions,3,United Kingdom,2011-03-17 10:38:00,2011-11-17 12:00:00,2.2532600316007767,0.7694349216902778
13004,12,18,5655.91,5,4,5,545,Champions,3,United Kingdom,2010-12-17 08:20:00,2011-11-28 11:27:00,2.9032708694547233,0.5565410358824893
17049,3,9,5655.03,5,4,5,545,Champions,3,United Kingdom,2011-03-09 08:33:00,2011-12-07 10:48:00,2.7726524418930585,-0.43622912007339165
18118,11,26,5625.08,5,4,5,545,Champions,3,United Kingdom,2010-12-05 12:13:00,2011-11-29 11:32:00,3.2492220470567235,0.6382253927450653
17757,1,30,5593.39,5,4,5,545,Champions,3,United Kingdom,2010-12-02 17:17:00,2011-12-08 15:31:00,4.055999107592242,-0.44684725837425293
12839,3,14,5591.42,5,4,5,545,Champions,3,United Kingdom,2010-12-07 15:48:00,2011-12-07 12:33:00,3.1341792261382837,-0.2852499016643664
12481,23,10,5579.82,4,4,5,445,Champions,3,Germany,2010-12-09 10:13:00,2011-11-17 08:29:00,2.1680990729005383,0.7312141139093855
14688,8,21,5579.1,5,4,5,545,Champions,3,United Kingdom,2010-12-01 09:37:00,2011-12-02 12:26:00,3.1699145271712243,0.3745267484906236
14049,17,4,5578.72,4,3,5,435,Loyal Customers,3,United Kingdom,2011-01-26 11:27:00,2011-11-23 12:20:00,1.5644553085327468,0.24716981371179292
16767,31,11,5575.56,4,4,5,445,Champions,3,United Kingdom,2011-01-27 13:38:00,2011-11-09 09:42:00,2.136576218092918,0.946591561336304
12539,22,4,5568.35,4,3,5,435,Loyal Customers,2,Spain,2011-01-10 09:11:00,2011-11-17 13:30:00,1.4699369734316559,0.4018842278513035
16161,2,19,5533.67,5,4,5,545,Champions,3,United Kingdom,2010-12-06 10:03:00,2011-12-08 12:10:00,3.4994636628040867,-0.3613583171996719
18225,3,12,5504.96,5,4,5,545,Champions,3,United Kingdom,2010-12-09 15:46:00,2011-12-06 13:27:00,2.997305058756102,-0.3456634567503869
16609,15,7,5493.46,4,4,5,445,Champions,3,United Kingdom,2011-04-01 10:11:00,2011-11-24 13:32:00,2.027434940419157,0.34668047220148906
15805,23,17,5488.18,4,4,5,445,Champions,3,United Kingdom,2010-12-10 09:33:00,2011-11-16 16:32:00,2.605871295675565,0.9135660272090508
16985,17,10,5464.12,4,4,5,445,Champions,3,United Kingdom,2010-12-16 10:38:00,2011-11-22 13:33:00,2.2680596619025413,0.5412121744809769
16265,9,9,5447.0,5,4,5,545,Champions,3,United Kingdom,2010-12-10 10:21:00,2011-11-30 16:41:00,2.4048628663077225,0.13099239067208146
18198,4,17,5425.56,5,4,5,545,Champions,3,United Kingdom,2011-01-07 13:39:00,2011-12-05 14:49:00,3.1996392357194923,-0.08501458598916704
12490,5,10,5417.93,5,4,5,545,Champions,3,France,2011-01-14 09:13:00,2011-12-04 16:07:00,2.683702871751256,-0.15832884109062548
17809,16,12,5411.91,4,4,5,445,Champions,3,United Kingdom,2010-12-01 09:41:00,2011-11-23 12:59:00,2.4365032470502066,0.565382808281247
16701,9,13,5398.3,5,4,5,545,Champions,3,United Kingdom,2010-12-13 11:51:00,2011-12-01 11:10:00,2.705065890411323,0.2564293856266749
17719,38,15,5396.04,3,4,5,345,Loyal Customers,3,United Kingdom,2011-03-29 11:29:00,2011-11-02 10:36:00,2.305804397590287,1.1701271853641197
17850,372,34,5391.21,1,4,5,145,At Risk,3,United Kingdom,2010-12-01 08:26:00,2010-12-02 15:27:00,2.151110329097654,2.9006598833828607
16303,26,3,5360.63,4,2,5,425,Potential Loyalists,2,United Kingdom,2011-01-10 14:16:00,2011-11-14 10:49:00,1.1887497127782733,0.4043308507009444
13269,1,15,5343.28,5,4,5,545,Champions,3,United Kingdom,2010-12-05 11:51:00,2011-12-08 14:53:00,3.435838769693719,-0.716503030872011
17730,3,13,5298.48,5,4,5,545,Champions,3,United Kingdom,2011-01-17 14:49:00,2011-12-06 15:43:00,3.0462390865955165,-0.3312364701916987
15150,17,10,5291.33,4,4,5,445,Champions,3,United Kingdom,2011-03-15 14:21:00,2011-11-22 12:52:00,2.2528262402271366,0.5295112092715765
17061,74,11,5232.23,2,4,5,245,At Risk,3,United Kingdom,2011-04-21 13:29:00,2011-09-27 11:24:00,1.7810791086169846,1.463405069733166
18226,44,11,5228.05,3,4,5,345,Loyal Customers,3,United Kingdom,2011-01-06 09:00:00,2011-10-26 13:36:00,1.9758345974409712,1.1392833519978711
12362,3,10,5226.23,5,4,5,545,Champions,3,Belgium,2011-02-17 10:30:00,2011-12-06 15:40:00,2.8215121303765898,-0.4284852269864385
16258,45,5,5203.51,3,3,5,335,Loyal Customers,2,United Kingdom,2011-05-04 14:33:00,2011-10-25 13:30:00,1.3380064280101285,0.8863608410333752
13756,2,14,5189.52,5,4,5,545,Champions,3,United Kingdom,2010-12-07 11:41:00,2011-12-07 16:44:00,3.208711523513345,-0.49478360237407126
16191,3,13,5180.52,5,4,5,545,Champions,3,United Kingdom,2010-12-14 12:38:00,2011-12-07 11:26:00,3.0355657249977286,-0.3394348011631775
15727,17,7,5159.06,4,4,5,445,Champions,3,United Kingdom,2010-12-15 15:47:00,2011-11-23 12:36:00,1.9526688306176436,0.398478211137947
13599,1,21,5149.92,5,4,5,545,Champions,3,United Kingdom,2010-12-08 10:11:00,2011-12-08 16:10:00,3.706521775593151,-0.6081096589318893
17858,6,12,5140.66,5,4,5,545,Champions,3,United Kingdom,2010-12-05 13:08:00,2011-12-04 11:56:00,2.7510745520298787,-0.015834587114718912
15903,10,7,5126.76,5,4,5,545,Champions,3,United Kingdom,2011-02-17 14:04:00,2011-11-30 08:08:00,2.137816503773772,0.08399274774497213
13941,22,5,5112.96,4,3,5,435,Loyal Customers,3,United Kingdom,2010-12-02 10:17:00,2011-11-18 09:43:00,1.594465124297597,0.44055763385894026
15046,9,15,5090.42,5,4,5,545,Champions,3,United Kingdom,2011-01-05 15:30:00,2011-11-30 15:50:00,2.798054353099679,0.286124419656008
16700,9,13,5076.55,5,4,5,545,Champions,3,United Kingdom,2010-12-08 16:34:00,2011-12-01 11:00:00,2.675933557731098,0.23405250809886635
13139,16,7,5064.94,4,4,5,445,Champions,3,United Kingdom,2011-03-25 11:57:00,2011-11-23 13:54:00,1.9657747381872035,0.35553898651533783
12432,43,5,5059.32,3,3,5,335,Loyal Customers,2,Norway,2011-06-20 13:27:00,2011-10-28 11:43:00,1.3416651161988906,0.8479486494334805
17602,2,6,5054.42,5,3,5,535,Loyal Customers,3,United Kingdom,2011-01-19 16:18:00,2011-12-07 13:53:00,2.506575872846767,-0.7959223703613647
15301,51,12,5049.95,3,4,5,345,Loyal Customers,3,United Kingdom,2010-12-06 12:21:00,2011-10-20 09:57:00,1.9766013351958505,1.2489356278575672
17426,8,6,5037.26,5,3,5,535,Loyal Customers,3,United Kingdom,2011-03-02 16:34:00,2011-12-01 18:07:00,2.085295972360322,-0.10071096125990467
15719,33,13,5030.07,4,4,5,445,Champions,3,United Kingdom,2011-01-06 12:31:00,2011-11-07 12:29:00,2.2040933686886826,1.00649838800114
14755,10,11,5010.28,5,4,5,545,Champions,3,United Kingdom,2011-01-09 14:02:00,2011-11-30 11:24:00,2.4938111150732714,0.23072264091705236
14562,4,18,5006.77,5,4,5,545,Champions,3,United Kingdom,2011-02-08 14:45:00,2011-12-06 11:05:00,3.210480886860897,-0.09358376838118215
12444,21,5,5005.46,4,3,5,435,Loyal Customers,3,Norway,2011-06-21 14:00:00,2011-11-18 13:23:00,1.601372185044765,0.4046405543292676
14329,17,7,4975.24,4,4,5,445,Champions,3,United Kingdom,2011-01-14 13:42:00,2011-11-22 15:50:00,1.9354694913227515,0.3852672021471609
15032,256,3,4959.1,1,2,5,125,Lost,2,United Kingdom,2010-12-08 12:57:00,2011-03-28 15:03:00,0.29110755194593896,1.8043896204325018
12437,2,18,4951.41,5,4,5,545,Champions,3,France,2011-01-12 14:13:00,2011-12-08 11:35:00,3.4003443618183233,-0.4214630978517937
12700,8,4,4939.99,5,3,5,535,Loyal Customers,3,France,2011-05-08 16:10:00,2011-12-02 10:47:00,1.7715916903351205,-0.23651842665705483
14709,15,13,4921.04,4,4,5,445,Champions,3,United Kingdom,2010-12-16 13:43:00,2011-11-24 15:41:00,2.481644130089212,0.5206758169576474
15786,46,3,4919.0,3,2,5,325,Need Attention,2,United Kingdom,2011-08-17 13:33:00,2011-10-24 14:13:00,0.9362459427055926,0.7244214994241049
15547,7,14,4910.6,5,4,5,545,Champions,3,United Kingdom,2010-12-12 13:26:00,2011-12-02 12:52:00,2.807847137737303,0.1068827548219693
17133,16,7,4892.24,4,4,5,445,Champions,3,United Kingdom,2011-03-18 13:47:00,2011-11-24 12:27:00,1.9493286303073545,0.34290654317906116
12664,8,9,4881.88,5,4,5,545,Champions,3,Finland,2011-01-21 11:42:00,2011-12-01 17:07:00,2.3931840048710313,0.024315342001867076
12688,114,1,4873.81,2,1,5,215,Hibernating,2,Israel,2011-08-18 08:49:00,2011-08-18 08:49:00,-0.03713699782255743,1.0231543752615853
14292,8,9,4871.93,5,4,5,545,Champions,3,United Kingdom,2011-03-02 08:26:00,2011-12-02 11:50:00,2.392216817226754,0.023572434123532403
17652,25,12,4867.72,4,4,5,445,Champions,3,United Kingdom,2011-03-03 14:05:00,2011-11-14 12:55:00,2.223959197168434,0.7961419658815742
15738,19,16,4812.42,4,4,5,445,Champions,3,United Kingdom,2010-12-02 12:50:00,2011-11-21 08:26:00,2.561507044758769,0.7282757316065666
13013,1,13,4810.94,5,4,5,545,Champions,3,United Kingdom,2010-12-03 12:28:00,2011-12-08 15:01:00,3.2652599435369747,-0.8057961094427206
15298,2,12,4799.9,5,4,5,545,Champions,3,United Kingdom,2010-12-08 13:55:00,2011-12-07 17:17:00,3.0422265705085394,-0.577941540158612
15555,12,16,4794.86,5,4,5,545,Champions,3,United Kingdom,2010-12-05 14:45:00,2011-11-27 16:19:00,2.7243323125149113,0.453855884949675
15187,2,16,4777.18,5,4,5,545,Champions,3,United Kingdom,2011-05-11 13:49:00,2011-12-08 11:56:00,3.2827189337149774,-0.47705293410863475
17365,13,8,4767.36,5,4,5,545,Champions,3,United Kingdom,2011-01-11 12:11:00,2011-11-27 12:13:00,2.1178151305506705,0.2554629218689963
12955,1,11,4757.16,5,4,5,545,Champions,3,United Kingdom,2011-03-17 09:03:00,2011-12-08 16:29:00,3.1204458412869482,-0.8688551876529602
14180,11,25,4748.52,5,4,5,545,Champions,3,United Kingdom,2010-12-02 13:08:00,2011-11-29 10:56:00,3.1347648701341724,0.5621039188950789
15152,10,13,4745.69,5,4,5,545,Champions,3,United Kingdom,2011-06-05 15:36:00,2011-11-30 12:32:00,2.6075760278091518,0.2699324819679422
16722,17,13,4730.81,4,4,5,445,Champions,3,United Kingdom,2010-12-06 12:59:00,2011-11-22 13:28:00,2.4179622689538354,0.5809874939165922
17690,30,15,4726.8,4,4,5,445,Champions,3,United Kingdom,2010-12-01 16:15:00,2011-11-09 15:17:00,2.3307276003093422,0.9763744534039128
12714,9,5,4708.86,5,3,5,535,Loyal Customers,3,France,2011-02-18 10:53:00,2011-11-30 15:43:00,1.8736042176947567,-0.11743314648805087
14135,2,15,4690.31,5,4,5,545,Champions,3,United Kingdom,2010-12-02 10:27:00,2011-12-08 11:38:00,3.219162341279325,-0.506925419038208
14191,2,13,4684.76,5,4,5,545,Champions,3,United Kingdom,2011-05-03 10:30:00,2011-12-08 09:23:00,3.097773722456132,-0.5584349374267448
15291,26,15,4668.3,4,4,5,445,Champions,3,United Kingdom,2010-12-01 09:32:00,2011-11-14 11:02:00,2.377597132680397,0.8842613569289787
14189,2,15,4654.08,5,4,5,545,Champions,3,United Kingdom,2010-12-06 11:42:00,2011-12-07 15:55:00,3.215486324776796,-0.5097490093071441
14390,10,9,4642.57,5,4,5,545,Champions,3,United Kingdom,2010-12-02 11:57:00,2011-11-29 13:49:00,2.2927010568102526,0.13322579699661177
14159,20,11,4630.35,4,4,5,445,Champions,3,United Kingdom,2010-12-12 11:17:00,2011-11-20 12:36:00,2.2094169973831166,0.6119278594788796
14286,24,3,4628.75,4,2,5,425,Potential Loyalists,2,United Kingdom,2011-04-11 08:16:00,2011-11-16 10:34:00,1.1485591592097937,0.30208998120559016
13802,139,3,4599.42,2,2,5,225,Hibernating,2,United Kingdom,2011-02-01 12:03:00,2011-07-24 10:54:00,0.48745237425397053,1.3918989413420866
15093,18,6,4597.02,4,3,5,435,Loyal Customers,3,United Kingdom,2010-12-02 18:25:00,2011-11-21 13:09:00,1.7565071457208252,0.33967404201011897
14004,43,7,4582.64,3,4,5,345,Loyal Customers,2,United Kingdom,2011-02-24 09:28:00,2011-10-27 14:40:00,1.5550662017926358,0.9219597066356878
16931,5,21,4554.87,5,4,5,545,Champions,3,United Kingdom,2010-12-05 11:40:00,2011-12-04 13:15:00,3.2286472947130673,0.04363080645534546
17068,12,21,4552.14,5,4,5,545,Champions,3,United Kingdom,2010-12-06 13:58:00,2011-11-27 13:14:00,2.933006089672234,0.5335653196896981
17613,23,14,4544.55,4,4,5,445,Champions,3,United Kingdom,2011-02-07 11:20:00,2011-11-17 10:51:00,2.3514556050369153,0.7751245181186444
12484,33,6,4527.32,4,3,5,435,Loyal Customers,2,Spain,2011-01-07 14:04:00,2011-11-07 11:37:00,1.5269716622320002,0.7030118590622894
13267,3,19,4521.49,5,4,5,545,Champions,3,United Kingdom,2010-12-08 09:20:00,2011-12-07 11:12:00,3.293804858892339,-0.25254438409760904
15299,67,7,4507.01,3,4,5,345,Loyal Customers,2,United Kingdom,2010-12-02 16:48:00,2011-10-03 14:19:00,1.3808867442577593,1.19186395980042
12524,9,8,4485.72,5,4,5,545,Champions,3,Germany,2011-01-10 10:35:00,2011-11-30 15:31:00,2.217480021783671,0.019988152425167768
17975,15,13,4483.26,4,4,5,445,Champions,3,United Kingdom,2010-12-08 11:38:00,2011-11-24 13:27:00,2.4374767336015,0.4867503351647475
14426,24,10,4481.67,4,4,5,445,Champions,3,United Kingdom,2011-01-31 09:51:00,2011-11-16 12:25:00,2.048609671552467,0.6772893355293393
12627,11,7,4478.53,5,4,5,545,Champions,3,Germany,2011-07-22 13:59:00,2011-11-29 12:07:00,2.040495834873634,0.08992988468374061
17364,1,11,4462.68,5,4,5,545,Champions,3,United Kingdom,2011-01-12 16:57:00,2011-12-09 09:00:00,3.09015322756468,-0.8921232903037492
16984,88,2,4459.52,2,1,5,215,Hibernating,2,United Kingdom,2011-08-01 17:37:00,2011-09-12 13:43:00,0.38554451724226824,0.9834306210208634
13069,1,24,4431.44,5,4,5,545,Champions,3,United Kingdom,2010-12-05 11:02:00,2011-12-09 08:39:00,3.7509631270131325,-0.6139235027100813
14085,2,18,4421.29,5,4,5,545,Champions,3,United Kingdom,2010-12-06 12:39:00,2011-12-07 13:46:00,3.346662050609601,-0.46269709433648537
15955,24,14,4416.26,4,4,5,445,Champions,3,United Kingdom,2010-12-02 11:22:00,2011-11-15 14:15:00,2.322287019711489,0.7905761903145024
16626,1,17,4413.1,5,4,5,545,Champions,3,United Kingdom,2011-03-18 12:27:00,2011-12-09 11:56:00,3.4517466534818246,-0.7410928836652343
15874,64,7,4405.88,3,4,5,345,Loyal Customers,2,United Kingdom,2011-02-28 13:28:00,2011-10-07 12:31:00,1.3873646121006364,1.1549971167086204
14534,3,18,4397.3,5,4,5,545,Champions,3,United Kingdom,2011-01-25 12:33:00,2011-12-07 12:19:00,3.2341888764274853,-0.28230621452369475
12712,29,13,4396.13,4,4,5,445,Champions,3,Germany,2010-12-03 14:30:00,2011-11-11 08:19:00,2.188045870052428,0.8781017149572339
13505,73,4,4393.63,2,3,5,235,At Risk,2,Switzerland,2011-04-21 12:07:00,2011-09-28 11:56:00,0.9112201465520381,1.0564050651482058
12752,81,1,4366.78,2,1,5,215,Hibernating,2,Norway,2011-09-19 13:32:00,2011-09-19 13:32:00,0.039984916331476994,0.7687498958633089
16945,22,19,4345.5,4,4,5,445,Champions,3,United Kingdom,2010-12-16 17:49:00,2011-11-18 11:39:00,2.6067939185324653,0.8418802564660393
14016,162,4,4341.21,2,3,5,235,At Risk,2,EIRE,2010-12-17 14:21:00,2011-07-01 11:29:00,0.6038721905008891,1.5526443790365767
14800,48,12,4331.79,3,4,5,345,Loyal Customers,3,United Kingdom,2010-12-05 11:10:00,2011-10-23 12:46:00,1.9265822532365102,1.155408917151545
17567,7,8,4331.48,5,4,5,545,Champions,3,United Kingdom,2010-12-02 15:18:00,2011-12-02 15:48:00,2.2861335995880747,-0.1342110739514391
18251,87,1,4314.72,2,1,5,215,Hibernating,2,United Kingdom,2011-09-13 15:03:00,2011-09-13 15:03:00,0.007323689412265457,0.8091498414754948
12347,2,7,4310.0,5,4,5,545,Champions,3,Iceland,2010-12-07 14:57:00,2011-12-07 15:52:00,2.551874483596183,-0.8028584563961437
17937,9,7,4301.22,5,4,5,545,Champions,3,United Kingdom,2010-12-12 14:43:00,2011-12-01 11:45:00,2.0909926030609522,-0.040359398781304935
15034,16,8,4274.16,4,4,5,445,Champions,3,United Kingdom,2010-12-21 09:47:00,2011-11-24 12:11:00,1.9918791893539347,0.3387812336071476
14422,1,6,4263.64,5,3,5,535,Loyal Customers,3,United Kingdom,2011-03-17 17:26:00,2011-12-09 11:26:00,2.5808073727827296,-1.1149135589933936
12500,23,11,4257.82,4,4,5,445,Champions,3,Germany,2011-01-10 09:48:00,2011-11-16 16:20:00,2.1186473528403913,0.6660373853729739
17419,11,12,4226.57,5,4,5,545,Champions,3,United Kingdom,2010-12-07 15:03:00,2011-11-28 13:47:00,2.452363666734937,0.25456214804379007
14525,20,9,4215.9,4,4,5,445,Champions,3,United Kingdom,2010-12-13 17:40:00,2011-11-20 11:37:00,1.9999901383395198,0.5080427858710685
15804,1,13,4206.39,5,4,5,545,Champions,3,United Kingdom,2011-05-25 10:12:00,2011-12-09 12:31:00,3.20160084890433,-0.8546933872461145
15971,18,12,4199.85,4,4,5,445,Champions,3,United Kingdom,2011-02-01 16:47:00,2011-11-22 12:50:00,2.2738168636279235,0.5435669561432827
12747,2,11,4196.01,5,4,5,545,Champions,3,United Kingdom,2010-12-05 15:38:00,2011-12-07 14:34:00,2.9060578284381364,-0.657519817681289
14146,9,5,4191.0,5,3,5,535,Loyal Customers,3,United Kingdom,2010-12-17 15:52:00,2011-12-01 10:18:00,1.8183744660311527,-0.15985574966347854
14277,15,3,4188.0,4,2,5,425,Potential Loyalists,2,France,2011-05-11 13:20:00,2011-11-24 15:01:00,1.271605025918219,-0.017262730467271732
12949,31,8,4167.22,4,4,5,445,Champions,3,United Kingdom,2011-04-01 13:20:00,2011-11-09 11:25:00,1.7382453167893916,0.7305338001230958
13384,31,7,4151.93,4,4,5,445,Champions,3,United Kingdom,2011-06-14 12:47:00,2011-11-09 11:04:00,1.6299255367502141,0.6841410197292955
15570,7,12,4148.82,5,4,5,545,Champions,3,United Kingdom,2010-12-05 12:57:00,2011-12-02 14:47:00,2.5984490630515475,-0.00923724194806367
13988,20,6,4147.96,4,3,5,435,Loyal Customers,3,United Kingdom,2011-03-30 11:48:00,2011-11-20 10:15:00,1.66954741011392,0.36569196317485836
12569,2,32,4124.69,5,4,5,545,Champions,3,Germany,2011-04-01 13:47:00,2011-12-07 16:24:00,3.8132893942105976,-0.2768046141846338
17920,4,17,4119.5,5,4,5,545,Champions,3,United Kingdom,2010-12-01 11:49:00,2011-12-05 14:29:00,3.06908955874978,-0.18529128421694568
16592,4,16,4113.68,5,4,5,545,Champions,3,United Kingdom,2011-02-25 10:19:00,2011-12-05 13:49:00,3.0166989478089214,-0.20767029067921508
13555,74,4,4098.88,2,3,5,235,At Risk,2,United Kingdom,2011-05-22 11:06:00,2011-09-27 12:36:00,0.8731740283470562,1.0396292842236452
16401,1,12,4098.32,5,4,5,545,Champions,3,United Kingdom,2011-01-16 10:56:00,2011-12-08 18:15:00,3.122205249102462,-0.8925182552099895
18041,12,21,4097.37,5,4,5,545,Champions,3,United Kingdom,2010-12-02 11:21:00,2011-11-28 11:39:00,2.8831117570406355,0.49524091282244914
16670,17,11,4095.9,4,4,5,445,Champions,3,United Kingdom,2010-12-16 10:30:00,2011-11-23 09:34:00,2.2101623319891903,0.46954827653704717
12749,4,5,4090.88,5,3,5,535,Loyal Customers,3,United Kingdom,2011-05-10 15:25:00,2011-12-06 09:56:00,2.07169334087976,-0.6080706895531683
14092,8,14,4076.91,5,4,5,545,Champions,3,United Kingdom,2010-12-16 15:47:00,2011-12-02 12:13:00,2.674654134991098,0.11380212984213159
12449,22,4,4067.29,4,3,5,435,Loyal Customers,2,Belgium,2011-06-05 15:37:00,2011-11-17 13:46:00,1.3210257711799007,0.28750383229965987
17377,24,20,4058.32,4,4,5,445,Champions,3,United Kingdom,2010-12-01 12:35:00,2011-11-16 11:17:00,2.58667950727794,0.8885067030696515
18087,98,2,4055.72,2,1,5,215,Hibernating,2,United Kingdom,2011-02-22 10:43:00,2011-09-02 15:12:00,0.2998751416438418,1.0163747613913676
14401,4,13,4051.48,5,4,5,545,Champions,3,United Kingdom,2010-12-15 09:07:00,2011-12-05 13:30:00,2.8337924020581258,-0.2874863717316918
12656,17,5,4051.17,4,3,5,435,Loyal Customers,3,France,2011-04-20 09:20:00,2011-11-22 13:42:00,1.5777552136833668,0.20040753355845844
16549,10,10,4034.9,5,4,5,545,Champions,3,United Kingdom,2011-01-09 14:03:00,2011-11-29 15:06:00,2.3124412354835755,0.11860266194869995
13815,22,4,4027.36,4,3,5,435,Loyal Customers,2,Germany,2011-01-25 12:16:00,2011-11-17 14:19:00,1.3163489764666056,0.28391153285454407
15514,12,11,4023.72,5,4,5,545,Champions,3,United Kingdom,2010-12-10 13:50:00,2011-11-27 14:40:00,2.326044806883865,0.2567775162136
17940,49,10,4020.04,3,4,5,345,Loyal Customers,3,United Kingdom,2011-02-10 09:29:00,2011-10-21 13:27:00,1.7322984245214408,1.077119114746025
12957,10,8,4017.54,5,4,5,545,Champions,3,United Kingdom,2011-01-04 12:18:00,2011-11-30 09:53:00,2.128818230397776,0.04027219111601481
12867,26,7,4009.34,4,4,5,445,Champions,3,United Kingdom,2010-12-14 16:39:00,2011-11-13 15:30:00,1.6782605429954613,0.5637113224085576
12378,130,1,4008.62,2,1,5,215,Hibernating,2,Switzerland,2011-08-02 10:34:00,2011-08-02 10:34:00,-0.1795407626420993,1.0345742254706984
16186,23,12,4006.94,4,4,5,445,Champions,3,United Kingdom,2010-12-02 14:40:00,2011-11-17 12:43:00,2.1622866450280163,0.6745427354212277
12841,5,25,3991.58,5,4,5,545,Champions,3,United Kingdom,2010-12-03 10:43:00,2011-12-05 11:13:00,3.317229495883278,0.059465020861433286
17001,1,11,3989.57,5,4,5,545,Champions,3,United Kingdom,2010-12-16 09:35:00,2011-12-09 09:38:00,3.0370290947621124,-0.9329285435782662
15416,65,4,3984.32,3,3,5,335,Loyal Customers,2,United Kingdom,2011-03-02 08:41:00,2011-10-06 09:38:00,0.9085685074499946,0.9482695376870195
12779,38,8,3981.36,3,4,5,345,Loyal Customers,3,Poland,2010-12-03 13:40:00,2011-11-02 11:43:00,1.641047919731003,0.8393296497101859
12727,11,7,3980.7,5,4,5,545,Champions,3,France,2011-01-23 15:17:00,2011-11-29 11:46:00,1.9846359163166911,0.047023243118764414
14547,4,8,3974.75,5,4,5,545,Champions,3,United Kingdom,2011-10-16 14:35:00,2011-12-06 11:06:00,2.4249314168666865,-0.46345812264423364
14299,8,9,3965.62,5,4,5,545,Champions,3,United Kingdom,2010-12-09 10:30:00,2011-12-01 16:05:00,2.294644587421626,-0.051373910215950315
13523,33,5,3964.88,4,3,5,435,Loyal Customers,2,United Kingdom,2010-12-08 14:22:00,2011-11-06 15:11:00,1.324602686756839,0.5957442252439505
15529,23,11,3962.6,4,4,5,445,Champions,3,United Kingdom,2010-12-08 12:24:00,2011-11-17 11:29:00,2.0845842908923924,0.6398731583679076
17611,7,15,3961.12,5,4,5,545,Champions,3,United Kingdom,2010-12-13 13:52:00,2011-12-02 13:29:00,2.764387182038305,0.05333145720424912
13183,8,9,3957.78,5,4,5,545,Champions,3,United Kingdom,2011-01-09 10:50:00,2011-12-02 10:30:00,2.293706494506795,-0.05209447010023079
17769,13,10,3957.43,5,4,5,545,Champions,3,United Kingdom,2011-01-23 11:15:00,2011-11-27 11:18:00,2.2111278027468177,0.2644249943399842
17651,12,10,3945.0,5,4,5,545,Champions,3,United Kingdom,2011-06-15 15:57:00,2011-11-28 10:29:00,2.237945645589088,0.21629984145499018
12473,29,5,3928.05,4,3,5,435,Loyal Customers,2,Germany,2011-06-01 10:15:00,2011-11-10 13:46:00,1.3679908357314805,0.5130007520990619
17593,4,5,3923.86,5,3,5,535,Loyal Customers,3,United Kingdom,2010-12-22 10:29:00,2011-12-06 10:30:00,2.051933457826848,-0.6232484814551181
14739,4,7,3902.28,5,4,5,545,Champions,3,United Kingdom,2010-12-07 14:58:00,2011-12-05 16:54:00,2.30963149455631,-0.5152124300548977
13999,10,12,3901.81,5,4,5,545,Champions,3,United Kingdom,2010-12-13 11:23:00,2011-11-29 13:40:00,2.4477023227576735,0.17029146201212575
14291,2,11,3883.25,5,4,5,545,Champions,3,United Kingdom,2011-03-09 15:20:00,2011-12-08 10:26:00,2.869338059328706,-0.6857246918062118
15195,3,1,3861.0,5,1,5,515,Recent Customers,0,United Kingdom,2011-12-07 12:20:00,2011-12-07 12:20:00,1.1354270143276508,-1.1908283508038606
18073,114,12,3859.82,2,4,5,245,At Risk,2,United Kingdom,2011-05-26 19:38:00,2011-08-17 14:02:00,1.546009890986185,1.6542226845702181
12662,1,11,3849.78,5,4,5,545,Champions,3,Germany,2010-12-01 13:04:00,2011-12-09 11:59:00,3.0201214886308634,-0.9459154689934147
16717,24,6,3843.08,4,3,5,435,Loyal Customers,3,United Kingdom,2010-12-08 16:48:00,2011-11-16 12:16:00,1.5667556010693116,0.4484235229732343
13266,11,12,3834.26,5,4,5,545,Champions,3,United Kingdom,2011-03-28 10:14:00,2011-11-28 14:39:00,2.406185594856739,0.2190922435143056
17091,3,9,3827.76,5,4,5,545,Champions,3,United Kingdom,2010-12-07 09:55:00,2011-12-07 10:43:00,2.5876458371984765,-0.5783348065808246
16327,14,6,3820.27,4,3,5,435,Loyal Customers,3,United Kingdom,2010-12-05 12:43:00,2011-11-25 13:23:00,1.7590680444397928,0.12242527411672732
12755,281,2,3811.95,1,1,5,115,Lost,2,Japan,2010-12-09 10:44:00,2011-03-04 12:42:00,-0.12937966354733207,1.657400427104049
12597,19,4,3811.22,4,3,5,435,Loyal Customers,2,Spain,2011-03-16 14:00:00,2011-11-20 13:33:00,1.3435891951705383,0.17522641073810394
15867,5,15,3810.14,5,4,5,545,Champions,3,United Kingdom,2010-12-05 14:17:00,2011-12-04 13:32:00,2.8558597991210357,-0.14319019041855147
13435,5,7,3809.89,5,4,5,545,Champions,3,United Kingdom,2011-06-03 17:07:00,2011-12-04 14:45:00,2.2286268799959905,-0.40835657189840086
12668,12,4,3807.15,5,3,5,535,Loyal Customers,3,Germany,2010-12-19 12:46:00,2011-11-28 10:56:00,1.5076409206765615,-0.0982513797105411
16145,9,11,3799.49,5,4,5,545,Champions,3,United Kingdom,2010-12-15 09:09:00,2011-12-01 10:33:00,2.3990863045089497,0.06957725833298312
16655,18,6,3789.52,4,3,5,435,Loyal Customers,3,United Kingdom,2011-01-12 10:16:00,2011-11-22 11:25:00,1.6649370088489632,0.2693379738181891
16168,11,27,3787.6,5,4,5,545,Champions,3,United Kingdom,2010-12-05 11:38:00,2011-11-29 12:45:00,3.0946408372322836,0.5081243916346739
16019,47,9,3786.24,3,4,5,345,Loyal Customers,3,United Kingdom,2010-12-10 12:29:00,2011-10-24 11:51:00,1.6332465192002616,0.992965610735664
12562,8,7,3781.74,5,4,5,545,Champions,3,France,2011-05-25 12:44:00,2011-12-01 17:20:00,2.070224561422918,-0.15401795059533394
17173,5,8,3766.6,5,4,5,545,Champions,3,United Kingdom,2011-07-31 15:26:00,2011-12-04 14:40:00,2.3297871289054863,-0.36746310915293173
13124,90,3,3756.33,2,2,5,225,Hibernating,2,United Kingdom,2010-12-15 15:00:00,2011-09-11 12:45:00,0.5560230083531476,1.0450810338460084
12429,9,4,3750.4,5,3,5,535,Loyal Customers,3,Denmark,2010-12-09 12:05:00,2011-11-30 17:22:00,1.6007443829413706,-0.2700418133715184
14145,47,4,3742.2,3,3,5,335,Loyal Customers,2,United Kingdom,2011-05-06 13:01:00,2011-10-24 12:10:00,1.0004986675046204,0.7235631465479541
13552,66,12,3740.07,3,4,5,345,Loyal Customers,3,United Kingdom,2011-01-28 10:10:00,2011-10-04 15:19:00,1.7374406445891095,1.3002701474138711
16570,15,10,3738.4,4,4,5,445,Champions,3,United Kingdom,2011-02-01 10:37:00,2011-11-24 17:02:00,2.133129047148789,0.32834398592203173
12502,96,5,3723.87,2,3,5,235,At Risk,2,Spain,2011-02-03 10:41:00,2011-09-05 11:52:00,0.8944073352945254,1.2374971153852328
12647,22,12,3722.82,4,4,5,445,Champions,3,Germany,2010-12-05 14:02:00,2011-11-17 12:56:00,2.1436809212953767,0.6207836837975114
13680,1,4,3719.12,5,3,5,535,Loyal Customers,3,United Kingdom,2011-01-04 14:12:00,2011-12-08 13:47:00,2.211576262332158,-1.2933718156203708
17238,3,17,3719.1,5,4,5,545,Champions,3,United Kingdom,2010-12-03 15:05:00,2011-12-07 11:35:00,3.1058598881702375,-0.36398039789875086
16240,24,2,3718.8,4,1,5,415,Recent Customers,2,United Kingdom,2011-09-23 13:44:00,2011-11-15 14:30:00,0.7844860184157408,0.1123459971866754
14364,109,8,3717.35,2,4,5,245,At Risk,2,United Kingdom,2011-05-12 12:56:00,2011-08-23 11:01:00,1.2124225350680307,1.4716871971777281
15845,18,8,3711.77,4,4,5,445,Champions,3,United Kingdom,2011-01-06 17:19:00,2011-11-22 09:42:00,1.8825147542330314,0.35792257908810365
15622,43,9,3709.56,3,4,5,345,Loyal Customers,3,United Kingdom,2011-03-02 13:42:00,2011-10-27 16:44:00,1.6567859755642014,0.930356281600752
17819,72,7,3704.87,3,4,5,345,Loyal Customers,2,United Kingdom,2010-12-03 14:26:00,2011-09-29 10:52:00,1.2608783421490137,1.1654814347039129
15379,169,7,3703.29,2,4,5,245,At Risk,2,United Kingdom,2010-12-16 13:02:00,2011-06-23 13:13:00,0.9377583343900058,1.70121685129283
14282,3,15,3701.44,5,4,5,545,Champions,3,United Kingdom,2010-12-07 12:21:00,2011-12-06 17:04:00,2.997026355397675,-0.4107677976359702
12553,8,10,3692.28,5,4,5,545,Champions,3,France,2011-01-14 10:42:00,2011-12-01 16:38:00,2.3470326272384376,-0.040919850163428605
16253,67,2,3683.86,3,1,5,315,Need Attention,2,United Kingdom,2011-03-29 13:33:00,2011-10-04 09:09:00,0.3977718569837377,0.7432453275830223
13148,29,12,3683.26,4,4,5,445,Champions,3,United Kingdom,2010-12-10 13:06:00,2011-11-10 15:23:00,2.0371187039716885,0.7853326337865281
15581,121,13,3675.77,2,4,5,245,At Risk,2,United Kingdom,2010-12-08 14:38:00,2011-08-11 09:38:00,1.5673353498406193,1.7022394930029046
15296,51,6,3672.86,3,3,5,335,Loyal Customers,2,United Kingdom,2011-01-17 11:57:00,2011-10-20 11:47:00,1.2655173488003724,0.8962024844986667
16904,4,16,3653.75,5,4,5,545,Champions,3,United Kingdom,2010-12-07 13:29:00,2011-12-05 13:10:00,2.9604956889502416,-0.25084065585213794
15808,306,4,3651.27,1,3,5,135,At Risk,2,United Kingdom,2010-12-05 13:05:00,2011-02-06 14:33:00,0.27998490161640543,1.8909677107648917
12417,3,9,3649.1,5,4,5,545,Champions,3,Belgium,2010-12-17 11:51:00,2011-12-06 14:52:00,2.5649876374378087,-0.5957388286552133
13426,1,10,3641.32,5,4,5,545,Champions,3,United Kingdom,2010-12-15 12:43:00,2011-12-09 08:59:00,2.9149992189812326,-0.9994687877445753
12619,16,9,3641.24,4,4,5,445,Champions,3,Germany,2011-03-31 13:10:00,2011-11-23 14:52:00,2.0112453445233185,0.32072993340522044
16440,8,5,3640.67,5,3,5,535,Loyal Customers,3,United Kingdom,2011-05-09 12:25:00,2011-12-02 12:02:00,1.7918914153057126,-0.277904065243524
13381,32,6,3639.31,4,3,5,435,Loyal Customers,2,United Kingdom,2011-02-14 10:10:00,2011-11-08 11:58:00,1.4348757316979015,0.6045876902219809
17230,264,8,3638.41,1,4,5,145,At Risk,2,United Kingdom,2010-12-15 11:22:00,2011-03-20 16:12:00,0.8663763582650574,2.0212597294843255
17528,1,8,3628.5,5,4,5,545,Champions,3,United Kingdom,2011-09-29 13:04:00,2011-12-08 13:27:00,2.7317482975506344,-1.0775134568711653
13327,39,8,3627.77,3,4,5,345,Loyal Customers,3,United Kingdom,2010-12-09 15:32:00,2011-11-01 10:21:00,1.587289175774544,0.8215154875061655
13520,59,6,3624.35,3,3,5,335,Loyal Customers,2,Switzerland,2010-12-03 10:36:00,2011-10-12 10:20:00,1.204550615261908,0.9820782251286776
13082,126,9,3613.63,2,4,5,245,At Risk,2,United Kingdom,2011-01-05 15:42:00,2011-08-05 16:16:00,1.2394493623757465,1.5927869937066221
18079,45,4,3613.15,3,3,5,335,Loyal Customers,2,United Kingdom,2011-04-15 12:14:00,2011-10-25 15:27:00,1.0001210038245198,0.6838052760806677
16712,9,11,3611.31,5,4,5,545,Champions,3,United Kingdom,2011-03-08 15:07:00,2011-11-30 13:48:00,2.375007476663361,0.05108203559787886
15505,53,5,3610.96,3,3,5,335,Loyal Customers,2,United Kingdom,2011-07-07 13:33:00,2011-10-18 07:56:00,1.1035586860278042,0.854973076832916
13137,11,8,3603.29,5,4,5,545,Champions,3,United Kingdom,2011-02-04 11:54:00,2011-11-29 12:09:00,2.0439948494595517,0.055808637702352934
14543,29,16,3599.73,4,4,5,445,Champions,3,United Kingdom,2010-12-10 11:51:00,2011-11-11 12:45:00,2.268986457692919,0.8795965787668251
15484,1,4,3590.41,5,3,5,535,Loyal Customers,3,United Kingdom,2011-09-22 13:31:00,2011-12-08 15:03:00,2.1948807506676244,-1.3061958288527529
14132,2,11,3586.03,5,4,5,545,Champions,3,United Kingdom,2011-06-09 12:04:00,2011-12-07 13:35:00,2.831592738721642,-0.7147173037519573
16242,8,7,3579.86,5,4,5,545,Champions,3,United Kingdom,2011-03-07 17:04:00,2011-12-01 15:12:00,2.0442192059473734,-0.17399296121088906
17576,8,19,3564.83,5,4,5,545,Champions,3,United Kingdom,2010-12-09 16:57:00,2011-12-01 17:56:00,2.871340537134037,0.17497444774390997
14040,41,12,3560.32,3,4,5,345,Loyal Customers,3,United Kingdom,2011-01-12 14:57:00,2011-10-30 12:42:00,1.892494886952485,0.9862739387411716
17203,36,6,3560.08,3,3,5,335,Loyal Customers,2,United Kingdom,2011-10-10 14:37:00,2011-11-04 12:27:00,1.3807374256761236,0.6691022120879191
17491,1,10,3558.87,5,4,5,545,Champions,3,United Kingdom,2010-12-07 12:18:00,2011-12-08 16:18:00,2.9041425673852372,-1.0078079058575091
15544,9,9,3546.71,5,4,5,545,Champions,3,United Kingdom,2010-12-02 12:47:00,2011-11-30 16:43:00,2.201475620319761,-0.025231676385897274
14503,3,6,3543.26,5,3,5,535,Loyal Customers,3,United Kingdom,2011-06-14 10:00:00,2011-12-06 13:30:00,2.2282943011733294,-0.7428908147905355
12370,51,4,3541.94,3,3,5,335,Loyal Customers,2,Cyprus,2010-12-14 12:58:00,2011-10-19 14:51:00,0.9438515581881336,0.7542796934067201
13448,17,6,3534.69,4,3,5,435,Loyal Customers,3,United Kingdom,2010-12-01 10:52:00,2011-11-23 12:33:00,1.6525918457983766,0.20971611756333552
12454,56,1,3528.34,3,1,5,315,Need Attention,2,Spain,2011-10-14 17:13:00,2011-10-14 17:13:00,0.07784195225419387,0.460579755198377
17160,31,6,3518.03,4,3,5,435,Loyal Customers,2,United Kingdom,2011-04-12 12:00:00,2011-11-08 14:05:00,1.4305644132232285,0.5727399297510396
13953,7,7,3515.68,5,4,5,545,Champions,3,United Kingdom,2010-12-22 10:29:00,2011-12-02 16:04:00,2.080636687238109,-0.25524671978588387
15113,10,3,3509.43,5,2,5,525,Potential Loyalists,2,United Kingdom,2011-10-16 15:27:00,2011-11-30 08:23:00,1.330942743066131,-0.3191578162996596
16131,52,6,3506.54,3,3,5,335,Loyal Customers,2,United Kingdom,2011-04-14 08:32:00,2011-10-19 11:53:00,1.2362743244749779,0.8914049826693102
13334,82,3,3502.32,2,2,5,225,Hibernating,2,United Kingdom,2011-02-07 11:42:00,2011-09-18 15:21:00,0.5579843361464735,0.9612535577601788
14907,3,7,3501.1,5,4,5,545,Champions,3,United Kingdom,2010-12-07 10:14:00,2011-12-06 14:14:00,2.3434476114383553,-0.6961707081352008
16458,3,18,3482.74,5,4,5,545,Champions,3,United Kingdom,2010-12-14 11:51:00,2011-12-07 09:34:00,3.123657680714491,-0.36720648861505784
14395,2,9,3479.91,5,4,5,545,Champions,3,United Kingdom,2010-12-02 18:15:00,2011-12-07 14:34:00,2.6523778073759674,-0.795396250566005
13993,43,9,3466.36,3,4,5,345,Loyal Customers,3,United Kingdom,2011-01-13 10:43:00,2011-10-28 09:06:00,1.6246432968582298,0.9056671229015779
13014,11,10,3466.28,5,4,5,545,Champions,3,United Kingdom,2011-03-03 18:28:00,2011-11-29 12:27:00,2.207198321534545,0.1184546319648525
15410,84,8,3450.84,2,4,5,245,At Risk,2,United Kingdom,2011-03-23 10:15:00,2011-09-16 14:47:00,1.275648558508562,1.2811532508305128
16360,5,6,3450.41,5,3,5,535,Loyal Customers,3,United Kingdom,2011-09-12 13:50:00,2011-12-05 12:16:00,2.0608202452840736,-0.4955202985519312
15129,50,11,3447.4,3,4,5,345,Loyal Customers,3,United Kingdom,2011-02-21 09:09:00,2011-10-20 14:40:00,1.730622434556431,1.0670034945016795
13536,1,7,3444.39,5,4,5,545,Champions,3,United Kingdom,2011-09-25 13:30:00,2011-12-08 16:38:00,2.600487536737907,-1.1415274666657267
15974,39,7,3442.15,3,4,5,345,Loyal Customers,2,United Kingdom,2011-02-24 10:10:00,2011-10-31 13:13:00,1.4558154215918482,0.7573378750709805
17725,16,11,3439.08,4,4,5,445,Champions,3,United Kingdom,2011-03-17 19:47:00,2011-11-23 16:34:00,2.149144751044568,0.3696739536295811
15676,19,3,3435.76,4,2,5,425,Potential Loyalists,2,United Kingdom,2011-03-01 10:19:00,2011-11-21 12:40:00,1.092513662084463,0.05210797086305189
14221,42,9,3432.8,3,4,5,345,Loyal Customers,3,United Kingdom,2011-01-04 15:33:00,2011-10-28 13:42:00,1.6288136204570285,0.8875509992563744
12406,22,2,3415.3,4,1,5,415,Recent Customers,2,Denmark,2011-06-09 10:23:00,2011-11-17 19:22:00,0.7759813889950378,0.028489315700241342
15981,25,8,3408.48,4,4,5,445,Champions,3,United Kingdom,2011-02-01 13:50:00,2011-11-15 08:00:00,1.7222913953116632,0.5257244396728573
17758,19,8,3408.2,4,4,5,445,Champions,3,United Kingdom,2011-04-03 15:22:00,2011-11-20 14:45:00,1.822475079215677,0.35937240513457525
13437,14,7,3408.06,4,4,5,445,Champions,3,United Kingdom,2011-06-02 14:30:00,2011-11-25 14:00:00,1.8257723152798684,0.13193112012729155
17669,43,7,3406.72,3,4,5,345,Loyal Customers,2,United Kingdom,2011-04-04 10:11:00,2011-10-28 08:53:00,1.4145027881251262,0.8139913428574044
13198,10,6,3401.24,5,3,5,535,Loyal Customers,3,United Kingdom,2010-12-13 09:29:00,2011-11-29 15:17:00,1.8224740132453079,-0.1164949551519106
15228,66,4,3386.71,3,3,5,335,Loyal Customers,2,United Kingdom,2011-02-18 09:04:00,2011-10-04 13:56:00,0.8257911283554111,0.8986327066645357
13842,59,9,3385.62,3,4,5,345,Loyal Customers,2,United Kingdom,2010-12-08 10:39:00,2011-10-12 10:51:00,1.4949930959473385,1.0937044007424395
16011,8,16,3352.96,5,4,5,545,Champions,3,United Kingdom,2010-12-08 16:34:00,2011-12-01 16:31:00,2.695239054301392,0.09049837257674229
14227,26,10,3350.96,4,4,5,445,Champions,3,United Kingdom,2011-02-28 12:27:00,2011-11-13 15:48:00,1.8813862035152291,0.6202131256144409
16818,11,11,3349.57,5,4,5,545,Champions,3,United Kingdom,2011-05-18 11:42:00,2011-11-29 10:41:00,2.269696458677895,0.13926786761688092
16607,18,14,3347.71,4,4,5,445,Champions,3,United Kingdom,2010-12-16 08:41:00,2011-11-22 10:24:00,2.2958066212005703,0.5157364836610093
17183,8,6,3347.31,5,3,5,535,Loyal Customers,3,United Kingdom,2011-08-26 15:25:00,2011-12-02 10:07:00,1.8915536196544356,-0.2495266756085148
12643,128,6,3344.64,2,3,5,235,At Risk,2,France,2011-01-11 11:48:00,2011-08-03 12:56:00,0.8740721367924249,1.4380927686863711
12613,57,5,3344.38,3,3,5,335,Loyal Customers,2,Germany,2011-03-22 15:42:00,2011-10-13 14:59:00,1.0399078689457049,0.8723498359776591
13015,53,5,3339.64,3,3,5,335,Loyal Customers,2,United Kingdom,2011-04-04 14:28:00,2011-10-17 13:19:00,1.0665327528322182,0.826533034575921
12594,38,10,3338.22,3,4,5,345,Loyal Customers,3,Italy,2011-01-21 09:52:00,2011-11-02 12:20:00,1.739110486326193,0.8519401703299738
16556,67,7,3313.79,3,4,5,345,Loyal Customers,2,United Kingdom,2010-12-14 13:32:00,2011-10-04 11:36:00,1.235102145360592,1.0798851440025024
13373,61,3,3312.25,3,2,5,325,Need Attention,2,United Kingdom,2011-03-08 14:35:00,2011-10-10 10:51:00,0.6429664178198982,0.7560146482156035
14841,53,6,3295.76,3,3,5,335,Loyal Customers,2,United Kingdom,2010-12-16 10:28:00,2011-10-17 15:03:00,1.19974828573491,0.8806831191730514
15632,16,8,3285.31,4,4,5,445,Champions,3,United Kingdom,2011-03-10 08:29:00,2011-11-24 09:51:00,1.8671496422681972,0.242975043630088
12480,28,4,3281.63,4,3,5,435,Loyal Customers,2,Germany,2011-01-07 15:27:00,2011-11-11 14:52:00,1.1307347450699228,0.35630102485643106
15764,88,6,3279.97,2,3,5,235,At Risk,2,United Kingdom,2011-03-08 09:23:00,2011-09-12 17:58:00,1.006605648032394,1.1956820933501742
17723,127,6,3276.4,2,3,5,235,At Risk,2,United Kingdom,2011-05-09 14:44:00,2011-08-04 18:37:00,0.8672737000547445,1.4256540211073199
14702,1,17,3251.79,5,4,5,545,Champions,3,United Kingdom,2010-12-09 19:23:00,2011-12-08 19:29:00,3.3069912889237347,-0.8522811328097446
13952,218,2,3251.07,1,1,5,115,Lost,2,United Kingdom,2011-04-15 09:27:00,2011-05-06 09:00:00,-0.10824064720105016,1.439169955323631
13047,32,10,3237.54,4,4,5,445,Champions,3,United Kingdom,2010-12-01 08:34:00,2011-11-08 12:06:00,1.7884087132741138,0.7348886084998201
15708,41,7,3235.25,3,4,5,345,Loyal Customers,2,United Kingdom,2010-12-05 11:12:00,2011-10-30 10:54:00,1.4077935460672883,0.7656974250789662
14175,60,3,3222.3,3,2,5,325,Need Attention,2,United Kingdom,2011-01-14 12:22:00,2011-10-11 11:55:00,0.6361272935177497,0.7356821972100938
13880,21,13,3219.77,4,4,5,445,Champions,3,United Kingdom,2010-12-07 14:00:00,2011-11-18 13:44:00,2.1589048273133495,0.568095068901115
15443,2,7,3213.59,5,4,5,545,Champions,3,United Kingdom,2011-01-23 13:25:00,2011-12-08 10:40:00,2.4127240169392796,-0.9097415194346387
14388,10,8,3212.84,5,4,5,545,Champions,3,United Kingdom,2010-12-02 11:02:00,2011-11-29 13:32:00,2.0228671424765023,-0.0411100498592067
16107,18,7,3204.16,4,4,5,445,Champions,3,United Kingdom,2011-06-09 18:42:00,2011-11-22 09:40:00,1.7062289281159204,0.2593243022848914
13868,7,2,3192.54,5,1,5,515,Recent Customers,0,United Kingdom,2011-11-01 12:45:00,2011-12-02 16:32:00,1.147420004981496,-0.6655379707122545
13758,12,7,3190.55,5,4,5,545,Champions,3,United Kingdom,2010-12-01 12:08:00,2011-11-28 11:11:00,1.8491755225749806,0.017202405879047818
14844,64,4,3189.81,3,3,5,335,Loyal Customers,2,United Kingdom,2011-04-12 13:10:00,2011-10-07 10:41:00,0.8089755733711423,0.8576127324586419
17220,24,14,3187.55,4,4,5,445,Champions,3,United Kingdom,2010-12-10 14:54:00,2011-11-15 13:47:00,2.1677344381073693,0.6718625868374443
17050,96,6,3185.64,2,3,5,235,At Risk,2,United Kingdom,2011-02-13 12:41:00,2011-09-04 13:48:00,0.9598932343552191,1.239623294512052
12456,44,3,3181.04,3,2,5,325,Need Attention,2,Switzerland,2011-03-30 09:12:00,2011-10-26 14:41:00,0.7462268000645942,0.5381395797505218
17672,50,2,3178.17,3,1,5,315,Need Attention,2,United Kingdom,2011-02-03 13:29:00,2011-10-20 14:18:00,0.4376746051788996,0.5071122745541043
13268,18,11,3174.75,4,4,5,445,Champions,3,United Kingdom,2011-03-17 13:20:00,2011-11-22 11:51:00,2.068747615952881,0.41106541317383843
16837,31,11,3170.98,4,4,5,445,Champions,3,United Kingdom,2011-04-08 08:48:00,2011-11-08 14:27:00,1.8690500177924527,0.7411016307731062
16041,31,3,3166.4,4,2,5,425,Potential Loyalists,2,United Kingdom,2011-07-21 16:27:00,2011-11-09 12:25:00,0.8742735362069213,0.3203344748038198
17863,59,6,3160.0,3,3,5,335,Loyal Customers,2,United Kingdom,2010-12-05 13:21:00,2011-10-11 13:45:00,1.1395617153857025,0.932159508726541
15065,38,4,3158.13,3,3,5,335,Loyal Customers,2,United Kingdom,2011-02-21 12:54:00,2011-11-02 09:45:00,0.9993787557115831,0.5301479583943256
17685,17,7,3155.83,4,4,5,445,Champions,3,United Kingdom,2010-12-02 14:42:00,2011-11-23 11:36:00,1.719678344299692,0.21951555700691427
15861,12,8,3146.92,5,4,5,545,Champions,3,United Kingdom,2011-03-17 20:12:00,2011-11-27 15:59:00,1.9492261473159151,0.057243553624741886
14235,75,5,3144.86,2,3,5,235,At Risk,2,United Kingdom,2011-03-24 13:23:00,2011-09-25 14:37:00,0.9075002612745171,1.0213005663269759
17231,12,10,3124.72,5,4,5,545,Champions,3,United Kingdom,2010-12-13 14:16:00,2011-11-27 15:18:00,2.127449500564652,0.1314264901979138
13685,3,7,3119.44,5,4,5,545,Champions,3,United Kingdom,2011-10-10 12:59:00,2011-12-07 11:41:00,2.288735384222197,-0.7381957948705526
16678,3,12,3109.99,5,4,5,545,Champions,3,United Kingdom,2011-03-02 09:24:00,2011-12-07 12:17:00,2.72661432617512,-0.5535841007086021
13742,17,12,3107.87,4,4,5,445,Champions,3,United Kingdom,2011-01-23 14:59:00,2011-11-23 11:07:00,2.151736538666923,0.39965626845440017
14099,16,11,3104.17,4,4,5,445,Champions,3,United Kingdom,2010-12-20 11:14:00,2011-11-23 13:53:00,2.1005787692463693,0.3323698682120153
15491,95,6,3100.09,2,3,5,235,At Risk,2,United Kingdom,2011-04-18 10:04:00,2011-09-05 15:56:00,0.9509484098347242,1.223142711805099
14257,64,5,3099.72,3,3,5,335,Loyal Customers,2,United Kingdom,2011-01-25 10:49:00,2011-10-06 16:54:00,0.9603711965362608,0.9169233508625443
14565,96,4,3099.12,2,3,5,235,At Risk,2,United Kingdom,2010-12-13 13:25:00,2011-09-05 09:07:00,0.6423809230538161,1.1008908383264464
13135,197,1,3096.0,1,1,5,115,Lost,2,United Kingdom,2011-05-27 10:52:00,2011-05-27 10:52:00,-0.45978920042418747,1.202373598128786
16156,9,9,3092.04,5,4,5,545,Champions,3,United Kingdom,2011-02-02 12:02:00,2011-12-01 12:42:00,2.136446181692109,-0.07518153106611844
13362,9,4,3090.74,5,3,5,535,Loyal Customers,3,United Kingdom,2011-02-25 11:33:00,2011-11-30 14:41:00,1.5090450380994902,-0.3404771276812398
16218,30,7,3084.68,4,4,5,445,Champions,2,United Kingdom,2010-12-01 11:29:00,2011-11-10 09:59:00,1.5012093346351756,0.5558303864127169
13869,123,4,3083.65,2,3,5,235,At Risk,2,United Kingdom,2010-12-17 15:14:00,2011-08-08 13:53:00,0.5462014283510086,1.2547448705995587
17059,30,5,3080.39,4,3,5,435,Loyal Customers,2,United Kingdom,2010-12-05 12:35:00,2011-11-10 12:27:00,1.2402373879223874,0.445279607354464
15998,37,5,3080.22,3,3,5,335,Loyal Customers,2,United Kingdom,2010-12-12 13:32:00,2011-11-03 12:45:00,1.1624368338062798,0.5743281985076497
18272,3,6,3078.58,5,3,5,535,Loyal Customers,3,United Kingdom,2011-04-07 09:35:00,2011-12-07 12:43:00,2.161658295223829,-0.7940746921834514
12910,23,8,3075.04,4,4,5,445,Champions,3,United Kingdom,2011-04-12 10:01:00,2011-11-16 14:28:00,1.7040690094293707,0.43749977827271325
13631,100,11,3070.42,2,4,5,245,At Risk,2,United Kingdom,2011-03-17 17:13:00,2011-09-01 09:57:00,1.4147119937655361,1.4580045817007201
16940,52,3,3049.88,3,2,5,325,Need Attention,2,United Kingdom,2011-02-23 12:27:00,2011-10-18 13:15:00,0.6637623287558343,0.6265399011428637
16393,2,13,3040.96,5,4,5,545,Champions,3,United Kingdom,2010-12-05 13:10:00,2011-12-07 12:51:00,2.892926156081454,-0.7157806932558773
16326,6,14,3039.22,5,4,5,545,Champions,3,United Kingdom,2011-01-09 12:01:00,2011-12-04 10:11:00,2.631417726318378,-0.15246541833151278
17799,22,10,3039.17,4,4,5,445,Champions,3,United Kingdom,2010-12-13 13:10:00,2011-11-17 15:16:00,1.8963441080633638,0.483008238317503
16905,5,7,3037.6,5,4,5,545,Champions,3,United Kingdom,2010-12-03 10:43:00,2011-12-04 14:01:00,2.121246826659376,-0.4908364175330755
16709,85,5,3029.87,2,3,5,235,At Risk,2,United Kingdom,2011-03-03 10:55:00,2011-09-16 10:56:00,0.8426235639913293,1.086101796964529
12598,10,8,3023.08,5,4,5,545,Champions,3,France,2011-02-28 11:58:00,2011-11-30 12:18:00,1.9940102386375014,-0.06327536734768144
12395,19,12,3018.63,4,4,5,445,Champions,3,Belgium,2010-12-03 16:35:00,2011-11-20 15:21:00,2.0976792472927923,0.4558406272070805
18094,82,7,3017.3,2,4,5,245,At Risk,2,United Kingdom,2011-02-21 08:50:00,2011-09-19 09:28:00,1.1145287549797231,1.1721232946487192
14456,5,9,3017.28,5,4,5,545,Champions,3,United Kingdom,2011-07-20 13:06:00,2011-12-04 13:59:00,2.3199792466126543,-0.40792332080213334
12754,236,3,3010.74,1,2,5,125,Lost,2,Japan,2011-02-04 10:31:00,2011-04-18 09:00:00,0.08549551848374959,1.5713262967356434
15521,40,8,3000.2,3,4,5,345,Loyal Customers,2,United Kingdom,2011-03-30 09:15:00,2011-10-30 13:42:00,1.4878232597585492,0.7680133475289936
17659,17,12,2999.46,4,4,5,445,Champions,3,United Kingdom,2010-12-02 16:46:00,2011-11-22 13:29:00,2.13490700072741,0.38672930810914374
17504,206,9,2997.03,1,4,5,145,At Risk,2,United Kingdom,2011-01-21 11:09:00,2011-05-17 12:59:00,0.9641479712993447,1.8343661548203787
12670,10,5,2996.05,5,3,5,535,Loyal Customers,3,France,2011-04-21 10:16:00,2011-11-29 15:23:00,1.6228635186485698,-0.22164376829574917
14307,89,6,2995.72,2,3,5,235,At Risk,2,United Kingdom,2010-12-01 11:41:00,2011-09-12 09:38:00,0.9593691356587912,1.1697607815141082
15687,9,9,2993.1,5,4,5,545,Champions,3,United Kingdom,2011-01-13 15:13:00,2011-12-01 08:33:00,2.121031033375438,-0.08702208258464823
14639,52,6,2984.49,3,3,5,335,Loyal Customers,2,United Kingdom,2010-12-13 13:50:00,2011-10-18 15:06:00,1.1598636585060824,0.8327130772536867
14032,2,11,2975.59,5,4,5,545,Champions,3,United Kingdom,2010-12-08 10:53:00,2011-12-07 15:23:00,2.743140815308532,-0.7826582365649952
15854,4,12,2969.12,5,4,5,545,Champions,3,United Kingdom,2010-12-13 11:47:00,2011-12-05 13:39:00,2.619402207947255,-0.4290021297086143
16497,50,6,2965.69,3,3,5,335,Loyal Customers,2,United Kingdom,2011-01-10 13:20:00,2011-10-21 10:55:00,1.1715624440440138,0.806027230243042
17924,12,7,2962.5,5,4,5,545,Champions,3,United Kingdom,2010-12-01 10:51:00,2011-11-28 09:11:00,1.8140236730746135,-0.009798131282866338
16686,47,7,2959.88,3,4,5,345,Loyal Customers,2,United Kingdom,2010-12-19 14:41:00,2011-10-23 13:49:00,1.3146187688044755,0.817959541055486
14868,3,8,2953.59,5,4,5,545,Champions,3,United Kingdom,2011-04-20 13:36:00,2011-12-06 14:49:00,2.369417062948158,-0.7130321558220595
12916,139,4,2944.95,2,3,5,235,At Risk,2,United Kingdom,2011-01-23 10:43:00,2011-07-24 10:35:00,0.47802741826184636,1.3149239797026808
17444,148,3,2940.04,2,2,5,225,Hibernating,2,Canada,2011-06-20 09:04:00,2011-07-15 12:05:00,0.2515226419164568,1.2684563068691483
16316,64,8,2938.91,3,4,5,345,Loyal Customers,2,United Kingdom,2010-12-16 14:26:00,2011-10-06 13:48:00,1.3020094070080062,1.0526259285570403
17512,29,10,2924.99,4,4,5,445,Champions,3,United Kingdom,2011-02-11 12:22:00,2011-11-11 12:11:00,1.776695093860077,0.6375050701249615
15606,61,9,2920.16,3,4,5,345,Loyal Customers,2,United Kingdom,2011-01-19 12:07:00,2011-10-09 15:47:00,1.4123628023866588,1.0606428662449314
12906,12,5,2919.81,5,3,5,535,Loyal Customers,3,United Kingdom,2011-09-22 15:03:00,2011-11-28 09:55:00,1.5468313902570945,-0.12512682156179697
14112,23,7,2915.15,4,4,5,445,Champions,3,United Kingdom,2011-03-09 11:28:00,2011-11-17 12:30:00,1.5721818843013282,0.3730046508922229
12438,14,2,2906.85,4,1,5,415,Recent Customers,2,Norway,2011-07-22 13:29:00,2011-11-25 13:28:00,0.8628567698495976,-0.30117216687071124
13451,26,5,2898.26,4,3,5,435,Loyal Customers,2,United Kingdom,2011-01-09 15:35:00,2011-11-13 15:58:00,1.2641224897243801,0.33551190719448276
17644,1,11,2895.64,5,4,5,545,Champions,3,United Kingdom,2011-03-24 09:44:00,2011-12-08 13:43:00,2.8851178882579,-1.049613276667072
18144,8,12,2888.75,5,4,5,545,Champions,3,United Kingdom,2010-12-01 13:45:00,2011-12-02 12:46:00,2.3818616685414327,-0.06637405190596797
12408,33,5,2888.55,4,3,5,435,Loyal Customers,2,Belgium,2011-03-24 14:46:00,2011-11-07 12:27:00,1.1744722385290218,0.4804273129299148
13735,25,4,2883.54,4,3,5,435,Loyal Customers,2,United Kingdom,2011-04-19 13:49:00,2011-11-15 11:14:00,1.1111500683823587,0.23999152876372692
16633,17,6,2883.1,4,3,5,435,Loyal Customers,3,United Kingdom,2011-04-19 14:36:00,2011-11-22 13:41:00,1.5560084550132545,0.13552931177122116
14251,2,5,2879.7,5,3,5,535,Loyal Customers,3,United Kingdom,2011-10-13 12:46:00,2011-12-08 08:32:00,2.1004127625450884,-1.0597266072027132
17728,4,3,2876.01,5,2,5,525,Potential Loyalists,3,United Kingdom,2011-09-14 11:39:00,2011-12-06 08:52:00,1.5377810988984304,-0.8914611473118803
14005,10,5,2874.72,5,3,5,535,Loyal Customers,3,United Kingdom,2011-05-08 10:33:00,2011-11-30 12:41:00,1.603268853426712,-0.2366946544942837
15628,5,9,2870.24,5,4,5,545,Champions,3,United Kingdom,2010-12-08 09:51:00,2011-12-05 10:24:00,2.296298428918487,-0.42611282739322176
13901,72,5,2867.2,3,3,5,335,Loyal Customers,2,United Kingdom,2011-01-25 09:01:00,2011-09-28 14:48:00,0.879071581407359,0.9621160546214569
12685,28,6,2863.08,4,3,5,435,Loyal Customers,2,France,2011-09-07 10:28:00,2011-11-11 13:46:00,1.370521581288546,0.43533165572618476
14530,26,6,2862.11,4,3,5,435,Loyal Customers,2,United Kingdom,2011-02-16 10:47:00,2011-11-14 10:38:00,1.3976581497033984,0.3899078850559433
18145,13,4,2861.55,5,3,5,535,Loyal Customers,2,United Kingdom,2011-01-31 12:10:00,2011-11-27 11:22:00,1.3439932840452,-0.1552267545238364
14535,60,3,2854.84,3,2,5,325,Need Attention,2,United Kingdom,2011-04-05 12:50:00,2011-10-10 15:39:00,0.5787356663751082,0.6915990327828156
14711,10,11,2839.62,5,4,5,545,Champions,3,United Kingdom,2011-03-22 13:32:00,2011-11-29 14:58:00,2.2246476873815886,0.02397513729162871
14852,58,6,2836.69,3,3,5,335,Loyal Customers,2,United Kingdom,2011-04-01 13:22:00,2011-10-12 13:20:00,1.0948215207597836,0.8822079239026674
14842,44,4,2824.69,3,3,5,335,Loyal Customers,2,United Kingdom,2011-02-04 15:32:00,2011-10-27 12:37:00,0.8918252685953687,0.5802398814128099
16928,80,17,2814.7,2,4,5,245,At Risk,3,United Kingdom,2010-12-01 15:21:00,2011-09-20 15:10:00,1.8246796409662136,1.4415515483769974
16871,22,6,2812.34,4,3,5,435,Loyal Customers,2,United Kingdom,2011-03-14 10:31:00,2011-11-17 19:27:00,1.4505939028869583,0.2818742171396425
12356,23,3,2811.43,4,2,5,425,Potential Loyalists,2,Portugal,2011-01-18 09:50:00,2011-11-17 08:40:00,0.927808348174006,0.09467236568536555
18230,9,7,2810.2,5,4,5,545,Champions,3,United Kingdom,2011-02-10 13:06:00,2011-11-30 13:22:00,1.8892300576563474,-0.1953355147612775
17596,23,7,2806.69,4,4,5,445,Champions,3,United Kingdom,2010-12-06 12:34:00,2011-11-16 14:11:00,1.5542103587833571,0.3592005168423431
14572,3,7,2804.54,5,4,5,545,Champions,3,United Kingdom,2011-01-19 17:23:00,2011-12-06 14:40:00,2.2382956719144973,-0.776939114097215
16081,56,5,2799.42,3,3,5,335,Loyal Customers,2,United Kingdom,2010-12-08 11:16:00,2011-10-14 13:06:00,0.9622414610580521,0.7965650974716292
13769,2,10,2796.51,5,4,5,545,Champions,3,United Kingdom,2010-12-07 13:28:00,2011-12-07 15:08:00,2.634986922911634,-0.8385401793803788
14903,21,5,2795.33,4,3,5,435,Loyal Customers,2,United Kingdom,2011-03-06 11:50:00,2011-11-18 16:07:00,1.3252139187316028,0.19252023525244444
12578,21,2,2794.51,4,1,5,415,Recent Customers,2,Italy,2011-01-13 15:34:00,2011-11-18 13:30:00,0.6978730414126203,-0.0727290701494391
12758,117,2,2791.59,2,1,5,215,Hibernating,2,Portugal,2011-03-08 12:05:00,2011-08-15 10:22:00,0.055757557057498706,0.991675761990702
17739,12,7,2791.35,5,4,5,545,Champions,3,United Kingdom,2010-12-14 14:26:00,2011-11-28 09:12:00,1.785817359900196,-0.03146372264978697
14626,24,4,2791.27,4,3,5,435,Loyal Customers,2,United Kingdom,2011-04-20 13:18:00,2011-11-16 10:37:00,1.1107172412754673,0.20328762647436094
16764,4,13,2790.95,5,4,5,545,Champions,3,United Kingdom,2011-07-19 17:17:00,2011-12-06 11:41:00,2.6571273689522705,-0.423184801811043
17213,40,7,2781.23,3,4,5,345,Loyal Customers,2,United Kingdom,2010-12-08 13:03:00,2011-10-30 14:53:00,1.3453242288340674,0.695367094080087
12388,16,6,2780.66,4,3,5,435,Loyal Customers,3,Australia,2011-01-17 11:12:00,2011-11-24 12:30:00,1.560695009161075,0.08612308560604467
15984,3,10,2780.63,5,4,5,545,Champions,3,United Kingdom,2010-12-06 13:21:00,2011-12-07 12:16:00,2.5223937446208664,-0.6582414760943224
14121,4,4,2780.15,5,3,5,535,Loyal Customers,3,United Kingdom,2011-10-11 10:39:00,2011-12-06 12:19:00,1.723627251521862,-0.8184461397245621
15993,9,7,2777.67,5,4,5,545,Champions,3,United Kingdom,2011-10-26 16:21:00,2011-12-01 10:45:00,1.8837113409594104,-0.19957450409980912
13870,2,8,2770.94,5,4,5,545,Champions,3,United Kingdom,2011-02-25 09:09:00,2011-12-07 13:23:00,2.4490540087310286,-0.9186449177762623
15114,30,10,2760.56,4,4,5,445,Champions,3,United Kingdom,2011-02-11 08:45:00,2011-11-09 15:05:00,1.7367456420309877,0.6372271777303689
13971,19,8,2758.26,4,4,5,445,Champions,3,United Kingdom,2011-02-27 12:27:00,2011-11-21 12:06:00,1.7221840036877858,0.28233768433643097
13230,4,14,2755.63,5,4,5,545,Champions,3,United Kingdom,2010-12-09 19:28:00,2011-12-05 16:03:00,2.713519680238642,-0.4014304805572323
15321,71,3,2748.31,3,2,5,325,Need Attention,2,United Kingdom,2011-02-21 11:10:00,2011-09-30 09:40:00,0.49737783499962296,0.7828550846482775
17084,35,2,2747.99,3,1,5,315,Need Attention,2,United Kingdom,2011-11-04 14:49:00,2011-11-04 14:54:00,0.5017912093275068,0.23335774086271954
12669,151,3,2744.03,2,2,5,225,Hibernating,2,France,2011-03-28 10:15:00,2011-07-12 09:54:00,0.21120470700179667,1.2559736928696805
13174,16,3,2742.82,4,2,5,425,Potential Loyalists,2,United Kingdom,2010-12-05 16:24:00,2011-11-23 14:35:00,1.0478261411018623,-0.13292942822555143
14854,78,7,2740.03,2,4,5,245,At Risk,2,United Kingdom,2011-03-10 12:22:00,2011-09-22 17:00:00,1.0877070607337558,1.1057167290453853
16003,30,5,2735.37,4,3,5,435,Loyal Customers,2,United Kingdom,2010-12-15 12:09:00,2011-11-10 09:57:00,1.1839320936663416,0.4020308676272129
12840,144,4,2726.77,2,3,5,235,At Risk,2,United Kingdom,2011-04-27 12:21:00,2011-07-19 09:29:00,0.4281377942538504,1.309145227456014
15673,88,4,2726.23,2,3,5,235,At Risk,2,United Kingdom,2011-01-16 16:25:00,2011-09-12 16:12:00,0.6144961408196125,0.9996506788164813
12380,22,4,2724.81,4,3,5,435,Loyal Customers,2,Belgium,2011-06-07 09:49:00,2011-11-18 11:27:00,1.1311467959336672,0.1416556223114893
17838,27,5,2720.8,4,3,5,435,Loyal Customers,2,United Kingdom,2010-12-02 15:55:00,2011-11-13 11:20:00,1.2202814586788953,0.33556275142002556
14125,11,3,2720.63,5,2,5,525,Potential Loyalists,2,United Kingdom,2011-09-22 15:40:00,2011-11-29 12:47:00,1.1770283910161763,-0.3566909338918873
14808,40,8,2718.6,3,4,5,345,Loyal Customers,2,United Kingdom,2011-06-20 12:53:00,2011-10-31 12:21:00,1.441105946293099,0.7321292453762603
15356,31,10,2718.03,4,4,5,445,Champions,3,United Kingdom,2010-12-06 14:05:00,2011-11-08 13:11:00,1.7172585531309055,0.6517011702030577
12708,30,10,2712.91,4,4,5,445,Champions,3,Germany,2010-12-06 10:43:00,2011-11-10 09:52:00,1.7284928042806909,0.630888078777245
16938,9,4,2711.68,5,3,5,535,Loyal Customers,3,United Kingdom,2011-02-04 09:34:00,2011-12-01 10:20:00,1.4470269309666415,-0.38811394424005463
15696,33,8,2711.11,4,4,5,445,Champions,2,United Kingdom,2011-01-17 11:24:00,2011-11-06 14:02:00,1.5113127168942995,0.6124446977860584
17069,28,9,2709.7,4,4,5,445,Champions,3,United Kingdom,2010-12-01 16:49:00,2011-11-11 17:13:00,1.6671651555983136,0.5517209621916159
13285,23,4,2709.12,4,3,5,435,Loyal Customers,2,United Kingdom,2011-02-22 17:13:00,2011-11-16 13:19:00,1.1121519422289614,0.16653324087160867
15796,1,8,2708.61,5,4,5,545,Champions,3,United Kingdom,2011-02-10 15:40:00,2011-12-08 19:55:00,2.593157281716292,-1.1839667993419085
13654,43,6,2707.33,3,3,5,335,Loyal Customers,2,United Kingdom,2011-03-11 12:54:00,2011-10-27 16:24:00,1.1847565855857998,0.6792511265827683
14107,52,7,2703.23,3,4,5,345,Loyal Customers,2,United Kingdom,2010-12-10 13:29:00,2011-10-19 12:12:00,1.2337748856320332,0.8477546687168205
14732,8,8,2702.49,5,4,5,545,Champions,3,United Kingdom,2011-01-04 14:40:00,2011-12-01 14:34:00,2.017530567979749,-0.23130168897033238
17386,8,6,2686.42,5,3,5,535,Loyal Customers,3,United Kingdom,2011-06-27 12:11:00,2011-12-02 11:28:00,1.787299085616966,-0.3296057741648326
12625,212,2,2683.82,1,1,5,115,Lost,2,Germany,2011-01-24 13:27:00,2011-05-12 09:54:00,-0.1885141126477966,1.3517495296273017
13883,11,5,2674.48,5,3,5,535,Loyal Customers,3,United Kingdom,2011-03-31 17:17:00,2011-11-29 10:45:00,1.5358088478919474,-0.20782120090828604
18097,8,6,2662.4,5,3,5,535,Loyal Customers,3,United Kingdom,2010-12-20 14:49:00,2011-12-02 11:16:00,1.783042058459884,-0.33287564535476444
14713,9,11,2662.2,5,4,5,545,Champions,3,United Kingdom,2010-12-09 18:58:00,2011-11-30 16:26:00,2.2304758298558487,-0.0599343733867505
12360,52,3,2662.06,3,2,5,325,Need Attention,2,Austria,2011-05-23 09:43:00,2011-10-18 15:22:00,0.5992988719961567,0.5770247836009845
14439,320,1,2661.24,1,1,5,115,Lost,2,Greece,2011-01-24 11:39:00,2011-01-24 11:39:00,-0.7160843664496054,1.4535832584954171
15671,19,7,2657.13,4,4,5,445,Champions,3,United Kingdom,2011-03-14 09:37:00,2011-11-21 12:43:00,1.597901927143607,0.22368408165024256
12721,32,6,2656.13,4,3,5,435,Loyal Customers,2,France,2010-12-20 11:38:00,2011-11-08 12:13:00,1.2856010118651238,0.48992807266367433
13851,96,3,2651.46,2,2,5,225,Hibernating,2,United Kingdom,2011-02-24 17:18:00,2011-09-05 12:36:00,0.36652090924901903,0.95873515568334
16618,31,5,2647.59,4,3,5,435,Loyal Customers,2,United Kingdom,2011-01-21 11:55:00,2011-11-08 13:52:00,1.1563444063907087,0.41028269794964267
13658,10,5,2639.17,5,3,5,535,Loyal Customers,3,United Kingdom,2011-05-19 17:15:00,2011-11-30 10:13:00,1.5627476290652353,-0.26781946982460914
17655,11,7,2638.94,5,4,5,545,Champions,3,United Kingdom,2010-12-08 16:45:00,2011-11-29 11:34:00,1.789780421462113,-0.10264748843034718
13771,64,4,2634.45,3,3,5,335,Loyal Customers,2,United Kingdom,2011-04-06 15:47:00,2011-10-06 14:18:00,0.7183071407525492,0.7879692736043568
12520,79,5,2634.26,2,3,5,235,At Risk,2,Germany,2011-03-11 11:35:00,2011-09-21 15:23:00,0.803930789827995,0.9893146584692032
17402,5,13,2633.85,5,4,5,545,Champions,3,United Kingdom,2010-12-05 13:53:00,2011-12-05 10:15:00,2.560020642898314,-0.3286971594368963
18260,173,6,2628.35,2,3,5,235,At Risk,2,United Kingdom,2010-12-16 18:23:00,2011-06-20 12:37:00,0.6455277568289163,1.540048991791843
15752,40,7,2626.6,3,4,5,345,Loyal Customers,2,United Kingdom,2010-12-02 09:43:00,2011-10-31 11:37:00,1.3182111214393426,0.6745412065608942
13422,64,1,2626.3,3,1,5,315,Need Attention,2,United Kingdom,2011-10-06 13:42:00,2011-10-06 13:42:00,-0.11227713420532398,0.4363419379796055
13644,16,4,2624.26,4,3,5,435,Loyal Customers,2,United Kingdom,2011-08-26 11:53:00,2011-11-23 14:07:00,1.2287960200593064,-0.06365994214567995
17346,4,15,2622.88,5,4,5,545,Champions,3,United Kingdom,2010-12-01 14:34:00,2011-12-06 12:18:00,2.7485162239525134,-0.39471844472022877
18210,2,6,2621.38,5,3,5,535,Loyal Customers,3,United Kingdom,2011-03-17 16:58:00,2011-12-08 11:02:00,2.195350295472222,-1.0349782916593848
16255,17,8,2619.91,4,4,5,445,Champions,3,United Kingdom,2010-12-09 14:25:00,2011-11-23 12:40:00,1.7380405015854885,0.19681085972390655
14262,8,8,2618.23,5,4,5,545,Champions,3,United Kingdom,2011-04-13 12:23:00,2011-12-01 14:17:00,2.002517309646388,-0.24283354420165074
13021,4,9,2616.38,5,4,5,545,Champions,3,United Kingdom,2010-12-16 10:12:00,2011-12-05 16:37:00,2.3220522365352636,-0.5754074615261945
15782,10,3,2614.74,5,2,5,525,Potential Loyalists,2,United Kingdom,2011-09-11 14:29:00,2011-11-30 10:49:00,1.1914502094954649,-0.42630362484225126
14397,3,19,2612.96,5,4,5,545,Champions,3,United Kingdom,2011-05-10 12:25:00,2011-12-07 09:22:00,3.0338744817575054,-0.4521998761156368
18075,23,10,2611.75,4,4,5,445,Champions,3,United Kingdom,2010-12-14 10:48:00,2011-11-16 15:21:00,1.8082470507518693,0.4548076648912865
12836,59,4,2610.36,3,3,5,335,Loyal Customers,2,United Kingdom,2011-02-01 11:19:00,2011-10-11 15:10:00,0.7445292257310797,0.7338829179882864
12726,28,7,2609.1,4,4,5,445,Champions,2,France,2010-12-17 12:56:00,2011-11-11 13:35:00,1.4473194801872578,0.45259053275416106
13136,56,5,2607.61,3,3,5,335,Loyal Customers,2,United Kingdom,2011-05-11 12:47:00,2011-10-14 13:41:00,0.9285992263417285,0.7707241126705748
13983,30,12,2603.43,4,4,5,445,Champions,3,United Kingdom,2010-12-08 10:38:00,2011-11-10 11:06:00,1.860129427720298,0.679792886764972
17317,46,3,2600.34,3,2,5,325,Need Attention,2,United Kingdom,2011-09-11 12:45:00,2011-10-24 17:19:00,0.6340752187660441,0.4923207144885331
17965,38,14,2599.19,3,4,5,345,Loyal Customers,3,United Kingdom,2010-12-05 15:54:00,2011-11-02 09:31:00,1.901146262454998,0.8794738582900195
12600,29,10,2599.04,4,4,5,445,Champions,3,Germany,2010-12-03 12:57:00,2011-11-11 10:29:00,1.7206944511481457,0.5944903367289622
14408,11,7,2599.03,5,4,5,545,Champions,3,United Kingdom,2011-03-20 14:41:00,2011-11-29 11:41:00,1.7825575120616708,-0.10819548765245757
13895,28,4,2593.07,4,3,5,435,Loyal Customers,2,United Kingdom,2011-06-28 10:17:00,2011-11-11 16:57:00,1.0191105325062604,0.270561192035882
16919,156,11,2592.25,2,4,5,245,At Risk,2,United Kingdom,2010-12-06 12:52:00,2011-07-06 13:35:00,1.1659625797066653,1.676016139271694
16241,10,13,2590.31,5,4,5,545,Champions,3,United Kingdom,2010-12-05 11:04:00,2011-11-30 11:08:00,2.3205772575470487,0.049485447970352384
14243,9,10,2588.77,5,4,5,545,Champions,3,United Kingdom,2010-12-09 08:34:00,2011-12-01 11:12:00,2.138485556976794,-0.10340085540374747
13804,31,7,2588.39,4,4,5,445,Champions,2,United Kingdom,2011-02-23 09:09:00,2011-11-09 12:32:00,1.4059383471511517,0.5120939006581057
18077,8,11,2584.41,5,4,5,545,Champions,3,United Kingdom,2010-12-08 10:21:00,2011-12-01 13:32:00,2.2566673246252424,-0.13752276883925454
13911,57,9,2580.91,3,4,5,345,Loyal Customers,2,United Kingdom,2011-02-04 14:46:00,2011-10-13 15:43:00,1.3793036244544177,0.9734032931793913
14546,5,5,2573.93,5,3,5,535,Loyal Customers,3,United Kingdom,2011-04-05 12:37:00,2011-12-04 13:00:00,1.7824264683113653,-0.6611834508774892
18245,7,7,2567.06,5,4,5,545,Champions,3,United Kingdom,2010-12-19 14:58:00,2011-12-02 14:48:00,1.9315780103353881,-0.3697403923016254
15485,30,3,2564.5,4,2,5,425,Potential Loyalists,2,United Kingdom,2010-12-01 13:23:00,2011-11-09 14:31:00,0.7864695544432323,0.2234489853039697
16308,38,4,2560.0,3,3,5,335,Loyal Customers,2,United Kingdom,2011-03-23 14:46:00,2011-11-02 11:24:00,0.8998540416016688,0.4537018885559359
15033,5,10,2557.18,5,4,5,545,Champions,3,United Kingdom,2011-01-14 13:28:00,2011-12-05 12:40:00,2.32780061361798,-0.4317014312479754
16912,29,11,2555.58,4,4,5,445,Champions,3,United Kingdom,2011-01-20 15:42:00,2011-11-11 12:18:00,1.7914350916456208,0.621634733366359
14334,17,8,2552.21,4,4,5,445,Champions,3,United Kingdom,2010-12-16 17:37:00,2011-11-23 10:01:00,1.7256317583090768,0.18727956226076997
14676,31,6,2548.24,4,3,5,435,Loyal Customers,2,United Kingdom,2011-03-01 14:26:00,2011-11-08 13:29:00,1.277701351449071,0.45532406575577455
14776,51,11,2538.3,3,4,5,345,Loyal Customers,3,United Kingdom,2011-01-31 13:17:00,2011-10-19 15:34:00,1.5781027781851038,0.9678588227282321
17700,17,4,2534.64,4,3,5,435,Loyal Customers,2,United Kingdom,2011-03-03 16:34:00,2011-11-23 11:51:00,1.190492363492413,-0.04007539637693853
15572,5,7,2533.42,5,4,5,545,Champions,3,United Kingdom,2011-03-06 14:44:00,2011-12-05 10:09:00,2.0352198025943875,-0.5569147574557399
14659,9,9,2529.93,5,4,5,545,Champions,3,United Kingdom,2011-01-28 12:43:00,2011-12-01 12:17:00,2.041345938325797,-0.1482291143829617
17314,25,8,2527.92,4,4,5,445,Champions,3,United Kingdom,2011-01-31 11:25:00,2011-11-15 09:41:00,1.580629146744386,0.4169120482554114
14701,11,9,2526.09,5,4,5,545,Champions,3,United Kingdom,2011-01-27 12:40:00,2011-11-29 12:38:00,1.970979518968832,-0.03320193696427663
13394,2,8,2520.02,5,4,5,545,Champions,3,United Kingdom,2011-02-03 10:39:00,2011-12-08 11:36:00,2.404064301661131,-0.9532020257210867
17449,2,7,2519.21,5,4,5,545,Champions,3,United Kingdom,2010-12-15 10:57:00,2011-12-07 16:56:00,2.2973346624098174,-0.9983734008105957
15245,134,3,2515.84,2,2,5,225,Hibernating,2,United Kingdom,2011-03-23 13:42:00,2011-07-28 18:56:00,0.2153609186670898,1.1491767450477415
13344,68,3,2511.69,3,2,5,325,Need Attention,2,United Kingdom,2011-03-07 10:28:00,2011-10-03 09:45:00,0.4709633817273485,0.7230980586613625
12352,36,8,2506.04,3,4,5,345,Loyal Customers,2,Norway,2011-02-16 12:33:00,2011-11-03 14:37:00,1.441731883227469,0.637413405228609
13695,31,15,2504.13,4,4,5,445,Champions,3,United Kingdom,2011-03-25 11:31:00,2011-11-08 14:26:00,2.017454291305218,0.765187894118304
13471,1,4,2501.84,5,3,5,535,Loyal Customers,3,United Kingdom,2011-10-23 13:10:00,2011-12-08 15:44:00,2.0236542661851242,-1.437716847606699
15932,4,8,2495.87,5,4,5,545,Champions,3,United Kingdom,2011-02-23 14:50:00,2011-12-05 17:13:00,2.2043658856985813,-0.6328770267869466
16477,64,7,2494.46,3,4,5,345,Loyal Customers,2,United Kingdom,2010-12-03 12:48:00,2011-10-07 09:44:00,1.1177152499472651,0.9478763612720529
15271,7,15,2493.34,5,4,5,545,Champions,3,United Kingdom,2010-12-09 13:47:00,2011-12-02 14:11:00,2.544969293042954,-0.11520592987536593
12483,17,8,2484.98,4,4,5,445,Champions,3,Sweden,2011-01-04 14:20:00,2011-11-22 17:02:00,1.7129791813071669,0.17756097332761922
12913,5,5,2483.63,5,3,5,535,Loyal Customers,3,United Kingdom,2010-12-06 16:36:00,2011-12-05 12:11:00,1.765499781440591,-0.674185032426638
12517,28,5,2481.6,4,3,5,435,Loyal Customers,2,Germany,2011-06-02 15:13:00,2011-11-11 14:04:00,1.163260483909814,0.3243063271880675
14315,45,6,2481.13,3,3,5,335,Loyal Customers,2,United Kingdom,2011-03-18 12:59:00,2011-10-26 12:06:00,1.1264225546551077,0.6756665628333192
13507,3,4,2479.16,5,3,5,535,Loyal Customers,3,United Kingdom,2011-07-17 11:50:00,2011-12-06 13:13:00,1.754557183394372,-1.0016213294813132
13588,16,9,2478.95,4,4,5,445,Champions,3,United Kingdom,2011-03-29 15:53:00,2011-11-24 10:42:00,1.8289986871479633,0.18074419396222105
17682,10,6,2474.33,5,3,5,535,Loyal Customers,3,United Kingdom,2010-12-06 13:35:00,2011-11-29 15:59:00,1.671663945545622,-0.23233389094599008
17188,11,7,2474.23,5,4,5,545,Champions,3,United Kingdom,2010-12-12 12:56:00,2011-11-28 13:53:00,1.759233960186402,-0.12611057428678818
14766,8,6,2473.37,5,3,5,535,Loyal Customers,3,United Kingdom,2010-12-08 15:33:00,2011-12-01 16:05:00,1.7481358244019065,-0.3596875224895666
16710,19,10,2467.99,4,4,5,445,Champions,3,United Kingdom,2010-12-06 13:13:00,2011-11-20 14:50:00,1.8510590922237542,0.31861565504886913
17164,33,7,2467.35,4,4,5,445,Champions,2,United Kingdom,2011-03-11 14:26:00,2011-11-07 09:14:00,1.360080890767181,0.5330906845820438
12455,73,6,2466.86,2,3,5,235,At Risk,2,Spain,2011-02-16 09:56:00,2011-09-27 15:31:00,0.9420778208143546,0.974954819996061
17131,5,5,2463.17,5,3,5,535,Loyal Customers,3,United Kingdom,2011-09-25 12:42:00,2011-12-04 12:52:00,1.761579122692133,-0.6771965351993675
15750,3,8,2463.05,5,4,5,545,Champions,3,United Kingdom,2010-12-08 10:36:00,2011-12-07 12:34:00,2.283332435304688,-0.7791547417113961
13784,10,11,2462.79,5,4,5,545,Champions,3,United Kingdom,2011-01-11 14:38:00,2011-11-30 09:33:00,2.157165145905055,-0.027858973710084636
13975,31,6,2461.24,4,3,5,435,Loyal Customers,2,United Kingdom,2011-03-08 12:19:00,2011-11-08 13:19:00,1.2612368825021751,0.44267751907414965
15674,73,5,2446.6,2,3,5,235,At Risk,2,United Kingdom,2011-03-30 09:19:00,2011-09-27 15:17:00,0.798684224409728,0.9129868485529641
14163,87,4,2445.91,2,3,5,235,At Risk,2,United Kingdom,2011-04-14 17:33:00,2011-09-13 15:18:00,0.5673854287613729,0.9529857271578055
14502,20,11,2429.83,4,4,5,445,Champions,3,United Kingdom,2011-01-30 15:52:00,2011-11-20 11:50:00,1.9037689086437226,0.3771560709165208
17071,28,9,2429.03,4,4,5,445,Champions,3,United Kingdom,2011-02-03 08:18:00,2011-11-11 16:31:00,1.6153383877551668,0.5119122297630087
15527,19,8,2428.53,4,4,5,445,Champions,3,United Kingdom,2010-12-20 14:15:00,2011-11-21 12:17:00,1.6618407364528691,0.23598733143591932
13949,3,6,2427.32,5,3,5,535,Loyal Customers,3,United Kingdom,2011-09-06 11:55:00,2011-12-07 09:35:00,2.0490019862016884,-0.8806072900840151
16143,3,6,2424.94,5,3,5,535,Loyal Customers,3,United Kingdom,2010-12-05 15:18:00,2011-12-06 14:13:00,2.0485370377562484,-0.8809644222963428
17722,96,4,2424.04,2,3,5,235,At Risk,2,United Kingdom,2010-12-08 12:41:00,2011-09-04 15:22:00,0.5259317311051339,1.0114448837216272
15089,10,6,2420.84,5,3,5,535,Loyal Customers,3,United Kingdom,2011-08-03 14:14:00,2011-11-29 16:31:00,1.661305477478793,-0.2402903485991213
15373,8,12,2415.91,5,4,5,545,Champions,3,United Kingdom,2010-12-03 14:40:00,2011-12-01 15:05:00,2.2971394924090087,-0.13145012322556865
12397,36,2,2409.9,3,1,5,315,Need Attention,2,Belgium,2011-07-27 14:21:00,2011-11-04 09:52:00,0.4290997862241313,0.20293114708149007
17589,60,4,2404.17,3,3,5,335,Loyal Customers,2,United Kingdom,2011-04-13 13:47:00,2011-10-10 16:58:00,0.699215499805825,0.7144054238794993
15980,89,3,2398.86,2,2,5,225,Hibernating,2,United Kingdom,2011-03-30 15:05:00,2011-09-12 09:41:00,0.3476809418564298,0.8748040147067097
18065,6,14,2392.83,5,4,5,545,Champions,3,United Kingdom,2010-12-10 12:44:00,2011-12-04 10:30:00,2.5180778160153894,-0.2395230981850835
13141,85,5,2388.75,2,3,5,235,At Risk,2,United Kingdom,2011-01-28 13:04:00,2011-09-16 09:54:00,0.7299353038841524,0.9995446570705526
15370,41,7,2386.05,3,4,5,345,Loyal Customers,2,United Kingdom,2011-01-11 11:32:00,2011-10-30 10:58:00,1.2634810024988725,0.6548493117952348
14493,7,5,2383.24,5,3,5,535,Loyal Customers,3,United Kingdom,2011-07-07 16:59:00,2011-12-02 16:14:00,1.6360500454777307,-0.5068340436510953
14239,43,11,2380.85,3,4,5,345,Loyal Customers,3,United Kingdom,2011-01-27 14:45:00,2011-10-27 14:40:00,1.6115659543521297,0.83864417749998
15270,16,7,2379.49,4,4,5,445,Champions,3,United Kingdom,2011-02-02 13:25:00,2011-11-24 09:24:00,1.6076766428221074,0.08047974869585985
13722,132,3,2375.41,2,2,5,225,Hibernating,2,United Kingdom,2011-03-02 11:43:00,2011-07-31 12:44:00,0.19383969890539526,1.1188047049964114
17434,2,7,2373.82,5,4,5,545,Champions,3,United Kingdom,2011-09-15 13:54:00,2011-12-07 13:16:00,2.269160061134816,-1.0200146339053109
13908,80,4,2369.55,2,3,5,235,At Risk,2,United Kingdom,2011-03-08 12:04:00,2011-09-21 11:49:00,0.5840157174835451,0.8888935285989663
17530,1,10,2367.12,5,4,5,545,Champions,3,United Kingdom,2010-12-09 20:01:00,2011-12-08 18:42:00,2.7108636578865046,-1.1562676441845146
15755,10,6,2364.25,5,3,5,535,Loyal Customers,3,United Kingdom,2011-02-18 11:53:00,2011-11-29 14:57:00,1.6500946111369308,-0.24890154310476298
12457,66,7,2363.23,3,4,5,345,Loyal Customers,2,Switzerland,2011-04-14 18:57:00,2011-10-04 13:13:00,1.080524454893915,0.9474134410670894
14930,109,3,2362.96,2,2,5,225,Hibernating,2,Channel Islands,2011-03-10 14:42:00,2011-08-23 10:31:00,0.26387855846243263,0.9965270019741149
14030,18,8,2358.84,4,4,5,445,Champions,3,United Kingdom,2010-12-08 16:11:00,2011-11-21 16:48:00,1.6676348477182188,0.19287086819188878
17634,36,9,2358.59,3,4,5,345,Loyal Customers,3,United Kingdom,2011-01-06 12:45:00,2011-11-03 13:09:00,1.5083276078754866,0.6556396768749495
14440,8,5,2357.68,5,3,5,535,Loyal Customers,3,United Kingdom,2010-12-09 12:49:00,2011-12-01 15:42:00,1.5859465822039382,-0.43609264418047605
15140,52,7,2354.25,3,4,5,345,Loyal Customers,2,United Kingdom,2011-03-20 14:37:00,2011-10-18 14:07:00,1.168260653330161,0.7974324384773417
14309,8,9,2352.53,5,4,5,545,Champions,3,United Kingdom,2010-12-16 13:05:00,2011-12-01 13:33:00,2.0471363255377195,-0.2414878336044598
12704,7,8,2340.84,5,4,5,545,Champions,3,Finland,2011-06-23 10:20:00,2011-12-02 13:15:00,1.9944315914463935,-0.358270718692243
18259,25,3,2338.6,4,2,5,425,Potential Loyalists,2,United Kingdom,2010-12-08 13:38:00,2011-11-15 12:34:00,0.8099548997892506,0.07837562430903446
12584,4,9,2338.15,5,4,5,545,Champions,3,Italy,2011-03-04 15:15:00,2011-12-06 09:35:00,2.26876369416021,-0.6163389996714875
18257,39,8,2337.63,3,4,5,345,Loyal Customers,2,United Kingdom,2011-02-16 15:13:00,2011-10-31 14:48:00,1.3789791442997006,0.6615101726797781
15281,59,9,2332.15,3,4,5,345,Loyal Customers,2,United Kingdom,2011-01-10 15:51:00,2011-10-12 09:10:00,1.3183165289942573,0.9579971113832758
12782,5,5,2330.92,5,3,5,535,Loyal Customers,3,Portugal,2010-12-17 11:30:00,2011-12-05 09:16:00,1.7354232444121434,-0.6972871641005292
15785,33,5,2328.97,4,3,5,435,Loyal Customers,2,United Kingdom,2011-02-17 14:17:00,2011-11-07 11:33:00,1.0724124409699263,0.4020340165344287
17313,31,1,2328.84,4,1,5,415,Recent Customers,2,United Kingdom,2011-11-08 15:45:00,2011-11-08 15:45:00,0.10145311240643066,-0.056659332150716384
17744,4,6,2322.4,5,3,5,535,Loyal Customers,3,United Kingdom,2010-12-16 14:17:00,2011-12-06 12:11:00,1.9428190782509909,-0.7552347709128476
17211,27,8,2317.22,4,4,5,445,Champions,3,United Kingdom,2010-12-05 12:44:00,2011-11-13 12:03:00,1.5110719845472806,0.43220864170705003
14290,11,5,2314.65,5,3,5,535,Loyal Customers,3,United Kingdom,2010-12-13 10:24:00,2011-11-28 14:02:00,1.4673225881354186,-0.26042627938694063
15365,26,7,2314.32,4,4,5,445,Champions,2,United Kingdom,2011-01-28 13:08:00,2011-11-14 08:29:00,1.4177935618456514,0.36364365871667675
17954,5,12,2314.13,5,4,5,545,Champions,3,United Kingdom,2010-12-03 14:18:00,2011-12-04 14:15:00,2.4316262740981758,-0.40415854161069986
13704,5,9,2308.06,5,4,5,545,Champions,3,United Kingdom,2011-09-12 14:40:00,2011-12-04 15:13:00,2.192978284062568,-0.505474210945102
15288,43,5,2306.52,3,3,5,335,Loyal Customers,2,United Kingdom,2010-12-09 13:59:00,2011-10-27 16:58:00,0.9693314443856199,0.5619549027226226
16550,109,5,2298.97,2,3,5,235,At Risk,2,United Kingdom,2010-12-06 13:53:00,2011-08-23 11:12:00,0.6177562764798207,1.1416308852336625
15105,18,7,2298.93,4,4,5,445,Champions,3,United Kingdom,2011-07-28 10:09:00,2011-11-21 16:54:00,1.5488646054348931,0.1384509683664539
13115,12,4,2294.78,5,3,5,535,Loyal Customers,2,United Kingdom,2011-06-08 16:15:00,2011-11-28 12:38:00,1.2676846131185417,-0.28256456071082864
15704,140,4,2293.62,2,3,5,235,At Risk,2,United Kingdom,2011-05-08 12:42:00,2011-07-22 13:35:00,0.35683411101940443,1.228434420460125
12615,2,4,2291.19,5,3,5,535,Loyal Customers,3,France,2011-06-24 13:35:00,2011-12-07 15:02:00,1.8270804091272441,-1.212698221070215
17696,38,8,2285.71,3,4,5,345,Loyal Customers,2,United Kingdom,2010-12-10 09:51:00,2011-11-01 13:43:00,1.3780051424517659,0.6372834875864264
12684,8,7,2283.63,5,4,5,545,Champions,3,France,2011-05-10 12:55:00,2011-12-02 09:53:00,1.8311342149371117,-0.3376659770036609
14554,10,4,2279.49,5,3,5,535,Loyal Customers,2,United Kingdom,2011-10-18 13:04:00,2011-11-29 16:44:00,1.328330479275035,-0.3908998712339821
13994,4,6,2274.14,5,3,5,535,Loyal Customers,3,United Kingdom,2011-07-14 18:28:00,2011-12-06 11:05:00,1.9328665335714539,-0.7628794341750935
13317,66,6,2273.68,3,3,5,335,Loyal Customers,2,United Kingdom,2010-12-16 09:22:00,2011-10-04 13:35:00,0.9413885417254895,0.8822720231539809
14466,29,7,2272.4,4,4,5,445,Champions,2,United Kingdom,2010-12-02 13:36:00,2011-11-10 14:07:00,1.3688825700491225,0.42378094896418295
16782,10,13,2267.95,5,4,5,545,Champions,3,United Kingdom,2010-12-09 11:28:00,2011-11-29 13:20:00,2.2575874127766067,0.0011022286313595176
16057,16,7,2263.12,4,4,5,445,Champions,3,United Kingdom,2011-02-28 10:35:00,2011-11-23 15:23:00,1.583911877843767,0.06222576123681769
16209,89,5,2262.62,2,3,5,235,At Risk,2,United Kingdom,2011-04-07 12:23:00,2011-09-12 11:58:00,0.6868584145941581,1.0086164716372226
16293,22,10,2248.99,4,4,5,445,Champions,3,United Kingdom,2010-12-07 15:02:00,2011-11-18 09:58:00,1.7536291344512633,0.3733872367672181
13700,26,10,2248.63,4,4,5,445,Champions,3,United Kingdom,2011-01-16 13:18:00,2011-11-13 13:00:00,1.6923026910607997,0.47497591968370395
17442,37,6,2248.56,3,3,5,335,Loyal Customers,2,United Kingdom,2011-02-22 13:02:00,2011-11-03 09:17:00,1.1527567017243416,0.5187184904471092
14432,10,6,2248.5,5,3,5,535,Loyal Customers,3,United Kingdom,2011-09-11 14:09:00,2011-11-30 08:04:00,1.6263034978426085,-0.26717576900630347
15235,218,12,2247.51,1,4,5,145,At Risk,2,United Kingdom,2010-12-01 17:22:00,2011-05-06 09:44:00,1.0436157493703977,1.8656727451618071
16735,79,5,2247.41,2,3,5,235,At Risk,2,United Kingdom,2011-01-09 12:53:00,2011-09-22 11:49:00,0.7286545412599864,0.931494112018332
16771,33,5,2242.61,4,3,5,435,Loyal Customers,2,United Kingdom,2011-01-05 13:57:00,2011-11-06 13:28:00,1.0545039571599941,0.38827830554065695
13527,34,7,2242.36,3,4,5,345,Loyal Customers,2,United Kingdom,2011-01-17 11:17:00,2011-11-06 12:04:00,1.3036902117998146,0.5166580368286016
14211,53,9,2241.1,3,4,5,345,Loyal Customers,2,United Kingdom,2011-02-17 15:50:00,2011-10-17 13:23:00,1.3396896290679519,0.87670765192159
14560,7,22,2237.77,5,4,5,545,Champions,3,United Kingdom,2010-12-17 09:22:00,2011-12-02 15:22:00,2.822093244404594,-0.015757004522147754
16076,3,10,2234.73,5,4,5,545,Champions,3,United Kingdom,2011-05-15 12:31:00,2011-12-06 14:59:00,2.418805316266672,-0.7378089312659915
18242,72,4,2232.49,3,3,5,335,Loyal Customers,2,United Kingdom,2011-05-10 11:20:00,2011-09-28 13:43:00,0.5955004820927982,0.8012799430673448
12783,2,6,2225.91,5,3,5,535,Loyal Customers,3,Portugal,2011-09-25 15:35:00,2011-12-07 15:56:00,2.117841353203777,-1.0945137956469615
13365,34,2,2225.37,3,1,5,315,Need Attention,2,United Kingdom,2011-05-06 12:00:00,2011-11-06 12:36:00,0.41257145824410313,0.13870268584730855
15834,70,4,2225.15,3,3,5,335,Loyal Customers,2,United Kingdom,2011-03-07 17:52:00,2011-09-30 14:41:00,0.6045514192538263,0.7824706114203289
15665,168,2,2222.21,2,1,5,215,Hibernating,2,United Kingdom,2011-04-10 15:09:00,2011-06-24 14:57:00,-0.18957721781285067,1.1363495542859798
14825,4,12,2221.01,5,4,5,545,Champions,3,United Kingdom,2010-12-06 12:30:00,2011-12-06 11:38:00,2.4818069283952005,-0.5346906357660387
15811,22,6,2218.62,4,3,5,435,Loyal Customers,2,United Kingdom,2010-12-09 15:29:00,2011-11-17 15:31:00,1.3382017858872823,0.19554454814955802
12876,58,2,2218.02,3,1,5,315,Need Attention,2,Belgium,2011-05-27 13:34:00,2011-10-13 12:26:00,0.2115282197113296,0.46853292596240814
14226,29,5,2214.79,4,3,5,435,Loyal Customers,2,United Kingdom,2011-03-15 15:36:00,2011-11-11 11:34:00,1.096399905097168,0.3043886557325809
16743,29,7,2213.13,4,4,5,445,Champions,2,United Kingdom,2010-12-16 12:15:00,2011-11-10 13:13:00,1.3563568223514424,0.4141597790684583
15722,36,5,2211.21,3,3,5,335,Loyal Customers,2,United Kingdom,2011-02-22 12:24:00,2011-11-04 11:43:00,1.0155203795462915,0.4367491148884416
12653,149,2,2209.85,2,1,5,215,Hibernating,2,Israel,2011-02-16 10:53:00,2011-07-14 10:41:00,-0.146662265686747,1.0587137377744853
13862,18,8,2209.36,4,4,5,445,Champions,3,United Kingdom,2011-01-11 15:13:00,2011-11-21 16:24:00,1.636606856196926,0.16903791345300737
15797,113,4,2207.4,2,3,5,235,At Risk,2,United Kingdom,2011-01-24 15:47:00,2011-08-18 17:04:00,0.4198724825780857,1.079735440001518
15179,18,5,2206.95,4,3,5,435,Loyal Customers,2,United Kingdom,2011-01-24 13:48:00,2011-11-21 12:53:00,1.2692000507375918,0.013542183578412144
17591,73,7,2203.67,2,4,5,245,At Risk,2,United Kingdom,2010-12-07 15:39:00,2011-09-27 13:42:00,1.0094329622033784,0.9849606071105573
15123,7,2,2199.31,5,1,5,515,Recent Customers,0,United Kingdom,2011-05-17 14:57:00,2011-12-02 13:12:00,0.9707820002147873,-0.8012156400155463
13831,16,6,2198.45,4,3,5,435,Loyal Customers,3,United Kingdom,2010-12-05 12:13:00,2011-11-23 15:41:00,1.449344060412226,0.000593149843310548
14700,32,3,2195.1,4,2,5,425,Potential Loyalists,2,United Kingdom,2011-04-15 13:16:00,2011-11-07 14:40:00,0.6888697810556703,0.20645991999349692
16628,30,5,2188.05,4,3,5,435,Loyal Customers,2,United Kingdom,2011-04-19 08:55:00,2011-11-10 12:45:00,1.0781173747498547,0.3207533732423932
17406,333,3,2184.42,1,2,5,125,Lost,2,United Kingdom,2010-12-08 10:35:00,2011-01-10 15:07:00,-0.19762708968518578,1.6720136166711999
15394,10,4,2183.54,5,3,5,535,Loyal Customers,2,United Kingdom,2010-12-16 12:46:00,2011-11-30 11:49:00,1.3079488778816337,-0.40655521209552364
12909,40,5,2178.67,3,3,5,335,Loyal Customers,2,United Kingdom,2011-03-31 12:51:00,2011-10-31 12:43:00,0.9692804109226979,0.4964282962191293
12856,8,6,2170.78,5,3,5,535,Loyal Customers,3,United Kingdom,2011-10-07 12:38:00,2011-12-02 10:52:00,1.6862875848028682,-0.40719386185516276
12501,337,1,2169.39,1,1,5,115,Lost,1,Germany,2011-01-07 12:28:00,2011-01-07 12:28:00,-0.8326487744419527,1.411904641428429
14341,45,8,2166.98,3,4,5,345,Loyal Customers,2,United Kingdom,2011-01-25 13:55:00,2011-10-25 15:48:00,1.289663865312193,0.7225147318717206
12633,59,4,2163.98,3,3,5,335,Loyal Customers,2,Germany,2011-02-25 08:44:00,2011-10-12 11:40:00,0.6556440081371299,0.6656091669651656
12935,2,7,2160.7,5,4,5,545,Champions,3,United Kingdom,2011-01-24 13:58:00,2011-12-07 17:25:00,2.2245767805698247,-1.0542595610088628
16456,99,5,2158.18,2,3,5,235,At Risk,2,United Kingdom,2010-12-01 14:11:00,2011-09-01 13:50:00,0.6242133253949748,1.0582044447769094
14407,107,6,2157.73,2,3,5,235,At Risk,2,United Kingdom,2011-03-08 11:59:00,2011-08-24 14:02:00,0.734200461433955,1.1658825785696798
16379,4,4,2157.4,5,3,5,535,Loyal Customers,3,United Kingdom,2011-09-22 09:33:00,2011-12-05 15:38:00,1.6034300953284901,-0.9107709484809733
13224,60,2,2155.95,3,1,5,315,Need Attention,2,United Kingdom,2011-07-11 14:10:00,2011-10-10 14:55:00,0.18534175760484706,0.47933343193263833
16966,8,7,2154.97,5,4,5,545,Champions,3,United Kingdom,2011-04-13 14:17:00,2011-12-01 13:40:00,1.803650571588949,-0.35877647742154395
17272,42,4,2148.63,3,3,5,335,Loyal Customers,2,United Kingdom,2011-03-22 12:05:00,2011-10-28 16:37:00,0.7795307200018669,0.45182549050660603
14828,197,3,2139.76,1,2,5,125,Lost,2,United Kingdom,2011-01-07 09:50:00,2011-05-27 10:16:00,-0.007680228791795121,1.3330252749935307
12560,5,3,2134.01,5,2,5,525,Potential Loyalists,0,Germany,2011-07-19 15:55:00,2011-12-04 13:54:00,1.326703399247094,-0.8845159117167412
13517,60,3,2128.42,3,2,5,325,Need Attention,2,United Kingdom,2011-06-13 08:44:00,2011-10-11 11:43:00,0.4395632439906494,0.584699105299172
18061,22,10,2119.41,4,4,5,445,Champions,3,United Kingdom,2010-12-08 13:03:00,2011-11-18 11:20:00,1.7255039784467952,0.3517839831496425
13632,25,5,2118.93,4,3,5,435,Loyal Customers,2,United Kingdom,2011-04-10 15:07:00,2011-11-15 10:51:00,1.130094171119487,0.1975646212536475
14360,32,4,2118.03,4,3,5,435,Loyal Customers,2,United Kingdom,2011-09-06 11:58:00,2011-11-08 09:12:00,0.8738446377678284,0.2788056752380297
18008,70,9,2116.19,3,4,5,345,Loyal Customers,2,United Kingdom,2011-01-25 12:26:00,2011-09-30 15:17:00,1.207958259774813,1.0293359097447994
14691,31,5,2114.33,4,3,5,435,Loyal Customers,2,United Kingdom,2011-05-11 09:55:00,2011-11-09 12:30:00,1.049746368525766,0.3284035273321915
13755,4,9,2108.06,5,4,5,545,Champions,3,United Kingdom,2011-10-07 15:45:00,2011-12-06 12:26:00,2.219667131209588,-0.6540506305333768
14640,24,6,2107.38,4,3,5,435,Loyal Customers,2,United Kingdom,2011-04-26 12:31:00,2011-11-15 13:07:00,1.2819709339622005,0.2296771669020236
18173,87,4,2106.84,2,3,5,235,At Risk,2,United Kingdom,2011-03-10 11:56:00,2011-09-14 11:26:00,0.4966593056810296,0.8986601840728256
18093,93,4,2106.52,2,3,5,235,At Risk,2,United Kingdom,2011-02-10 12:15:00,2011-09-07 15:43:00,0.4713915047134533,0.9404180114905786
14461,148,3,2103.06,2,2,5,225,Hibernating,2,United Kingdom,2011-03-23 12:15:00,2011-07-14 17:11:00,0.09273057744462125,1.1464863081712393
15058,25,11,2102.54,4,4,5,445,Champions,3,United Kingdom,2011-01-31 15:35:00,2011-11-14 14:57:00,1.7536158610303807,0.45988036517850717
15815,64,5,2100.6,3,3,5,335,Loyal Customers,2,United Kingdom,2011-03-25 08:43:00,2011-10-07 12:42:00,0.7759553225765653,0.7752714113808494
13126,5,8,2099.64,5,4,5,545,Champions,3,United Kingdom,2010-12-08 11:42:00,2011-12-05 10:00:00,2.0527872846493143,-0.580229853861631
12610,23,5,2099.54,4,3,5,435,Loyal Customers,2,Italy,2011-08-05 13:52:00,2011-11-17 09:34:00,1.1563134928336412,0.1434761431426431
17861,3,8,2097.88,5,4,5,545,Champions,3,United Kingdom,2011-01-24 11:34:00,2011-12-06 16:21:00,2.207276713195653,-0.837574010693524
17400,126,5,2097.84,2,3,5,235,At Risk,2,United Kingdom,2010-12-21 17:16:00,2011-08-05 15:38:00,0.5194700196782946,1.1994029355503981
16875,67,5,2095.53,3,3,5,335,Loyal Customers,2,United Kingdom,2011-01-04 10:37:00,2011-10-03 13:39:00,0.7575741489527492,0.802995189323701
17191,28,7,2093.68,4,4,5,445,Champions,2,United Kingdom,2010-12-06 14:36:00,2011-11-11 16:58:00,1.3430110714880588,0.3724700524547264
14306,51,2,2093.32,3,1,5,315,Need Attention,2,United Kingdom,2011-09-15 10:31:00,2011-10-19 13:23:00,0.2323485594271952,0.36740641185849804
13265,53,5,2092.66,3,3,5,335,Loyal Customers,2,United Kingdom,2011-03-11 09:54:00,2011-10-17 15:02:00,0.8449841963284913,0.6563590574432283
17490,1,7,2092.32,5,4,5,545,Champions,3,United Kingdom,2011-06-16 09:15:00,2011-12-09 09:08:00,2.3642225627408924,-1.3230052921894864
13297,8,4,2089.85,5,3,5,535,Loyal Customers,3,United Kingdom,2011-10-03 15:08:00,2011-12-02 09:32:00,1.3638202643632473,-0.5497323171638782
13571,13,12,2088.94,5,4,5,545,Champions,3,United Kingdom,2011-03-31 12:43:00,2011-11-27 10:47:00,2.059439615803015,0.09570477888279502
18044,4,10,2088.6,5,4,5,545,Champions,3,United Kingdom,2010-12-14 12:25:00,2011-12-05 14:26:00,2.30151431557651,-0.6209686650224195
14810,41,11,2085.33,3,4,5,345,Loyal Customers,3,United Kingdom,2010-12-05 12:08:00,2011-10-30 11:19:00,1.5665246676819347,0.7609069783648298
16954,1,9,2085.08,5,4,5,545,Champions,3,United Kingdom,2010-12-15 10:41:00,2011-12-09 09:46:00,2.56449368135179,-1.2389103034421483
17768,8,3,2081.9,5,2,5,525,Potential Loyalists,0,United Kingdom,2011-06-26 13:46:00,2011-12-01 13:22:00,1.1601000699261184,-0.6364765804542084
16407,13,10,2079.68,5,4,5,545,Champions,3,United Kingdom,2011-01-31 14:02:00,2011-11-27 11:05:00,1.906173366040802,0.03018600782846662
14696,4,7,2078.95,5,4,5,545,Champions,3,United Kingdom,2010-12-01 15:37:00,2011-12-05 13:43:00,2.011163196885022,-0.7444693390787809
14515,18,6,2076.89,4,3,5,435,Loyal Customers,2,United Kingdom,2011-05-05 12:13:00,2011-11-22 11:37:00,1.3798982727734674,0.0503964644699796
14209,11,6,2073.43,5,3,5,535,Loyal Customers,3,United Kingdom,2011-01-11 12:56:00,2011-11-29 10:18:00,1.5546485062767097,-0.24152453211266403
18241,10,17,2073.09,5,4,5,545,Champions,3,United Kingdom,2011-05-06 09:22:00,2011-11-30 12:10:00,2.442415384471358,0.06453135861018187
18231,192,5,2071.77,1,3,5,135,At Risk,2,United Kingdom,2011-02-24 09:08:00,2011-05-31 14:18:00,0.35367623125637354,1.460154906538109
18219,3,10,2069.77,5,4,5,545,Champions,3,United Kingdom,2010-12-06 10:05:00,2011-12-07 11:43:00,2.3824625833953355,-0.7657241995493231
12948,16,7,2064.95,4,4,5,445,Champions,3,United Kingdom,2011-03-20 10:17:00,2011-11-23 17:10:00,1.5404811283991258,0.0288661064528618
12928,35,5,2062.7,3,3,5,335,Loyal Customers,2,United Kingdom,2010-12-15 15:45:00,2011-11-04 14:24:00,0.993036938842545,0.3940708085398078
16281,72,1,2062.06,3,1,5,315,Need Attention,2,United Kingdom,2011-09-28 14:57:00,2011-09-28 14:57:00,-0.2712513473584367,0.4218718956725523
14409,71,6,2059.45,3,3,5,335,Loyal Customers,2,United Kingdom,2010-12-06 15:03:00,2011-09-29 18:18:00,0.8669937221252001,0.8918733473599372
12518,1,5,2056.89,5,3,5,535,Loyal Customers,3,Germany,2011-08-21 13:18:00,2011-12-09 10:13:00,2.0958163899339097,-1.4392663852363181
17667,66,5,2055.51,3,3,5,335,Loyal Customers,2,United Kingdom,2011-02-14 09:24:00,2011-10-04 14:32:00,0.7540949749931781,0.7865839830064705
14188,31,6,2054.36,4,3,4,434,Loyal Customers,2,United Kingdom,2011-02-02 13:46:00,2011-11-09 12:45:00,1.175594673302352,0.3768947598453897
16150,43,5,2053.02,3,3,4,334,Loyal Customers,2,United Kingdom,2010-12-02 18:27:00,2011-10-28 12:39:00,0.9141518253729174,0.5195708070090477
17086,7,6,2050.08,5,3,4,534,Loyal Customers,3,United Kingdom,2011-10-07 11:22:00,2011-12-02 13:54:00,1.7041679584087288,-0.5026861846034207
17612,53,6,2048.45,3,3,4,334,Loyal Customers,2,United Kingdom,2011-02-15 10:40:00,2011-10-17 14:59:00,0.9743495724784206,0.7075517926559095
14232,43,5,2048.07,3,3,4,334,Loyal Customers,2,United Kingdom,2011-03-20 12:44:00,2011-10-28 11:09:00,0.9130077748379574,0.5186920487239688
18283,4,16,2045.53,5,4,4,544,Champions,3,United Kingdom,2011-01-06 14:14:00,2011-12-06 12:02:00,2.6855414079007147,-0.4620361800941162
13495,8,5,2044.87,5,3,4,534,Loyal Customers,3,United Kingdom,2010-12-06 15:14:00,2011-12-02 11:21:00,1.5184841969919172,-0.48791127292516046
17597,214,1,2044.37,1,1,4,114,Lost,2,United Kingdom,2011-05-10 11:54:00,2011-05-10 11:54:00,-0.6879606555275536,1.1034994818688573
13450,27,6,2043.72,4,3,4,434,Loyal Customers,2,United Kingdom,2011-05-05 19:48:00,2011-11-13 11:54:00,1.224142458093381,0.29035414115036356
14001,46,3,2043.08,3,2,4,324,Need Attention,2,United Kingdom,2010-12-01 12:58:00,2011-10-25 10:31:00,0.5197663246883613,0.4045187471283361
12585,234,2,2040.1,1,1,4,114,Lost,2,Germany,2010-12-23 12:58:00,2011-04-19 13:39:00,-0.35603977714371604,1.3142237766114744
17846,85,1,2033.1,2,1,4,214,Hibernating,2,United Kingdom,2011-09-15 15:20:00,2011-09-15 15:20:00,-0.3405592499757909,0.5206175848142892
13630,5,7,2031.78,5,4,4,544,Champions,3,United Kingdom,2011-02-27 12:49:00,2011-12-04 15:16:00,1.9306398156126854,-0.637243840136367
16358,1,4,2027.5,5,3,4,534,Loyal Customers,3,United Kingdom,2011-06-08 15:05:00,2011-12-08 15:09:00,1.9240202035384195,-1.5142469093053512
16409,36,5,2022.98,3,3,4,334,Loyal Customers,2,United Kingdom,2011-01-26 14:51:00,2011-11-03 16:45:00,0.9733555531402872,0.4043618300518616
14482,18,6,2022.81,4,3,4,434,Loyal Customers,2,United Kingdom,2011-04-14 16:41:00,2011-11-21 13:14:00,1.3673942775282053,0.040792002881448505
15341,81,1,2020.52,2,1,4,214,Hibernating,2,United Kingdom,2011-09-20 09:40:00,2011-09-20 09:40:00,-0.3253069762195223,0.48816502024627423
17625,18,4,2020.4,4,3,4,434,Loyal Customers,2,United Kingdom,2011-03-27 12:21:00,2011-11-21 13:36:00,1.0623687186332746,-0.08834923613707579
13593,108,5,2011.88,2,3,4,234,At Risk,2,United Kingdom,2011-01-07 16:32:00,2011-08-23 13:35:00,0.5580259210940819,1.0872822816322802
18069,26,5,2009.24,4,3,4,434,Loyal Customers,2,United Kingdom,2011-01-16 15:50:00,2011-11-13 16:03:00,1.090486053591978,0.2021397770479223
15372,137,1,2007.4,2,1,4,214,Hibernating,2,United Kingdom,2011-07-25 16:39:00,2011-07-25 16:39:00,-0.5272374697573442,0.8157790320211519
16098,88,7,2005.63,2,4,4,244,At Risk,2,United Kingdom,2010-12-01 09:45:00,2011-09-13 09:59:00,0.8942990415685421,1.0676876395548611
14217,2,17,2004.98,5,4,4,544,Champions,3,United Kingdom,2010-12-08 13:28:00,2011-12-08 11:53:00,2.9229069378637225,-0.7712914587612543
14544,24,2,2004.3,4,1,4,414,Recent Customers,2,United Kingdom,2010-12-13 12:50:00,2011-11-15 15:06:00,0.4915165703042924,-0.11268718267363462
17082,33,2,2003.85,4,1,4,414,Recent Customers,2,United Kingdom,2011-01-25 14:36:00,2011-11-06 15:17:00,0.37395161413275013,0.08215666546173636
16754,372,1,2002.4,1,1,4,114,Lost,1,United Kingdom,2010-12-02 17:38:00,2010-12-02 17:38:00,-0.9082494353730575,1.4452093340730614
18188,15,3,2001.04,4,2,4,424,Potential Loyalists,2,United Kingdom,2011-02-22 14:43:00,2011-11-24 16:46:00,0.9215381668576159,-0.28615308393563443
13305,4,10,2000.86,5,4,4,544,Champions,3,United Kingdom,2010-12-02 12:10:00,2011-12-05 15:15:00,2.2811749805834602,-0.6365915405790167
16698,227,2,1998.0,1,1,4,114,Lost,2,United Kingdom,2011-03-31 13:33:00,2011-04-27 10:52:00,-0.3543704674846862,1.287462946616731
17679,53,2,1992.11,3,1,4,314,Need Attention,2,United Kingdom,2011-09-15 10:35:00,2011-10-18 07:43:00,0.1944456313573966,0.37329134315464324
17088,28,4,1991.01,4,3,4,434,Loyal Customers,2,United Kingdom,2011-03-31 09:48:00,2011-11-11 14:23:00,0.8938936872891036,0.17438070279738002
17827,5,5,1987.33,5,3,4,534,Loyal Customers,3,United Kingdom,2010-12-10 10:18:00,2011-12-04 15:00:00,1.6598443314269822,-0.7553401905477326
13590,11,6,1981.92,5,3,4,534,Loyal Customers,3,United Kingdom,2011-02-09 13:25:00,2011-11-28 12:54:00,1.5332565461234464,-0.25795594107959025
17337,151,4,1981.06,2,3,4,234,At Risk,2,United Kingdom,2011-02-02 17:06:00,2011-07-11 14:55:00,0.25870732352906595,1.2227254500002613
14462,66,11,1980.57,3,4,4,344,Loyal Customers,2,United Kingdom,2011-01-04 12:45:00,2011-10-04 15:55:00,1.3636957032945813,1.038206877291578
13725,50,8,1980.56,3,4,4,344,Loyal Customers,2,United Kingdom,2011-02-04 12:18:00,2011-10-21 10:03:00,1.2076156816251635,0.755180787406094
17422,16,6,1979.37,4,3,4,434,Loyal Customers,2,United Kingdom,2011-02-16 14:44:00,2011-11-23 13:27:00,1.39959393649296,-0.037620488664613545
18204,71,3,1975.35,3,2,4,324,Need Attention,2,United Kingdom,2011-05-31 15:26:00,2011-09-29 16:44:00,0.3408599091404226,0.6626318777975843
17090,4,7,1974.65,5,4,4,544,Champions,3,United Kingdom,2010-12-20 13:52:00,2011-12-05 13:44:00,1.9867696018467575,-0.7632063380903537
15531,8,2,1972.39,5,1,4,514,Recent Customers,0,United Kingdom,2011-11-09 17:47:00,2011-12-01 18:43:00,0.8741794721938999,-0.7661907033639057
16341,25,4,1971.87,4,3,4,434,Loyal Customers,2,United Kingdom,2011-05-22 13:20:00,2011-11-15 09:12:00,0.9310297008382005,0.10163901682995517
12674,39,4,1970.6,3,3,4,334,Loyal Customers,2,France,2011-05-16 09:10:00,2011-11-01 12:12:00,0.7661661597469552,0.3744932424537343
17790,27,14,1964.3,4,4,4,444,Champions,3,United Kingdom,2010-12-10 10:47:00,2011-11-13 11:30:00,1.8949891025664933,0.5674594660473522
17997,74,8,1962.46,2,4,4,244,At Risk,2,United Kingdom,2011-06-28 17:28:00,2011-09-26 16:13:00,1.055942442586504,0.9963240673347172
13246,18,6,1961.52,4,3,4,434,Loyal Customers,2,United Kingdom,2011-01-13 13:36:00,2011-11-21 16:50:00,1.3528128031130335,0.029591805810217975
14506,17,5,1960.65,4,3,4,434,Loyal Customers,2,United Kingdom,2010-12-05 14:25:00,2011-11-22 13:02:00,1.233771200026512,-0.06381051686728989
14498,43,5,1957.32,3,3,4,334,Loyal Customers,2,United Kingdom,2010-12-13 11:29:00,2011-10-28 12:09:00,0.8915289695334289,0.5021939330042714
12853,135,6,1957.1,2,3,4,234,At Risk,2,United Kingdom,2011-01-28 10:28:00,2011-07-28 11:29:00,0.5998891571756416,1.276493319257432
15493,33,5,1953.41,4,3,4,434,Loyal Customers,2,United Kingdom,2011-03-14 11:44:00,2011-11-07 12:04:00,0.989071524578125,0.3380189066005598
17554,1,5,1952.45,5,3,4,534,Loyal Customers,3,United Kingdom,2011-07-14 20:01:00,2011-12-08 14:15:00,2.071120402614505,-1.4582356552134437
17218,4,10,1951.97,5,4,4,544,Champions,3,United Kingdom,2010-12-06 15:25:00,2011-12-05 13:52:00,2.269451267425805,-0.6455966585824258
14533,25,7,1949.72,4,4,4,444,Champions,2,United Kingdom,2010-12-22 11:07:00,2011-11-15 12:05:00,1.350964034656383,0.27731253211432383
15814,17,4,1945.33,4,3,4,434,Loyal Customers,2,United Kingdom,2011-10-20 09:04:00,2011-11-23 08:17:00,1.0650779703698308,-0.1364076244183061
14418,4,3,1937.25,5,2,4,524,Potential Loyalists,0,United Kingdom,2011-08-23 17:18:00,2011-12-06 11:39:00,1.3505057477694735,-1.0353094838728094
15864,22,6,1936.32,4,3,4,434,Loyal Customers,2,United Kingdom,2011-01-27 16:43:00,2011-11-17 13:32:00,1.2737021987957016,0.1460016784870054
15157,4,3,1936.07,5,2,4,524,Potential Loyalists,0,United Kingdom,2010-12-16 13:44:00,2011-12-06 11:28:00,1.3502169955752386,-1.0355312777317909
15351,12,7,1934.66,5,4,4,544,Champions,3,United Kingdom,2010-12-05 11:49:00,2011-11-27 12:52:00,1.612070081596629,-0.16492099193423604
12528,9,6,1933.48,5,3,4,534,Loyal Customers,3,Germany,2011-01-31 09:05:00,2011-11-30 14:40:00,1.5911762254506414,-0.3825436017017258
14655,8,4,1932.23,5,3,4,534,Loyal Customers,2,United Kingdom,2011-05-01 14:59:00,2011-12-01 16:28:00,1.3266566616258066,-0.5782781049686536
13094,21,12,1927.32,4,4,4,444,Champions,3,United Kingdom,2010-12-06 10:34:00,2011-11-18 14:07:00,1.848619222138461,0.352920950215064
14653,1,7,1926.65,5,4,4,544,Champions,3,United Kingdom,2011-01-05 13:40:00,2011-12-08 13:45:00,2.3251285896306575,-1.353033819529385
15518,64,8,1921.55,3,4,4,344,Loyal Customers,2,United Kingdom,2011-01-11 12:55:00,2011-10-06 13:05:00,1.100622957675591,0.8979386962664878
14978,72,5,1921.37,3,3,4,334,Loyal Customers,2,United Kingdom,2011-01-13 12:03:00,2011-09-28 13:07:00,0.689349682806151,0.8163884969987112
14285,21,4,1910.01,4,3,4,434,Loyal Customers,2,United Kingdom,2011-06-16 12:36:00,2011-11-18 14:50:00,0.979738646577282,-0.015865178628421073
17228,16,8,1906.09,4,4,4,444,Champions,3,United Kingdom,2010-12-02 16:00:00,2011-11-24 10:24:00,1.6091204295490598,0.04477985771789929
16983,13,7,1905.87,5,4,4,544,Champions,3,United Kingdom,2010-12-05 12:34:00,2011-11-27 12:10:00,1.5766556687399549,-0.1233989626810864
14210,106,6,1905.84,2,3,4,234,At Risk,2,United Kingdom,2010-12-03 12:43:00,2011-08-26 12:36:00,0.6789242134580793,1.1147976600527263
15819,49,4,1905.45,3,3,4,334,Loyal Customers,2,United Kingdom,2011-03-08 09:45:00,2011-10-21 14:50:00,0.6649929462343163,0.5037137651515214
16942,13,9,1904.99,5,4,4,544,Champions,3,United Kingdom,2011-04-26 11:59:00,2011-11-27 12:40:00,1.7783506859036622,-0.038210261189287206
14250,7,3,1904.05,5,2,4,524,Potential Loyalists,0,United Kingdom,2011-09-11 13:44:00,2011-12-02 14:30:00,1.1627731963523864,-0.7436497634826265
12762,8,2,1898.52,5,1,4,514,Recent Customers,0,Portugal,2011-11-14 14:23:00,2011-12-02 10:23:00,0.8560896536780154,-0.7800856996168147
14730,1,8,1897.57,5,4,4,544,Champions,3,United Kingdom,2011-03-08 12:49:00,2011-12-08 14:39:00,2.4244983752198035,-1.313515632113814
14934,82,2,1890.94,2,1,4,214,Hibernating,2,Channel Islands,2011-03-02 11:48:00,2011-09-19 10:10:00,0.005540872613881429,0.6268201769784967
12371,45,2,1887.96,3,1,4,314,Need Attention,2,Switzerland,2011-10-11 10:43:00,2011-10-26 10:16:00,0.23024836004673557,0.2520976034035058
15641,105,4,1887.2,2,3,4,234,At Risk,2,United Kingdom,2010-12-15 14:45:00,2011-08-26 14:04:00,0.3733926558522911,0.9765601545181208
16170,51,6,1885.05,3,3,4,334,Loyal Customers,2,United Kingdom,2011-04-05 13:42:00,2011-10-20 08:21:00,0.9493702487830785,0.653366285437243
13890,1,10,1883.81,5,4,4,544,Champions,3,United Kingdom,2010-12-16 09:31:00,2011-12-08 15:36:00,2.602628466556077,-1.2394043310809917
16128,18,5,1880.22,4,3,4,434,Loyal Customers,2,United Kingdom,2011-03-02 12:21:00,2011-11-22 11:14:00,1.1932668920857183,-0.044782943012153825
17738,19,4,1879.05,4,3,4,434,Loyal Customers,2,United Kingdom,2011-03-02 16:26:00,2011-11-20 15:05:00,1.0084023128219795,-0.08223446263482959
17368,23,8,1878.87,4,4,4,444,Champions,3,United Kingdom,2011-01-06 11:57:00,2011-11-16 15:26:00,1.4705756421904141,0.2581508555615459
15367,57,4,1877.59,3,3,4,334,Loyal Customers,2,United Kingdom,2011-03-09 13:53:00,2011-10-13 14:13:00,0.6013165772759321,0.5924409437867764
17463,16,5,1875.86,4,3,4,434,Loyal Customers,2,United Kingdom,2011-01-30 15:48:00,2011-11-23 13:40:00,1.2346546629018702,-0.11613794088383933
16986,30,2,1873.2,4,1,4,414,Recent Customers,2,United Kingdom,2011-11-09 15:52:00,2011-11-10 11:55:00,0.37728595452415575,-0.0009448576927349739
13982,39,4,1871.81,3,3,4,334,Loyal Customers,2,United Kingdom,2010-12-09 13:57:00,2011-10-31 16:24:00,0.741791994542054,0.35577116771912615
15021,9,9,1871.77,5,4,4,544,Champions,3,United Kingdom,2010-12-08 12:17:00,2011-12-01 11:53:00,1.8985453593832609,-0.2579158703654749
17469,16,5,1870.97,4,3,4,434,Loyal Customers,2,United Kingdom,2011-05-19 08:55:00,2011-11-23 13:15:00,1.2334176785640447,-0.11708808268453792
16841,37,6,1869.82,3,3,4,334,Loyal Customers,2,United Kingdom,2011-02-25 12:40:00,2011-11-03 11:51:00,1.065342424095894,0.45157458521492105
17870,2,12,1865.89,5,4,4,544,Champions,3,United Kingdom,2010-12-08 08:12:00,2011-12-07 15:07:00,2.5943726786974146,-0.9219432305626372
16426,2,10,1863.76,5,4,4,544,Champions,3,United Kingdom,2011-03-08 15:45:00,2011-12-07 14:01:00,2.4426706718138735,-0.9862604887925724
16201,3,4,1863.47,5,3,4,534,Loyal Customers,3,United Kingdom,2011-08-22 10:47:00,2011-12-06 16:02:00,1.6192586757019176,-1.1055456588359749
14887,79,1,1862.0,2,1,4,214,Hibernating,2,United Kingdom,2011-09-21 15:32:00,2011-09-21 15:32:00,-0.3545947548315448,0.4427699765489075
12423,1,8,1859.31,5,4,4,544,Champions,3,Belgium,2010-12-21 10:54:00,2011-12-09 10:10:00,2.4148455966188522,-1.32093004162669
14305,71,3,1858.96,3,2,4,324,Need Attention,2,United Kingdom,2011-07-27 14:14:00,2011-09-29 15:29:00,0.31208021861817065,0.6405258687397583
12963,8,8,1856.63,5,4,4,544,Champions,3,United Kingdom,2010-12-09 09:14:00,2011-12-01 12:55:00,1.8396074644435019,-0.3679664573189615
17293,8,9,1854.06,5,4,4,544,Champions,3,United Kingdom,2010-12-13 14:55:00,2011-12-01 14:37:00,1.93428764004571,-0.32816819806916164
14472,104,8,1852.67,2,4,4,244,At Risk,2,United Kingdom,2010-12-19 14:03:00,2011-08-28 11:01:00,0.9001274464855465,1.1886692997931079
16979,4,6,1852.0,5,3,4,534,Loyal Customers,3,United Kingdom,2011-02-15 09:20:00,2011-12-06 12:21:00,1.835552913209705,-0.8376271376468658
12383,185,5,1850.56,1,3,4,134,At Risk,2,Belgium,2010-12-22 14:28:00,2011-06-08 08:02:00,0.3142766404308555,1.395631954073495
17873,80,5,1848.96,2,3,4,234,At Risk,2,United Kingdom,2010-12-01 14:54:00,2011-09-20 16:41:00,0.6314207203328426,0.8683277635909941
12381,5,5,1845.31,5,3,4,534,Loyal Customers,3,Norway,2011-08-12 09:57:00,2011-12-05 12:44:00,1.6247065416670394,-0.782329928262414
17519,17,6,1844.02,4,3,4,434,Loyal Customers,2,United Kingdom,2010-12-06 15:18:00,2011-11-22 16:43:00,1.3441923678393701,-0.02716904448937893
14524,32,9,1843.83,4,4,4,444,Champions,2,United Kingdom,2010-12-14 11:01:00,2011-11-08 12:29:00,1.4353420982988514,0.4934799000361987
18180,5,6,1843.75,5,3,4,534,Loyal Customers,3,United Kingdom,2011-07-20 08:59:00,2011-12-05 08:39:00,1.763790675029336,-0.7236721046117145
12950,2,3,1843.0,5,2,4,524,Potential Loyalists,0,United Kingdom,2011-11-15 13:48:00,2011-12-07 13:17:00,1.522004229840267,-1.3772951741739838
16102,42,3,1842.14,3,2,4,324,Need Attention,2,United Kingdom,2011-08-03 12:50:00,2011-10-28 13:19:00,0.5046798105721144,0.31044491246157674
16455,64,7,1841.18,3,4,4,344,Loyal Customers,2,United Kingdom,2010-12-03 16:44:00,2011-10-07 12:17:00,0.9737979293246413,0.8373318232478532
14113,4,4,1840.42,5,3,4,534,Loyal Customers,3,United Kingdom,2010-12-20 12:14:00,2011-12-06 12:18:00,1.5281198762419042,-0.9686175880752295
14216,3,4,1839.3,5,3,4,534,Loyal Customers,3,United Kingdom,2011-11-02 10:51:00,2011-12-06 14:56:00,1.6130717855816568,-1.1102978798139078
13924,2,6,1838.85,5,3,4,534,Loyal Customers,3,United Kingdom,2011-09-28 15:07:00,2011-12-08 09:39:00,2.0273103924452127,-1.1640516607951352
17015,29,3,1838.61,4,2,4,424,Potential Loyalists,2,United Kingdom,2011-06-07 13:19:00,2011-11-11 10:45:00,0.6412911578313913,0.08152806248451933
14459,155,1,1837.92,2,1,4,214,Hibernating,2,United Kingdom,2011-07-07 13:35:00,2011-07-07 13:35:00,-0.6158728386920818,0.8613928139263656
18287,43,3,1837.28,3,2,4,324,Need Attention,2,United Kingdom,2011-05-22 10:39:00,2011-10-28 09:29:00,0.4946459537308813,0.3240571892406056
13650,17,6,1836.34,4,3,4,434,Loyal Customers,2,United Kingdom,2011-03-17 12:37:00,2011-11-23 12:22:00,1.3422145492819235,-0.028688229517162506
15827,73,14,1836.09,2,4,4,244,At Risk,2,United Kingdom,2010-12-02 13:06:00,2011-09-27 15:35:00,1.4917527675751352,1.1589867796631528
14665,61,5,1835.7,3,3,4,334,Loyal Customers,2,United Kingdom,2011-02-02 09:08:00,2011-10-10 09:14:00,0.7301235742794321,0.6962474212334478
13421,40,2,1833.71,3,1,4,314,Need Attention,2,United Kingdom,2011-02-22 15:46:00,2011-10-30 14:21:00,0.26038772966553136,0.16853811859710596
16152,269,1,1829.04,1,1,4,114,Lost,1,United Kingdom,2011-03-16 09:47:00,2011-03-16 09:47:00,-0.8277191427137942,1.207385484604106
15203,26,6,1827.8,4,3,4,434,Loyal Customers,2,United Kingdom,2011-02-01 12:29:00,2011-11-14 08:16:00,1.1851186636812696,0.22665387787618732
17702,30,4,1824.37,4,3,4,434,Loyal Customers,2,United Kingdom,2011-05-17 16:23:00,2011-11-09 16:03:00,0.8269947873687917,0.18484133438323508
16153,50,5,1824.23,3,3,4,334,Loyal Customers,2,United Kingdom,2010-12-20 09:22:00,2011-10-21 10:50:00,0.8017607911652611,0.570152644227003
17705,3,9,1823.52,5,4,4,544,Champions,3,United Kingdom,2011-02-11 10:57:00,2011-12-06 13:45:00,2.236190332509583,-0.8482917946196097
16169,8,4,1822.97,5,3,4,534,Loyal Customers,0,United Kingdom,2011-09-25 11:33:00,2011-12-01 15:28:00,1.299071839317468,-0.5994663221016758
17828,23,4,1820.09,4,3,4,434,Loyal Customers,2,Malta,2011-06-08 08:31:00,2011-11-17 08:41:00,0.9236477528887457,0.021741019642854978
13048,14,4,1819.41,4,3,4,434,Loyal Customers,2,United Kingdom,2011-01-16 14:36:00,2011-11-25 13:23:00,1.1030111165242409,-0.2763471694886258
17787,153,4,1817.54,2,3,4,234,At Risk,2,United Kingdom,2010-12-03 13:43:00,2011-07-10 11:24:00,0.21288772805675063,1.1996533282975042
17629,6,8,1814.12,5,4,4,544,Champions,3,United Kingdom,2010-12-15 09:58:00,2011-12-04 10:56:00,1.9246324201313942,-0.5357149863206452
15260,100,7,1810.77,2,4,4,244,At Risk,2,United Kingdom,2010-12-02 12:09:00,2011-08-31 13:55:00,0.7975462074256793,1.110666125465
16474,7,7,1810.65,5,4,4,544,Champions,3,United Kingdom,2011-07-17 14:51:00,2011-12-02 13:02:00,1.7661391056479345,-0.4968159048999972
13481,46,5,1804.56,3,3,4,334,Loyal Customers,2,United Kingdom,2011-03-28 09:07:00,2011-10-25 09:07:00,0.8278240591667269,0.5144277776023779
17663,26,7,1802.91,4,4,4,444,Champions,2,United Kingdom,2011-02-25 14:11:00,2011-11-14 08:56:00,1.2994484236435555,0.27274140613607817
15812,107,5,1801.14,2,3,4,234,At Risk,2,United Kingdom,2011-01-26 12:12:00,2011-08-24 14:19:00,0.5091090028597098,1.0411615459103674
16249,53,5,1800.07,3,3,4,334,Loyal Customers,2,United Kingdom,2011-04-14 13:50:00,2011-10-18 10:07:00,0.7736082334414892,0.6015343649792434
13562,82,3,1799.33,2,2,4,224,Hibernating,2,United Kingdom,2011-04-08 12:42:00,2011-09-19 10:51:00,0.2423194886447336,0.7187877823650123
13196,11,4,1797.78,5,3,4,534,Loyal Customers,2,United Kingdom,2011-03-22 14:24:00,2011-11-28 13:54:00,1.182583881921144,-0.42215924313899744
17648,61,4,1797.5,3,3,4,334,Loyal Customers,2,United Kingdom,2011-04-04 10:29:00,2011-10-10 09:41:00,0.5551823535921544,0.6188511603972775
12348,75,4,1797.24,2,3,4,234,At Risk,2,Finland,2010-12-16 19:09:00,2011-09-25 13:13:00,0.47733940810247216,0.7478671902521584
18235,72,3,1796.48,3,2,4,324,Need Attention,2,United Kingdom,2011-05-06 13:35:00,2011-09-29 08:27:00,0.29060963446220284,0.6368253453259979
13134,86,4,1793.58,2,3,4,234,At Risk,2,United Kingdom,2011-04-13 12:57:00,2011-09-15 10:35:00,0.4247368693793018,0.8328173046991864
18179,9,6,1793.17,5,3,4,534,Loyal Customers,3,United Kingdom,2011-01-07 14:22:00,2011-11-30 16:23:00,1.5554741909240986,-0.4099667422673395
18122,8,6,1793.06,5,3,4,534,Loyal Customers,3,United Kingdom,2011-07-12 11:37:00,2011-12-01 13:08:00,1.595692626260636,-0.47678088443205663
13510,1,4,1791.56,5,3,4,534,Loyal Customers,3,United Kingdom,2011-06-09 09:32:00,2011-12-08 13:46:00,1.8653899972276282,-1.5592814405407187
12523,19,11,1789.77,4,4,4,444,Champions,3,France,2011-01-12 09:43:00,2011-11-20 12:55:00,1.7775108469865364,0.23493011025487465
14215,12,6,1789.72,5,3,4,534,Loyal Customers,3,United Kingdom,2010-12-06 15:34:00,2011-11-28 12:19:00,1.4543389369473836,-0.24434561957225615
14621,1,5,1788.36,5,3,4,534,Loyal Customers,3,United Kingdom,2010-12-16 13:00:00,2011-12-08 16:22:00,2.0295184556746095,-1.4901905859019953
13875,54,5,1786.79,3,3,4,334,Loyal Customers,2,United Kingdom,2011-02-11 15:39:00,2011-10-17 09:36:00,0.7630898101244753,0.6104711711838291
14608,4,4,1785.15,5,3,4,534,Loyal Customers,3,United Kingdom,2010-12-12 14:49:00,2011-12-05 16:52:00,1.5136702000838982,-0.9797165493995202
14935,297,1,1784.71,1,1,4,114,Lost,1,Channel Islands,2011-02-15 14:44:00,2011-02-15 14:44:00,-0.8770385834090597,1.2610059878969815
15220,52,6,1778.96,3,3,4,334,Loyal Customers,2,United Kingdom,2011-03-04 10:24:00,2011-10-19 12:39:00,0.9146432079039465,0.6443564478457471
12645,34,4,1775.18,3,3,4,334,Loyal Customers,2,Germany,2011-01-27 13:08:00,2011-11-06 12:38:00,0.7676823357507851,0.2518271077789551
17092,50,4,1774.03,3,3,4,334,Loyal Customers,2,United Kingdom,2011-03-07 14:51:00,2011-10-20 19:51:00,0.6235615607211382,0.4902538688783983
15594,16,5,1771.78,4,3,4,434,Loyal Customers,2,United Kingdom,2011-04-19 10:08:00,2011-11-24 08:53:00,1.2076035042087394,-0.13691624489766052
15473,14,7,1771.2,4,4,4,444,Champions,3,United Kingdom,2011-10-10 11:12:00,2011-11-25 15:15:00,1.5155726928768933,-0.10633675343696597
16681,73,6,1770.34,2,3,4,234,At Risk,2,United Kingdom,2011-03-31 13:46:00,2011-09-28 11:11:00,0.7848406986120879,0.8541791902184469
16719,15,7,1770.22,4,4,4,444,Champions,3,United Kingdom,2010-12-06 12:06:00,2011-11-25 09:27:00,1.4906568332675716,-0.06562492384024647
13456,18,6,1766.72,4,3,4,434,Loyal Customers,2,United Kingdom,2011-05-16 15:34:00,2011-11-22 09:18:00,1.303245158956744,-0.00848166790718787
16751,31,1,1764.72,4,1,4,414,Recent Customers,2,United Kingdom,2011-11-09 10:48:00,2011-11-09 10:48:00,-0.030002275651121676,-0.15763171741154675
12424,163,2,1760.96,2,1,4,214,Hibernating,2,Australia,2011-06-30 12:06:00,2011-06-30 12:06:00,-0.28835809424922615,1.0326243055441768
12823,75,5,1759.5,2,3,4,234,At Risk,2,United Kingdom,2011-02-16 12:15:00,2011-09-26 07:35:00,0.6322579650107146,0.8098838143087418
12349,19,1,1757.55,4,1,4,414,Recent Customers,0,Italy,2011-11-21 09:51:00,2011-11-21 09:51:00,0.1476088646615376,-0.45706580929399704
15241,67,8,1756.44,3,4,4,344,Loyal Customers,2,United Kingdom,2011-03-01 11:02:00,2011-10-04 09:05:00,1.0408106105116877,0.8938387165200273
16359,7,9,1750.92,5,4,4,544,Champions,3,United Kingdom,2011-01-12 10:49:00,2011-12-02 17:04:00,1.9521565926361748,-0.4236692934298143
13808,6,5,1747.66,5,3,4,534,Loyal Customers,3,United Kingdom,2011-09-04 12:07:00,2011-12-04 12:18:00,1.540056021817804,-0.7043988766051621
15067,78,3,1744.76,2,2,4,224,Hibernating,2,United Kingdom,2011-03-02 12:10:00,2011-09-22 13:20:00,0.24659291893490815,0.6762657371361664
15950,32,4,1744.71,4,3,4,434,Loyal Customers,2,United Kingdom,2010-12-15 11:56:00,2011-11-08 11:09:00,0.7819546716323933,0.2082239425351476
16380,61,1,1743.15,3,1,4,314,Need Attention,2,United Kingdom,2011-10-09 15:40:00,2011-10-09 15:40:00,-0.28848311964774603,0.2571760069377192
13157,49,4,1741.22,3,3,4,334,Loyal Customers,2,United Kingdom,2011-02-14 14:03:00,2011-10-21 13:50:00,0.6222797276689007,0.4709052540326848
14595,20,6,1740.6,4,3,4,434,Loyal Customers,2,United Kingdom,2011-01-30 13:36:00,2011-11-20 12:12:00,1.2579550322156878,0.04954315584437096
17930,36,5,1740.48,3,3,4,334,Loyal Customers,2,United Kingdom,2011-04-14 15:46:00,2011-11-04 10:23:00,0.9020754902587618,0.34961079947760665
17353,129,2,1740.0,2,1,4,214,Hibernating,2,United Kingdom,2011-07-08 16:17:00,2011-08-02 17:19:00,-0.2052820407108691,0.8809822338090636
17457,127,5,1737.7,2,3,4,234,At Risk,2,United Kingdom,2011-01-04 14:33:00,2011-08-05 12:48:00,0.42721553094834136,1.1358146023944553
15050,25,3,1737.69,4,2,4,424,Potential Loyalists,2,United Kingdom,2011-09-29 13:22:00,2011-11-14 16:17:00,0.66920276170895,-0.02973770084662621
14673,3,5,1736.4,5,3,4,534,Loyal Customers,3,United Kingdom,2010-12-07 12:49:00,2011-12-06 14:31:00,1.7507650724607455,-1.061512182441319
17043,32,4,1735.18,4,3,4,434,Loyal Customers,2,United Kingdom,2011-03-18 14:53:00,2011-11-07 15:33:00,0.7793591193552808,0.2062302691805454
14387,33,3,1727.6,4,2,4,424,Potential Loyalists,2,United Kingdom,2011-08-22 14:13:00,2011-11-07 12:29:00,0.5639668105629898,0.13820475404640228
13564,144,3,1724.67,2,2,4,224,Hibernating,2,United Kingdom,2010-12-06 17:26:00,2011-07-18 14:33:00,0.009122756139732086,1.0570305352951241
17451,1,7,1721.4,5,4,4,544,Champions,3,United Kingdom,2011-08-26 11:54:00,2011-12-08 15:02:00,2.271746745083306,-1.3940370241390667
14834,18,6,1720.3,4,3,4,434,Loyal Customers,2,United Kingdom,2011-04-13 15:00:00,2011-11-22 10:30:00,1.2906275185445835,-0.01817342164665057
15267,22,5,1717.36,4,3,4,434,Loyal Customers,2,United Kingdom,2011-06-10 10:24:00,2011-11-17 15:59:00,1.0773493138957675,0.04335507256491331
17162,29,10,1715.46,4,4,4,444,Champions,3,United Kingdom,2011-02-07 12:27:00,2011-11-11 11:34:00,1.523795286583366,0.44324983912937865
13763,63,1,1714.96,3,1,4,314,Need Attention,2,United Kingdom,2011-10-07 15:13:00,2011-10-07 15:13:00,-0.30833725322138,0.2713680682036811
17147,23,4,1714.59,4,3,4,434,Loyal Customers,2,United Kingdom,2011-02-01 09:36:00,2011-11-17 12:32:00,0.8953510129848419,5.9704720170465016e-06
14441,1,4,1712.89,5,3,4,534,Loyal Customers,3,United Kingdom,2011-03-29 12:01:00,2011-12-09 09:07:00,1.844110310643315,-1.575626610896766
17750,5,9,1710.45,5,4,4,544,Champions,3,United Kingdom,2011-06-28 15:44:00,2011-12-04 14:09:00,2.05096890714934,-0.6145532356105279
12405,149,1,1710.39,2,1,4,214,Hibernating,2,Finland,2011-07-14 08:52:00,2011-07-14 08:52:00,-0.6349693675224947,0.8103531091364923
15947,83,1,1708.24,2,1,4,214,Hibernating,2,United Kingdom,2011-09-18 10:46:00,2011-09-18 10:46:00,-0.41407591112115516,0.44232752209501336
12407,50,5,1708.12,3,3,4,334,Loyal Customers,2,Belgium,2011-03-20 13:21:00,2011-10-21 10:11:00,0.7705957846267971,0.5462144466882274
16902,116,1,1706.88,2,1,4,214,Hibernating,2,United Kingdom,2011-08-15 14:17:00,2011-08-15 14:17:00,-0.5410310992986929,0.6520967991658805
15240,45,5,1706.57,3,3,4,334,Loyal Customers,2,United Kingdom,2011-02-01 08:23:00,2011-10-26 09:50:00,0.8095817502647721,0.4804718095448037
16398,154,2,1705.8,2,1,4,214,Hibernating,2,United Kingdom,2011-03-31 09:38:00,2011-07-08 15:16:00,-0.2818788803318346,0.9852600493269248
16791,29,7,1705.78,4,4,4,444,Champions,2,United Kingdom,2011-01-11 15:42:00,2011-11-10 19:12:00,1.2329573662036408,0.31937524713525456
12843,66,8,1702.26,3,4,4,344,Loyal Customers,2,United Kingdom,2011-03-20 14:38:00,2011-10-05 12:09:00,1.0316221687515847,0.8730421563848143
17193,36,7,1699.3,3,4,4,344,Loyal Customers,2,United Kingdom,2011-06-16 10:04:00,2011-11-04 12:47:00,1.1510409263815549,0.450939240594105
13824,33,5,1698.94,4,3,4,434,Loyal Customers,2,United Kingdom,2011-02-02 13:07:00,2011-11-07 12:41:00,0.9229290046303786,0.2872140814429781
17813,14,5,1698.07,4,3,4,434,Loyal Customers,2,United Kingdom,2011-09-29 15:57:00,2011-11-25 16:13:00,1.2352791871298097,-0.2317286427112309
12764,317,1,1693.88,1,1,4,114,Lost,1,Lebanon,2011-01-27 10:19:00,2011-01-27 10:19:00,-0.926605259572512,1.2831721524552078
16007,48,4,1693.81,3,3,4,334,Loyal Customers,2,United Kingdom,2011-05-08 13:32:00,2011-10-23 11:05:00,0.6169153963319574,0.4480498102418718
14245,220,2,1693.45,1,1,4,114,Lost,2,United Kingdom,2011-03-21 10:41:00,2011-05-04 08:40:00,-0.42083127904818585,1.2074960592388253
16671,28,3,1692.27,4,2,4,424,Potential Loyalists,2,United Kingdom,2011-06-28 11:20:00,2011-11-11 13:40:00,0.6149377698587879,0.029847021213147033
16775,10,11,1691.51,5,4,4,544,Champions,3,United Kingdom,2010-12-07 15:15:00,2011-11-29 15:22:00,1.9791253378268017,-0.16461338415061494
15380,9,5,1690.26,5,3,4,534,Loyal Customers,3,United Kingdom,2010-12-09 15:01:00,2011-12-01 12:13:00,1.3879815052645654,-0.49044549946549565
17152,195,3,1689.5,1,2,4,124,Lost,2,United Kingdom,2011-03-21 16:20:00,2011-05-29 12:19:00,-0.1157675071559282,1.2405873704200499
12635,90,2,1689.18,2,1,4,214,Hibernating,2,Germany,2011-07-08 08:43:00,2011-09-11 11:04:00,-0.08307960682441351,0.6440837687263057
13162,122,4,1688.29,2,3,4,234,At Risk,2,United Kingdom,2011-01-09 10:43:00,2011-08-09 15:59:00,0.2637913184629543,1.0303134675059846
13577,25,4,1687.6,4,3,4,434,Loyal Customers,2,United Kingdom,2011-04-12 10:33:00,2011-11-14 15:19:00,0.8572560498141586,0.04497263271767877
17282,130,3,1685.46,2,2,4,224,Hibernating,2,United Kingdom,2011-02-13 11:36:00,2011-08-01 14:29:00,0.03701160528624605,0.9842921841258508
15549,77,3,1681.46,2,2,4,224,Hibernating,2,United Kingdom,2011-01-27 15:38:00,2011-09-23 16:22:00,0.23394722223410552,0.654738860295729
16638,23,10,1680.72,4,4,4,444,Champions,3,United Kingdom,2010-12-06 10:19:00,2011-11-17 11:09:00,1.5993406419497607,0.2943442658270505
13149,14,4,1676.06,4,3,4,434,Loyal Customers,2,United Kingdom,2011-02-23 13:57:00,2011-11-25 13:09:00,1.064121119378568,-0.30621902056000433
17656,73,5,1674.69,2,3,4,234,At Risk,2,United Kingdom,2011-08-03 10:45:00,2011-09-27 13:04:00,0.6190347761343493,0.7749960550891355
13184,15,10,1668.95,4,4,4,444,Champions,3,United Kingdom,2011-02-22 17:25:00,2011-11-25 12:02:00,1.7508973224610824,0.03474743172691898
17754,1,5,1664.65,5,3,4,534,Loyal Customers,3,United Kingdom,2011-03-24 13:54:00,2011-12-09 11:20:00,1.9955487298371037,-1.5162831203743572
12912,3,5,1662.3,5,3,4,534,Loyal Customers,3,United Kingdom,2011-10-30 11:35:00,2011-12-07 08:55:00,1.730098451447554,-1.0773864501287718
12530,60,4,1662.28,3,3,4,334,Loyal Customers,2,Germany,2011-01-07 10:04:00,2011-10-11 12:34:00,0.5243331646614597,0.5800763044691976
15214,2,8,1661.44,5,4,4,544,Champions,3,United Kingdom,2011-04-11 09:46:00,2011-12-08 12:07:00,2.206636747743585,-1.104848385218639
15332,366,4,1661.06,1,3,4,134,At Risk,2,Lithuania,2010-12-05 12:00:00,2010-12-08 14:43:00,-0.16150557743538588,1.7173994026190325
12967,358,2,1660.9,1,1,4,114,Lost,2,United Kingdom,2010-12-03 09:49:00,2010-12-16 19:10:00,-0.6153583533289827,1.5079918433773412
16115,10,8,1660.88,5,4,4,544,Champions,3,United Kingdom,2011-02-20 12:14:00,2011-11-30 11:32:00,1.7101534944923145,-0.2813089751916171
14045,109,4,1659.75,2,3,4,234,At Risk,2,United Kingdom,2010-12-01 11:32:00,2011-08-22 15:27:00,0.29838287582618694,0.9532946170298244
15953,15,8,1657.28,4,4,4,444,Champions,3,United Kingdom,2010-12-05 15:15:00,2011-11-24 15:32:00,1.5659931051267844,-0.044567152869894544
15826,56,3,1654.31,3,2,4,324,Need Attention,2,United Kingdom,2011-05-13 10:44:00,2011-10-14 16:05:00,0.3460498860683735,0.4499749441029823
16813,8,10,1652.18,5,4,4,544,Champions,3,United Kingdom,2011-05-19 13:28:00,2011-12-01 14:03:00,1.965899634117432,-0.3336724560906879
16711,3,5,1651.03,5,3,4,534,Loyal Customers,3,United Kingdom,2010-12-17 12:43:00,2011-12-06 16:32:00,1.7268747882035869,-1.0798625826923036
14837,90,4,1649.5,2,3,4,234,At Risk,2,United Kingdom,2011-05-22 12:49:00,2011-09-11 10:58:00,0.3678821515810287,0.830832347238452
13647,10,4,1648.12,5,3,4,534,Loyal Customers,2,United Kingdom,2011-04-19 09:49:00,2011-11-30 12:00:00,1.1746336567095017,-0.508956156417653
17284,60,6,1647.48,3,3,4,334,Loyal Customers,2,United Kingdom,2011-01-07 14:31:00,2011-10-10 14:38:00,0.8245557941827166,0.705528358569057
13750,54,5,1647.26,3,3,4,334,Loyal Customers,2,United Kingdom,2011-01-07 11:49:00,2011-10-17 12:16:00,0.7245599132209569,0.5808759172220906
13012,9,8,1646.84,5,4,4,544,Champions,3,United Kingdom,2011-02-18 09:43:00,2011-11-30 13:05:00,1.742538984866766,-0.34481948356732917
12657,11,4,1643.18,5,3,4,534,Loyal Customers,2,France,2011-09-22 11:40:00,2011-11-28 15:47:00,1.1399730023368329,-0.4548891465173683
15002,116,4,1641.76,2,3,4,234,At Risk,2,United Kingdom,2010-12-07 13:16:00,2011-08-16 10:44:00,0.2696517650759394,0.9884376339758822
14573,180,9,1639.82,1,4,4,144,At Risk,2,United Kingdom,2010-12-02 19:59:00,2011-06-13 11:15:00,0.7296187486150885,1.529750636869571
13627,59,5,1638.47,3,3,4,334,Loyal Customers,2,United Kingdom,2010-12-17 09:52:00,2011-10-11 14:20:00,0.6887863519563079,0.6340880906252412
15024,10,10,1636.43,5,4,4,544,Champions,3,United Kingdom,2010-12-07 13:20:00,2011-11-30 12:06:00,1.8847048488691256,-0.20994654289941864
12398,46,1,1635.66,3,1,4,314,Need Attention,2,Switzerland,2011-10-25 10:27:00,2011-10-25 10:27:00,-0.21283563871205083,0.05841719904672072
15122,114,3,1633.78,2,2,4,224,Hibernating,2,United Kingdom,2011-02-15 09:59:00,2011-08-17 16:48:00,0.07201530753643588,0.89037711896182
14164,71,2,1631.77,3,1,4,314,Need Attention,2,United Kingdom,2011-09-20 12:18:00,2011-09-30 12:24:00,-0.010003628853521768,0.4830343405906567
12377,315,2,1628.12,1,1,4,114,Lost,2,Switzerland,2010-12-20 09:37:00,2011-01-28 15:45:00,-0.5760688876034469,1.4198586831743978
14759,5,3,1625.97,5,2,4,524,Potential Loyalists,0,United Kingdom,2011-04-21 10:55:00,2011-12-05 12:03:00,1.197850705669299,-0.983489137615528
13425,108,3,1624.21,2,2,4,224,Hibernating,2,United Kingdom,2011-02-18 08:34:00,2011-08-23 17:13:00,0.08970052017861635,0.8542698257341227
16515,52,5,1624.14,3,3,4,334,Loyal Customers,2,United Kingdom,2011-02-01 13:09:00,2011-10-18 13:10:00,0.7320115792310864,0.5522492955778187
15172,9,5,1624.05,5,3,4,534,Loyal Customers,3,United Kingdom,2011-04-17 11:56:00,2011-12-01 11:51:00,1.3690459945688105,-0.5049900815426128
14937,57,3,1621.88,3,2,4,324,Need Attention,2,Channel Islands,2011-08-01 14:16:00,2011-10-14 12:29:00,0.3300246550964796,0.4537940645051506
17101,10,4,1621.73,5,3,4,534,Loyal Customers,2,United Kingdom,2011-06-14 14:49:00,2011-11-29 13:57:00,1.1669846284483096,-0.5148314624045169
18161,15,5,1618.69,4,3,4,434,Loyal Customers,2,United Kingdom,2011-01-24 11:56:00,2011-11-24 16:40:00,1.1879390262334977,-0.20824117509930568
16987,3,7,1616.8,5,4,4,544,Champions,3,United Kingdom,2011-05-18 15:55:00,2011-12-06 17:26:00,1.9772593658378752,-0.9774440827691205
14336,17,4,1614.91,4,3,4,434,Loyal Customers,2,United Kingdom,2011-03-08 16:48:00,2011-11-23 11:40:00,0.9768626171570971,-0.2041668449579515
16992,11,5,1614.31,5,3,4,534,Loyal Customers,2,United Kingdom,2011-02-28 10:37:00,2011-11-29 11:50:00,1.2965490450133021,-0.3915993887077549
15791,44,2,1612.69,3,1,4,314,Need Attention,2,United Kingdom,2011-05-19 15:15:00,2011-10-27 10:14:00,0.16396336822565288,0.18080114066133088
14312,47,6,1611.59,3,3,4,334,Loyal Customers,2,United Kingdom,2011-01-06 16:35:00,2011-10-24 09:46:00,0.9056732005186722,0.5455742448490338
14918,116,2,1610.15,2,1,4,214,Hibernating,2,United Kingdom,2011-07-08 12:50:00,2011-08-16 11:50:00,-0.2017870195438176,0.7859604177071559
12868,186,6,1607.06,1,3,4,134,At Risk,2,United Kingdom,2010-12-01 12:50:00,2011-06-07 10:42:00,0.3848573647068497,1.4066439402753186
16817,3,9,1604.75,5,4,4,544,Champions,3,United Kingdom,2010-12-06 14:19:00,2011-12-07 11:03:00,2.17562833885367,-0.8948101537827317
12947,144,6,1603.99,2,3,4,234,At Risk,2,United Kingdom,2010-12-01 16:21:00,2011-07-19 10:06:00,0.4811219676031509,1.2446905990168655
15660,25,9,1600.86,4,4,4,444,Champions,3,United Kingdom,2010-12-09 09:49:00,2011-11-14 16:58:00,1.459453589331942,0.2909090531270172
14178,9,7,1600.26,5,4,4,544,Champions,3,United Kingdom,2011-06-10 12:51:00,2011-12-01 12:01:00,1.6223655324902255,-0.40031720509507374
16496,9,3,1599.52,5,2,4,524,Potential Loyalists,0,United Kingdom,2011-01-27 09:42:00,2011-12-01 10:31:00,0.9949445426146153,-0.6656280458668771
16466,34,7,1595.96,3,4,4,344,Loyal Customers,2,United Kingdom,2011-02-20 11:39:00,2011-11-06 11:35:00,1.142537577478077,0.39287485746277595
13850,129,1,1595.48,2,1,4,214,Hibernating,2,United Kingdom,2011-08-02 14:04:00,2011-08-02 14:04:00,-0.6132611709786282,0.6943224377670912
17673,2,6,1594.97,5,3,4,534,Loyal Customers,3,United Kingdom,2011-01-23 15:16:00,2011-12-08 12:50:00,1.9598843602304705,-1.2158423663873275
16801,163,4,1594.23,2,3,4,234,At Risk,2,United Kingdom,2011-03-11 13:56:00,2011-06-29 15:33:00,0.1267327816839392,1.1918200494547395
16676,34,4,1592.12,3,3,4,334,Loyal Customers,2,United Kingdom,2011-01-06 13:00:00,2011-11-06 12:01:00,0.716108135418386,0.2122123753405835
14970,68,4,1592.06,3,3,4,334,Loyal Customers,2,United Kingdom,2011-01-27 12:23:00,2011-10-02 13:44:00,0.45680590780324315,0.6424879959360081
15611,10,13,1591.45,5,4,4,544,Champions,3,United Kingdom,2011-01-09 11:32:00,2011-11-30 12:36:00,2.0897157388139704,-0.12784192183826432
18178,129,4,1590.81,2,3,4,234,At Risk,2,United Kingdom,2010-12-10 12:42:00,2011-08-03 09:30:00,0.21446550373303275,1.0437548179986433
14442,205,2,1589.82,1,1,4,114,Lost,2,Channel Islands,2011-01-27 09:33:00,2011-05-19 11:36:00,-0.4239052563945474,1.1399544808023747
13614,24,4,1585.46,4,3,4,434,Loyal Customers,2,United Kingdom,2011-01-13 12:37:00,2011-11-15 14:47:00,0.8426535070076832,-0.002615190069707822
16332,28,7,1582.8,4,4,4,444,Champions,2,United Kingdom,2011-02-07 14:16:00,2011-11-11 14:22:00,1.2104496123155242,0.27064808133516377
12393,72,4,1582.6,3,3,4,334,Loyal Customers,2,Australia,2011-01-11 09:47:00,2011-09-28 15:41:00,0.4324551476378612,0.6760429591077589
14719,2,5,1581.84,5,3,4,534,Loyal Customers,3,United Kingdom,2011-04-04 14:17:00,2011-12-08 12:43:00,1.8164824309002172,-1.2778167384457904
14587,19,9,1580.29,4,4,4,444,Champions,3,United Kingdom,2011-01-12 13:16:00,2011-11-21 11:34:00,1.5535479982208709,0.11987977688820427
12607,60,1,1579.51,3,1,4,314,Need Attention,2,USA,2011-10-10 16:06:00,2011-10-10 16:06:00,-0.32898532083239573,0.2109865620252216
13814,92,2,1579.12,2,1,4,214,Hibernating,2,Germany,2011-07-25 13:54:00,2011-09-08 13:48:00,-0.1233111418388503,0.6333421071679879
16889,195,3,1578.67,1,2,4,124,Lost,2,United Kingdom,2011-01-07 10:47:00,2011-05-29 11:05:00,-0.1479192268505132,1.215891267234241
13186,40,3,1575.89,3,2,4,324,Need Attention,2,United Kingdom,2011-08-03 09:09:00,2011-10-31 11:40:00,0.44889773569859387,0.22343005324300652
17671,16,4,1572.71,4,3,4,434,Loyal Customers,2,United Kingdom,2010-12-09 14:27:00,2011-11-24 12:21:00,0.9861497342076343,-0.25003932620255903
16283,6,5,1570.81,5,3,4,534,Loyal Customers,3,United Kingdom,2011-05-15 13:37:00,2011-12-04 12:08:00,1.4895006273722777,-0.7432310526033953
12865,26,2,1568.23,4,1,4,414,Recent Customers,2,Austria,2011-08-08 10:11:00,2011-11-13 14:31:00,0.34585057496161,-0.15320485154789165
15906,20,7,1567.69,4,4,4,444,Champions,2,United Kingdom,2011-03-29 13:28:00,2011-11-20 12:24:00,1.329203078803532,0.06253912791307475
15111,29,3,1567.48,4,2,4,424,Potential Loyalists,2,United Kingdom,2010-12-02 11:45:00,2011-11-10 16:58:00,0.5656886684312535,0.02345692672364491
15532,25,4,1564.73,4,3,4,434,Loyal Customers,2,United Kingdom,2010-12-16 16:45:00,2011-11-14 14:51:00,0.8214347285190854,0.017457866622472545
17204,175,4,1564.56,2,3,4,234,At Risk,2,United Kingdom,2011-03-21 12:42:00,2011-06-17 14:46:00,0.09085505484294276,1.229749364732992
13659,206,2,1563.0,1,1,4,114,Lost,2,United Kingdom,2011-01-23 12:08:00,2011-05-18 12:37:00,-0.4338171793780124,1.1368318414741658
17085,123,5,1562.4,2,3,4,234,At Risk,2,United Kingdom,2010-12-12 12:24:00,2011-08-08 14:15:00,0.3889526969856457,1.0769822344588247
18239,219,5,1561.61,1,3,4,134,At Risk,2,United Kingdom,2010-12-02 17:48:00,2011-05-05 12:38:00,0.16969602182207283,1.4402627466442457
14038,78,3,1560.38,2,2,4,224,Hibernating,2,United Kingdom,2011-05-16 14:05:00,2011-09-22 13:37:00,0.19366770138781036,0.635613272941704
16394,57,5,1555.34,3,3,4,334,Loyal Customers,2,United Kingdom,2011-02-23 10:58:00,2011-10-14 09:48:00,0.6770634671267833,0.5936449059510894
13313,22,5,1555.32,4,3,4,434,Loyal Customers,2,United Kingdom,2011-01-04 10:00:00,2011-11-17 16:48:00,1.0303859661199233,0.007281988647768671
15620,57,3,1553.18,3,2,4,324,Need Attention,2,United Kingdom,2010-12-16 14:34:00,2011-10-14 12:41:00,0.30951540097297336,0.43804067212336173
15117,15,5,1551.78,4,3,4,434,Loyal Customers,2,United Kingdom,2011-05-08 12:38:00,2011-11-25 08:12:00,1.1679353988974863,-0.2236061897695413
13634,33,5,1547.36,4,3,4,434,Loyal Customers,2,United Kingdom,2011-01-16 15:30:00,2011-11-06 13:40:00,0.8786444638344129,0.2531986197686985
14229,52,3,1547.2,3,2,4,324,Need Attention,2,United Kingdom,2011-01-10 12:03:00,2011-10-19 10:04:00,0.3421250183458694,0.3794866087608598
16790,4,6,1545.62,5,3,4,534,Loyal Customers,3,United Kingdom,2011-11-02 11:23:00,2011-12-06 11:53:00,1.7498568622445547,-0.9034512533506404
16369,18,3,1545.41,4,2,4,424,Potential Loyalists,2,United Kingdom,2011-05-27 09:39:00,2011-11-21 16:25:00,0.7334502634740316,-0.2712597137029642
13397,73,5,1544.13,2,3,4,234,At Risk,2,United Kingdom,2011-01-04 13:50:00,2011-09-28 10:56:00,0.5805727131620525,0.745452905144876
12818,262,1,1542.08,1,1,4,114,Lost,1,Austria,2011-03-23 12:06:00,2011-03-23 12:06:00,-0.8985555890197474,1.1286155623652512
17837,42,8,1541.23,3,4,4,344,Loyal Customers,2,United Kingdom,2011-06-29 16:44:00,2011-10-28 16:13:00,1.153944830406937,0.5557255221263453
16365,18,9,1540.42,4,4,4,444,Champions,3,United Kingdom,2010-12-07 17:19:00,2011-11-22 11:24:00,1.5610334710871905,0.0780624678113177
17159,22,3,1538.88,4,2,4,424,Potential Loyalists,2,United Kingdom,2011-06-21 09:49:00,2011-11-18 10:52:00,0.6584610964615204,-0.1516841179506911
13849,52,2,1537.95,3,1,4,314,Need Attention,2,United Kingdom,2011-06-22 10:11:00,2011-10-19 10:59:00,0.07897132092709726,0.2672600020618925
12877,4,12,1535.77,5,4,4,544,Champions,3,United Kingdom,2010-12-16 12:23:00,2011-12-06 10:30:00,2.3069718429560235,-0.6689834621380235
15392,5,4,1535.53,5,3,4,534,Loyal Customers,0,United Kingdom,2010-12-14 15:50:00,2011-12-05 11:01:00,1.3726463250385308,-0.918962170857637
15625,104,4,1534.26,2,3,4,234,At Risk,2,United Kingdom,2011-04-18 14:01:00,2011-08-28 10:21:00,0.27889923537636196,0.8951885379168775
13320,78,4,1532.2,2,3,4,234,At Risk,2,United Kingdom,2011-05-10 10:29:00,2011-09-22 18:07:00,0.3869457957866003,0.7143368399062081
13107,44,4,1531.62,3,3,4,334,Loyal Customers,2,United Kingdom,2011-01-10 12:28:00,2011-10-26 14:52:00,0.6017492763202155,0.3574291980340415
12759,52,3,1531.44,3,2,4,324,Need Attention,2,Netherlands,2011-03-09 08:09:00,2011-10-18 14:49:00,0.3372735869559005,0.37576016888941105
14321,11,5,1530.75,5,3,4,534,Loyal Customers,2,United Kingdom,2011-01-10 11:35:00,2011-11-29 09:47:00,1.2713637907201496,-0.4109444702366065
14567,57,2,1530.36,3,1,4,314,Need Attention,2,United Kingdom,2011-08-01 13:48:00,2011-10-14 10:21:00,0.04218949224504851,0.32260934225615934
15701,2,4,1529.0,5,3,4,534,Loyal Customers,0,United Kingdom,2011-08-21 12:36:00,2011-12-07 14:39:00,1.6354077864029235,-1.3599241521762166
16244,212,2,1522.75,1,1,4,114,Lost,2,United Kingdom,2010-12-02 11:41:00,2011-05-12 10:18:00,-0.4570944482585741,1.1454499056902323
16066,17,5,1521.04,4,3,4,434,Loyal Customers,2,United Kingdom,2011-08-07 14:33:00,2011-11-23 11:54:00,1.1134616164436097,-0.1562216823859249
13213,57,5,1520.58,3,3,4,334,Loyal Customers,2,United Kingdom,2011-05-24 12:22:00,2011-10-14 11:42:00,0.666353411007727,0.5854183894986409
13764,71,3,1519.42,3,2,4,324,Need Attention,2,United Kingdom,2011-01-06 14:53:00,2011-09-30 12:03:00,0.216505455674991,0.5671138015152011
14267,163,3,1516.24,2,2,4,224,Hibernating,2,United Kingdom,2011-03-24 11:38:00,2011-06-30 10:09:00,-0.09894816605941499,1.088207480679027
13791,128,2,1516.0,2,1,4,214,Hibernating,2,United Kingdom,2011-06-24 16:38:00,2011-08-04 11:44:00,-0.2676352900945961,0.8259269286697956
16748,18,5,1515.9,4,3,4,434,Loyal Customers,2,United Kingdom,2011-01-09 13:50:00,2011-11-22 10:17:00,1.0912040906425908,-0.12317854672528004
16053,33,2,1511.95,4,1,4,414,Recent Customers,2,United Kingdom,2011-08-09 14:57:00,2011-11-07 11:21:00,0.2404730985764846,-0.020369707142255715
16434,29,7,1511.8,4,4,4,444,Champions,2,United Kingdom,2011-02-13 12:17:00,2011-11-10 14:28:00,1.1757522447913877,0.2754353398900548
16910,4,8,1508.96,5,4,4,544,Champions,3,United Kingdom,2011-09-09 14:14:00,2011-12-05 12:51:00,1.9658870775875164,-0.8160553235836644
15265,151,2,1506.12,2,1,4,214,Hibernating,2,United Kingdom,2011-04-18 12:16:00,2011-07-11 14:46:00,-0.3334071890648668,0.9275558285232754
12937,15,4,1504.27,4,3,4,434,Loyal Customers,2,United Kingdom,2011-03-17 14:19:00,2011-11-24 15:05:00,0.9882255532100188,-0.304665285943224
15916,16,8,1502.86,4,4,4,444,Champions,3,United Kingdom,2010-12-08 13:07:00,2011-11-23 13:46:00,1.4964879135858478,-0.041734464462299
16279,21,3,1502.78,4,2,4,424,Potential Loyalists,2,United Kingdom,2011-06-16 11:50:00,2011-11-18 15:00:00,0.6641934005734593,-0.1885035414718336
13810,29,3,1499.01,4,2,4,424,Potential Loyalists,2,Germany,2011-10-14 12:57:00,2011-11-11 08:33:00,0.5445246294322386,0.007200586598976941
15530,22,4,1497.31,4,3,4,434,Loyal Customers,2,United Kingdom,2011-04-07 11:16:00,2011-11-18 12:25:00,0.8473989159875455,-0.07629436569752343
14414,92,7,1496.98,2,4,4,244,At Risk,2,United Kingdom,2010-12-16 11:11:00,2011-09-09 12:09:00,0.7388909764675251,0.9890862602821796
14704,11,9,1493.96,5,4,4,544,Champions,3,United Kingdom,2011-06-12 13:59:00,2011-11-28 12:51:00,1.7220625529773577,-0.2243979020702819
17002,86,3,1493.73,2,2,4,224,Hibernating,2,United Kingdom,2011-02-22 11:46:00,2011-09-15 12:40:00,0.1361352935297651,0.6808746826950023
16880,31,7,1491.43,4,4,4,444,Champions,2,United Kingdom,2011-06-03 16:45:00,2011-11-09 11:33:00,1.1446707335261557,0.311411262015929
15057,275,2,1489.5,1,1,4,114,Lost,2,United Kingdom,2011-01-28 09:09:00,2011-03-09 15:17:00,-0.5665346381090693,1.3016728550622976
13110,31,7,1488.67,4,4,4,444,Champions,2,United Kingdom,2011-02-01 15:24:00,2011-11-08 14:30:00,1.143793050205028,0.31073710343066735
13692,25,3,1488.32,4,2,4,424,Potential Loyalists,2,United Kingdom,2011-04-17 12:57:00,2011-11-15 11:17:00,0.5957976414281392,-0.08612101228507887
17553,130,1,1487.6,2,1,4,214,Hibernating,1,United Kingdom,2011-08-02 10:00:00,2011-08-02 10:00:00,-0.6493627258844471,0.6736986084458809
14758,145,4,1484.06,2,3,4,234,At Risk,2,United Kingdom,2011-03-25 12:10:00,2011-07-18 08:21:00,0.13721191924244575,1.092055324111083
16395,61,5,1482.06,3,3,4,334,Loyal Customers,2,United Kingdom,2011-01-13 12:10:00,2011-10-10 12:50:00,0.6287192618894625,0.618357610484368
18016,32,5,1477.66,4,3,4,434,Loyal Customers,2,United Kingdom,2010-12-10 17:14:00,2011-11-07 13:25:00,0.8682086149633454,0.2174984925059065
14878,13,9,1476.09,5,4,4,544,Champions,3,United Kingdom,2010-12-16 12:11:00,2011-11-27 11:15:00,1.6574753365504322,-0.13105599785919297
14403,130,4,1475.81,2,3,4,234,At Risk,2,United Kingdom,2011-04-06 14:23:00,2011-08-01 12:57:00,0.17598261980215324,1.0213018626499328
16755,114,3,1475.43,2,2,4,224,Hibernating,2,United Kingdom,2011-01-28 10:47:00,2011-08-17 13:21:00,0.02370775738950103,0.8532715378478098
12826,3,7,1474.72,5,4,4,544,Champions,3,United Kingdom,2010-12-09 15:21:00,2011-12-07 10:25:00,1.9336744201067109,-1.0109221774822315
14246,111,3,1474.06,2,2,4,224,Hibernating,2,United Kingdom,2011-04-08 08:25:00,2011-08-21 11:50:00,0.03336502898153559,0.8361764403667392
14963,10,5,1472.34,5,3,4,534,Loyal Customers,2,United Kingdom,2011-06-09 12:30:00,2011-11-30 12:16:00,1.2861672972761504,-0.48026398221499583
15128,60,4,1471.0,3,3,4,334,Loyal Customers,2,United Kingdom,2011-05-04 12:32:00,2011-10-10 13:54:00,0.4664057999810322,0.5355816339190944
17590,2,3,1468.02,5,2,4,524,Potential Loyalists,0,United Kingdom,2011-10-30 14:05:00,2011-12-07 12:55:00,1.4142089401314104,-1.4600939676096718
16016,3,8,1465.51,5,4,4,544,Champions,3,United Kingdom,2010-12-08 12:36:00,2011-12-06 14:35:00,2.0372832015777713,-0.9681479689051671
14875,108,2,1465.32,2,1,4,214,Hibernating,2,United Kingdom,2011-03-22 11:53:00,2011-08-24 12:20:00,-0.219393434813992,0.7067559823895467
15983,22,4,1465.12,4,3,4,434,Loyal Customers,2,United Kingdom,2010-12-01 12:15:00,2011-11-17 17:34:00,0.837101039240835,-0.08420428246550078
12882,9,2,1463.04,5,1,4,514,Recent Customers,0,United Kingdom,2011-11-06 11:22:00,2011-11-30 16:18:00,0.6923713354373267,-0.8081332283240885
14233,49,4,1462.72,3,3,4,334,Loyal Customers,2,United Kingdom,2011-01-26 12:43:00,2011-10-21 15:54:00,0.539691776322305,0.40746850515161004
17063,21,7,1461.14,4,4,4,444,Champions,2,United Kingdom,2011-02-23 13:44:00,2011-11-18 16:19:00,1.2780805374470405,0.06641179220378247
16996,30,6,1456.96,4,3,4,434,Loyal Customers,2,United Kingdom,2010-12-21 13:22:00,2011-11-09 16:43:00,1.0248915166378738,0.23169569556920347
13309,7,5,1456.79,5,3,4,534,Loyal Customers,3,United Kingdom,2011-02-04 12:29:00,2011-12-02 16:34:00,1.402785033907281,-0.6860075637646388
13477,38,6,1454.58,3,3,4,334,Loyal Customers,2,United Kingdom,2011-02-21 12:29:00,2011-11-02 12:04:00,0.9364198859619107,0.3766361540638618
14541,59,8,1453.35,3,4,4,344,Loyal Customers,2,United Kingdom,2011-01-24 14:16:00,2011-10-12 10:08:00,0.998865441966998,0.7455497473748192
16059,66,6,1453.16,3,3,4,334,Loyal Customers,2,United Kingdom,2010-12-07 10:36:00,2011-10-05 09:56:00,0.72924614377669,0.7193230238595245
14404,34,6,1449.32,3,3,4,334,Loyal Customers,2,United Kingdom,2010-12-05 16:00:00,2011-11-06 12:30:00,0.9760407094186491,0.30671717753727307
14740,197,3,1448.21,1,2,4,124,Lost,2,United Kingdom,2011-03-01 08:35:00,2011-05-26 18:17:00,-0.1926683812948351,1.1909337618252116
17073,18,4,1446.09,4,3,4,434,Loyal Customers,2,United Kingdom,2011-08-22 14:37:00,2011-11-22 11:47:00,0.9038890048106819,-0.2100793147331324
13717,32,6,1445.01,4,3,4,434,Loyal Customers,2,United Kingdom,2011-02-14 13:21:00,2011-11-07 14:13:00,0.9971064894840574,0.2683321343766341
13461,39,3,1445.0,3,2,4,324,Need Attention,2,United Kingdom,2011-06-29 10:23:00,2011-11-01 09:01:00,0.4172430592871533,0.1762169683074124
17175,44,4,1443.69,3,3,4,334,Loyal Customers,2,United Kingdom,2011-02-16 14:56:00,2011-10-26 15:31:00,0.573734305551218,0.33591057895454307
14071,4,8,1437.57,5,4,4,544,Champions,3,United Kingdom,2011-03-20 11:33:00,2011-12-06 12:27:00,1.9429220189137342,-0.8336950474946502
15987,12,7,1432.77,5,4,4,544,Champions,3,United Kingdom,2010-12-06 08:34:00,2011-11-27 15:38:00,1.469756551004128,-0.27423364051524196
14566,111,1,1432.0,2,1,4,214,Hibernating,2,Channel Islands,2011-08-21 11:05:00,2011-08-21 11:05:00,-0.6075534035181092,0.5604980597260241
16503,107,4,1431.93,2,3,4,234,At Risk,2,United Kingdom,2010-12-14 13:50:00,2011-08-25 11:46:00,0.23543150173941366,0.8879248201497824
13475,191,4,1431.78,1,3,4,134,At Risk,2,United Kingdom,2011-02-14 12:36:00,2011-06-01 13:52:00,0.015593910002072412,1.2526306741008717
15427,33,3,1430.54,4,2,4,424,Potential Loyalists,2,United Kingdom,2011-10-23 14:47:00,2011-11-06 14:29:00,0.4745595431613275,0.06953001060228925
16103,7,6,1429.64,5,3,4,534,Loyal Customers,3,United Kingdom,2011-04-20 12:28:00,2011-12-02 14:16:00,1.5333559849080773,-0.633888812737001
13159,9,4,1429.35,5,3,4,534,Loyal Customers,0,United Kingdom,2011-08-16 11:44:00,2011-12-01 11:20:00,1.1435588828444063,-0.6212112187004614
14035,29,5,1428.02,4,3,4,434,Loyal Customers,2,United Kingdom,2011-02-15 12:48:00,2011-11-11 10:03:00,0.8884257443919458,0.14464132708119312
15858,16,5,1427.57,4,3,4,434,Loyal Customers,2,United Kingdom,2010-12-07 14:31:00,2011-11-24 12:48:00,1.1052451767541507,-0.2155388455161613
15681,25,5,1426.16,4,3,4,434,Loyal Customers,2,United Kingdom,2011-03-04 13:46:00,2011-11-14 16:30:00,0.9424724221209806,0.053450212532006644
17571,50,4,1425.67,3,3,4,334,Loyal Customers,2,United Kingdom,2011-02-14 15:15:00,2011-10-20 15:57:00,0.5199707726518134,0.4106846011825812
15106,18,5,1422.52,4,3,4,434,Loyal Customers,2,United Kingdom,2011-03-15 12:52:00,2011-11-22 09:16:00,1.0610780951206618,-0.14631866803300844
16463,21,4,1422.4,4,3,4,434,Loyal Customers,2,United Kingdom,2011-05-19 14:45:00,2011-11-18 14:01:00,0.8400602319824563,-0.12315376450910052
16571,27,3,1421.69,4,2,4,424,Potential Loyalists,2,United Kingdom,2011-03-03 09:41:00,2011-11-13 11:46:00,0.5457863520723529,-0.055811010619781894
14019,47,3,1421.61,3,2,4,324,Need Attention,2,United Kingdom,2011-07-24 15:39:00,2011-10-24 10:13:00,0.33986410204048983,0.28585773526458924
14901,11,9,1421.29,5,4,4,544,Champions,3,United Kingdom,2010-12-02 11:20:00,2011-11-28 17:09:00,1.6984348115812358,-0.24254664015051935
14443,54,4,1420.2,3,3,4,334,Loyal Customers,2,United Kingdom,2010-12-06 11:03:00,2011-10-17 10:10:00,0.48930558299581306,0.45715246795702286
16173,16,6,1418.32,4,3,4,434,Loyal Customers,2,United Kingdom,2011-09-02 15:23:00,2011-11-24 10:53:00,1.2416499639404062,-0.15893905827105914
17856,2,4,1418.03,5,3,4,534,Loyal Customers,0,United Kingdom,2011-03-03 11:40:00,2011-12-08 09:40:00,1.5997066249181728,-1.3873466221484565
17288,9,7,1417.63,5,4,4,544,Champions,3,United Kingdom,2010-12-16 13:33:00,2011-11-30 16:09:00,1.5649456726202557,-0.4444220554027322
14748,29,5,1415.75,4,3,4,434,Loyal Customers,2,United Kingdom,2010-12-06 10:19:00,2011-11-10 18:33:00,0.8843369215009175,0.14150065550951538
16348,32,7,1415.65,4,4,4,444,Champions,2,United Kingdom,2011-04-13 15:49:00,2011-11-07 15:44:00,1.1082074269266657,0.3119395671743824
16012,35,3,1415.29,3,2,4,324,Need Attention,2,United Kingdom,2011-07-07 18:02:00,2011-11-04 13:25:00,0.4476469318280663,0.10186414834173264
16245,24,3,1413.66,4,2,4,424,Potential Loyalists,2,United Kingdom,2011-03-28 09:30:00,2011-11-16 10:14:00,0.5863938557923328,-0.12971561030114992
15237,2,4,1412.32,5,3,4,534,Loyal Customers,0,United Kingdom,2011-04-26 15:04:00,2011-12-08 09:46:00,1.5977948330078098,-1.388815091354353
15444,9,2,1411.21,5,1,4,514,Recent Customers,0,United Kingdom,2011-10-30 16:12:00,2011-11-30 17:37:00,0.6752809273141063,-0.8212605660375273
15596,101,5,1406.59,2,3,4,234,At Risk,2,United Kingdom,2010-12-09 16:10:00,2011-08-31 10:55:00,0.41378154358468155,0.9149334135149756
17083,109,3,1405.78,2,2,4,224,Hibernating,2,United Kingdom,2011-02-09 11:38:00,2011-08-22 15:43:00,0.01777533512288364,0.8074923047421253
16271,3,5,1404.64,5,3,4,534,Loyal Customers,3,United Kingdom,2010-12-16 16:36:00,2011-12-07 12:45:00,1.6502929188541997,-1.1386859913802418
15426,19,5,1404.07,4,3,4,434,Loyal Customers,2,United Kingdom,2010-12-05 13:55:00,2011-11-20 15:36:00,1.0352985372050225,-0.11855325466682168
18116,68,8,1403.11,3,4,4,344,Loyal Customers,2,United Kingdom,2010-12-10 12:14:00,2011-10-03 11:00:00,0.9288075235245582,0.8213461051898202
14649,5,4,1402.59,5,3,4,534,Loyal Customers,0,United Kingdom,2011-05-11 14:37:00,2011-12-05 12:30:00,1.3297383824969642,-0.9519202516870041
15563,22,4,1400.44,4,3,4,434,Loyal Customers,2,United Kingdom,2010-12-16 11:27:00,2011-11-17 14:50:00,0.8157075310982198,-0.10063688046073184
14741,12,6,1400.34,5,3,4,534,Loyal Customers,3,United Kingdom,2010-12-02 08:43:00,2011-11-28 08:48:00,1.3380812798592474,-0.3336444540626724
15478,40,2,1399.92,3,1,4,314,Need Attention,2,United Kingdom,2011-10-14 11:09:00,2011-10-30 14:19:00,0.1324808218871926,0.07029136157516029
18202,200,3,1396.99,1,2,4,124,Lost,2,United Kingdom,2011-02-01 13:36:00,2011-05-24 12:12:00,-0.215474402401566,1.1873616159620266
13995,15,5,1393.69,4,3,4,434,Loyal Customers,2,United Kingdom,2011-04-08 08:20:00,2011-11-24 14:22:00,1.1170230858956736,-0.26271251898815323
17354,51,1,1393.06,3,1,4,314,Need Attention,2,United Kingdom,2011-10-20 10:34:00,2011-10-20 10:34:00,-0.3275263563711544,0.06407372775372175
15810,79,4,1391.98,2,3,4,234,At Risk,2,United Kingdom,2011-02-16 09:11:00,2011-09-22 09:38:00,0.33666365217853256,0.687379521399915
13414,134,3,1390.5,2,2,4,224,Hibernating,2,United Kingdom,2011-02-16 12:13:00,2011-07-29 11:45:00,-0.06563402312906222,0.9333413202801859
13516,21,3,1389.41,4,2,4,424,Potential Loyalists,2,United Kingdom,2011-04-15 11:06:00,2011-11-18 13:15:00,0.6270275371227589,-0.21705106575628944
16539,3,4,1388.81,5,3,4,534,Loyal Customers,0,United Kingdom,2010-12-01 15:40:00,2011-12-07 08:41:00,1.4799471337422898,-1.2125524456545522
15134,15,8,1387.99,4,4,4,444,Champions,3,United Kingdom,2011-04-13 11:05:00,2011-11-25 08:55:00,1.4819708167897767,-0.10910563237859737
12952,6,4,1387.79,5,3,4,534,Loyal Customers,0,United Kingdom,2011-09-22 16:37:00,2011-12-04 10:35:00,1.265826903594555,-0.8580593057639786
12775,17,5,1386.04,4,3,4,434,Loyal Customers,2,Netherlands,2011-02-01 13:45:00,2011-11-22 16:33:00,1.0694222566920437,-0.19004881769915075
13308,23,3,1385.51,4,2,4,424,Potential Loyalists,2,United Kingdom,2011-05-20 13:13:00,2011-11-17 09:31:00,0.5924575239339723,-0.16291443332721633
18167,23,3,1384.86,4,2,4,424,Potential Loyalists,2,United Kingdom,2011-08-26 11:40:00,2011-11-16 15:56:00,0.5922351862814436,-0.1630852134180202
17311,78,2,1384.85,2,1,4,214,Hibernating,2,United Kingdom,2011-01-27 10:56:00,2011-09-22 14:11:00,-0.1231906448966711,0.4821355119485367
13572,206,1,1384.25,1,1,4,114,Lost,1,United Kingdom,2011-05-18 11:59:00,2011-05-18 11:59:00,-0.8582530913283876,0.9375314034260781
15898,1,5,1383.83,5,3,4,534,Loyal Customers,3,United Kingdom,2010-12-06 11:01:00,2011-12-08 15:23:00,1.908001572433948,-1.5835290920794638
15051,23,3,1383.36,4,2,4,424,Potential Loyalists,2,United Kingdom,2011-07-12 15:29:00,2011-11-16 15:38:00,0.5917217011375077,-0.16347962722292644
14116,20,5,1382.74,4,3,4,434,Loyal Customers,2,United Kingdom,2011-08-10 12:44:00,2011-11-20 10:29:00,1.0094075654420218,-0.09319470466498125
16389,53,4,1382.07,3,3,4,334,Loyal Customers,2,United Kingdom,2011-03-01 15:47:00,2011-10-17 14:41:00,0.4834198210752109,0.4356154196765671
17621,21,3,1379.9,4,2,4,424,Potential Loyalists,2,United Kingdom,2010-12-20 13:31:00,2011-11-18 17:11:00,0.6237733092924063,-0.21955067532778164
12886,68,2,1378.4,3,1,4,314,Need Attention,2,United Kingdom,2011-05-04 11:21:00,2011-10-03 10:09:00,-0.07370247865342365,0.39463874370882374
15569,104,5,1375.71,2,3,4,234,At Risk,2,United Kingdom,2011-01-11 13:26:00,2011-08-28 10:15:00,0.3921904411606937,0.9252307180409597
14434,22,6,1372.8,4,3,4,434,Loyal Customers,2,United Kingdom,2011-09-28 15:31:00,2011-11-18 08:56:00,1.110723102149351,0.020815572544869113
15453,2,7,1371.77,5,4,4,544,Champions,3,United Kingdom,2011-06-05 12:37:00,2011-12-08 10:59:00,2.0092796436268543,-1.219631751363219
17676,4,6,1371.18,5,3,4,534,Loyal Customers,3,United Kingdom,2010-12-08 13:49:00,2011-12-05 15:16:00,1.6931141029090564,-0.9470360150028452
15095,104,4,1370.6,2,3,4,234,At Risk,2,United Kingdom,2011-05-20 14:27:00,2011-08-28 12:01:00,0.22545156436965053,0.8541347712517862
14507,24,6,1367.88,4,3,4,434,Loyal Customers,2,United Kingdom,2011-03-08 17:23:00,2011-11-16 12:21:00,1.0771703493061162,0.07236749826764322
13813,40,4,1366.86,3,3,4,334,Loyal Customers,2,Germany,2011-07-28 10:33:00,2011-10-31 10:38:00,0.5833833444917144,0.2569944403919335
14897,8,4,1366.38,5,3,4,534,Loyal Customers,0,United Kingdom,2011-02-16 08:37:00,2011-12-02 10:32:00,1.1624586403962514,-0.704400480807657
13396,29,2,1360.99,4,1,4,414,Recent Customers,2,United Kingdom,2011-01-24 13:37:00,2011-11-10 16:59:00,0.2384445343985946,-0.13799827648198665
16726,26,5,1358.74,4,3,4,434,Loyal Customers,2,United Kingdom,2010-12-13 13:28:00,2011-11-13 14:53:00,0.9051099056986226,0.059750240187997634
17054,28,5,1356.33,4,3,4,434,Loyal Customers,2,United Kingdom,2011-04-08 13:14:00,2011-11-11 12:56:00,0.8769715863338854,0.10440455451003015
14859,13,4,1353.74,5,3,4,534,Loyal Customers,2,United Kingdom,2011-05-19 14:42:00,2011-11-27 11:18:00,0.9892759543360676,-0.42768918762245267
15116,18,4,1352.75,4,3,4,434,Loyal Customers,2,United Kingdom,2011-05-19 08:50:00,2011-11-22 12:25:00,0.8722741499611337,-0.23436304589853912
16079,17,3,1352.0,4,2,4,424,Potential Loyalists,2,United Kingdom,2011-10-30 13:06:00,2011-11-23 12:48:00,0.6907510722874295,-0.3541968457213794
16493,80,4,1351.63,2,3,4,234,At Risk,2,United Kingdom,2011-01-14 08:16:00,2011-09-21 11:10:00,0.3179807126763548,0.6845490023289744
12770,211,1,1351.45,1,1,4,114,Lost,1,Japan,2011-05-13 09:33:00,2011-05-13 09:33:00,-0.8787325478126637,0.9439344775128421
15411,26,4,1348.93,4,3,4,434,Loyal Customers,2,United Kingdom,2011-06-10 12:30:00,2011-11-13 15:19:00,0.7367009996650147,-0.01262847514013651
16669,24,3,1348.88,4,2,4,424,Potential Loyalists,2,United Kingdom,2011-09-22 14:13:00,2011-11-16 12:26:00,0.5641685157583776,-0.14678714787463443
12646,5,2,1346.97,5,1,4,514,Recent Customers,0,USA,2011-10-21 12:52:00,2011-12-05 10:14:00,0.8483404635790444,-1.1620471927793201
14154,239,2,1345.62,1,1,4,114,Lost,2,United Kingdom,2011-04-14 15:58:00,2011-04-14 16:26:00,-0.5612792280726555,1.1761009502626674
15398,16,2,1345.53,4,1,4,414,Recent Customers,0,United Kingdom,2011-09-22 14:56:00,2011-11-23 16:47:00,0.4500003650313957,-0.502221481696979
12463,53,4,1344.78,3,3,4,334,Loyal Customers,2,Belgium,2011-04-12 12:47:00,2011-10-17 13:44:00,0.4704602509408893,0.425661025811444
16317,120,3,1341.65,2,2,4,224,Hibernating,2,United Kingdom,2011-02-15 14:30:00,2011-08-12 12:46:00,-0.040756175790821705,0.8509197560599456
13743,3,7,1341.6,5,4,4,544,Champions,3,United Kingdom,2011-03-25 14:46:00,2011-12-07 10:09:00,1.888848714328772,-1.045353314161217
18177,31,6,1340.87,4,3,4,434,Loyal Customers,2,United Kingdom,2011-03-29 08:46:00,2011-11-08 14:44:00,0.9734209774276539,0.2216028344925198
16045,120,4,1340.7,2,3,4,234,At Risk,2,United Kingdom,2011-02-22 14:55:00,2011-08-12 12:41:00,0.1608220992373903,0.9360187865838557
13501,288,1,1340.32,1,1,4,114,Lost,1,Switzerland,2011-02-24 18:59:00,2011-02-24 18:59:00,-1.0010091792565774,1.1373438120172101
15734,115,2,1339.45,2,1,4,214,Hibernating,2,United Kingdom,2011-05-23 14:59:00,2011-08-17 10:50:00,-0.28572556253516,0.7135261041834348
12620,15,3,1339.41,4,2,4,424,Potential Loyalists,0,France,2011-05-19 12:10:00,2011-11-25 10:20:00,0.7313111655538878,-0.4322686167142773
15059,41,9,1337.72,3,4,4,344,Loyal Customers,2,United Kingdom,2011-01-09 11:54:00,2011-10-30 11:35:00,1.1911696944890142,0.5295706247824508
17372,41,8,1337.18,3,4,4,344,Loyal Customers,2,United Kingdom,2010-12-12 12:00:00,2011-10-30 11:37:00,1.0956417795242868,0.4891212072440643
12919,8,6,1335.19,5,3,4,534,Loyal Customers,3,United Kingdom,2011-06-23 09:22:00,2011-12-01 13:47:00,1.4559784579194477,-0.5840969331737534
14064,29,5,1334.34,4,3,4,434,Loyal Customers,2,United Kingdom,2011-03-10 12:59:00,2011-11-10 13:14:00,0.8562765970501126,0.11994719974891843
15680,9,3,1333.68,5,2,4,524,Potential Loyalists,0,United Kingdom,2010-12-08 14:43:00,2011-11-30 13:46:00,0.908820342884115,-0.7317810275283174
17932,29,3,1331.57,4,2,4,424,Potential Loyalists,2,United Kingdom,2011-05-12 13:58:00,2011-11-10 19:49:00,0.4884024555254809,-0.035907496296092224
12676,25,6,1331.39,4,3,4,434,Loyal Customers,2,Sweden,2011-02-01 15:41:00,2011-11-15 12:25:00,1.0493771123388802,0.08739063829839493
16295,10,4,1328.55,5,3,4,534,Loyal Customers,0,United Kingdom,2011-10-06 10:45:00,2011-11-30 08:17:00,1.072499945653113,-0.5874062266147682
13232,13,7,1328.35,5,4,4,544,Champions,3,United Kingdom,2011-04-10 13:48:00,2011-11-27 10:39:00,1.4055931199896958,-0.2547940605263619
15146,165,2,1327.16,2,1,4,214,Hibernating,2,United Kingdom,2011-02-21 13:07:00,2011-06-28 12:09:00,-0.42700010593343324,0.9373725716555125
17633,31,4,1324.84,4,3,4,434,Loyal Customers,2,United Kingdom,2011-08-11 15:43:00,2011-11-08 13:25:00,0.6632620161257915,0.08851857044329343
17095,23,3,1324.16,4,2,4,424,Potential Loyalists,2,United Kingdom,2011-01-09 11:05:00,2011-11-17 12:21:00,0.5709988594598878,-0.17939707864496887
16110,45,3,1320.95,3,2,4,324,Need Attention,2,United Kingdom,2011-02-01 14:01:00,2011-10-25 14:35:00,0.32132574492792904,0.2321504287113252
14591,15,4,1320.21,4,3,4,434,Loyal Customers,2,United Kingdom,2011-05-10 14:09:00,2011-11-24 13:57:00,0.9263841460198986,-0.35216637725747957
14794,3,7,1319.91,5,4,4,544,Champions,3,United Kingdom,2011-01-09 16:11:00,2011-12-07 10:11:00,1.8811260765941673,-1.0512851604254945
16083,101,2,1317.62,2,1,4,214,Hibernating,2,United Kingdom,2010-12-14 11:51:00,2011-08-31 10:47:00,-0.24437944622432073,0.6260108276328583
12526,1,3,1316.66,5,2,4,524,Potential Loyalists,0,Germany,2011-09-06 14:19:00,2011-12-09 12:09:00,1.5175370386299047,-1.7567357264979049
12854,79,3,1316.25,2,2,4,224,Hibernating,2,United Kingdom,2011-01-25 13:35:00,2011-09-22 12:15:00,0.10824489445973383,0.5816640095064164
14921,30,2,1316.07,4,1,4,414,Recent Customers,2,United Kingdom,2011-05-22 12:51:00,2011-11-09 13:17:00,0.21001699361384948,-0.129426057381711
12576,36,5,1315.83,3,3,4,334,Loyal Customers,2,Poland,2011-02-08 11:31:00,2011-11-04 10:11:00,0.7695452215424341,0.24781278610376387
14511,11,5,1314.81,5,3,4,534,Loyal Customers,2,United Kingdom,2011-07-29 12:13:00,2011-11-28 17:05:00,1.1993118578301567,-0.46628838298189995
14738,43,7,1314.45,3,4,4,344,Loyal Customers,2,United Kingdom,2011-01-27 14:10:00,2011-10-28 08:56:00,0.9631708808957297,0.46731814907914615
14973,107,3,1314.45,2,2,4,224,Hibernating,2,United Kingdom,2011-04-28 12:22:00,2011-08-24 15:51:00,-0.0070428291908592,0.7714130619072985
16040,65,3,1313.55,3,2,4,324,Need Attention,2,United Kingdom,2011-03-16 09:58:00,2011-10-05 13:47:00,0.18075768742223658,0.45896527787864333
12364,8,4,1313.1,5,3,4,534,Loyal Customers,0,Belgium,2011-08-19 15:24:00,2011-12-02 10:22:00,1.143613574545044,-0.7188755911664713
17004,46,2,1312.14,3,1,4,314,Need Attention,2,United Kingdom,2011-09-08 12:16:00,2011-10-24 14:25:00,0.049627607053049555,0.13330458188688366
12516,78,2,1312.06,2,1,4,214,Hibernating,2,Germany,2011-06-12 11:37:00,2011-09-23 09:13:00,-0.14877293929930174,0.46248545937596736
14477,20,4,1309.6,4,3,4,434,Loyal Customers,2,United Kingdom,2011-02-15 15:44:00,2011-11-20 11:11:00,0.8186829239978448,-0.18271439128801767
16120,59,4,1309.14,3,3,4,334,Loyal Customers,2,United Kingdom,2011-10-11 14:10:00,2011-10-11 14:22:00,0.4174865187727772,0.48267767876841416
14047,9,5,1308.61,5,3,4,534,Loyal Customers,2,United Kingdom,2010-12-02 10:09:00,2011-12-01 11:43:00,1.2667188620011336,-0.5835887210121186
13328,316,1,1308.48,1,1,4,114,Lost,1,United Kingdom,2011-01-27 15:22:00,2011-01-27 15:22:00,-1.0477256340376524,1.1872174101866673
14297,18,4,1305.33,4,3,4,434,Loyal Customers,2,United Kingdom,2011-03-10 08:31:00,2011-11-22 09:06:00,0.8553672608484105,-0.24734942056356712
12507,134,3,1304.81,2,2,4,224,Hibernating,2,Spain,2011-02-14 09:24:00,2011-07-28 17:09:00,-0.09577076443887717,0.9101929450100268
17919,88,1,1304.04,2,1,4,214,Hibernating,2,United Kingdom,2011-09-12 13:41:00,2011-09-12 13:41:00,-0.5640972181325317,0.38071359025901724
15813,208,2,1303.91,1,1,4,114,Lost,2,United Kingdom,2011-04-14 09:09:00,2011-05-16 08:13:00,-0.523365796873806,1.0769654491044374
16370,82,4,1301.91,2,3,4,234,At Risk,2,United Kingdom,2011-04-28 16:40:00,2011-09-18 15:55:00,0.2909058061526217,0.6863719425985734
15108,142,4,1300.25,2,3,4,234,At Risk,2,European Community,2011-04-26 10:54:00,2011-07-21 10:24:00,0.08249286298283731,1.030771298526935
13168,36,4,1299.59,3,3,4,334,Loyal Customers,2,United Kingdom,2011-01-25 13:55:00,2011-11-03 12:56:00,0.5986856141613572,0.17355165907480583
12488,10,3,1298.66,5,2,4,524,Potential Loyalists,0,France,2011-09-25 10:34:00,2011-11-30 08:50:00,0.8598047835899286,-0.6810442650651158
16464,20,3,1298.66,4,2,4,424,Potential Loyalists,2,United Kingdom,2011-07-20 13:53:00,2011-11-20 12:11:00,0.6127944980258571,-0.271124097989284
12372,72,3,1298.04,3,2,4,324,Need Attention,2,Denmark,2011-02-16 12:46:00,2011-09-29 12:12:00,0.13662280223366066,0.5185463004072155
15602,8,9,1297.87,5,4,4,544,Champions,3,United Kingdom,2010-12-06 15:35:00,2011-12-01 14:14:00,1.7652879849856893,-0.45797876370529195
17961,21,39,1296.44,4,4,4,444,Champions,3,United Kingdom,2010-12-02 19:18:00,2011-11-18 16:55:00,2.6777326587037744,0.6385282524160408
16929,4,7,1295.39,5,4,4,544,Champions,3,United Kingdom,2011-07-07 12:39:00,2011-12-06 08:37:00,1.7870012364435577,-0.9166507016305315
16224,57,4,1295.3,3,3,4,334,Loyal Customers,2,United Kingdom,2011-04-04 12:00:00,2011-10-13 17:51:00,0.4254013359012654,0.45731843730147204
15621,4,4,1293.03,5,3,4,534,Loyal Customers,0,United Kingdom,2011-11-18 11:49:00,2011-12-05 14:01:00,1.360849348664682,-1.0970999911389605
16744,11,7,1291.91,5,4,4,544,Champions,3,United Kingdom,2011-06-19 15:13:00,2011-11-28 13:06:00,1.4512994033741484,-0.3626386250956084
16101,71,1,1290.7,3,1,4,314,Need Attention,2,United Kingdom,2011-09-30 10:18:00,2011-09-30 10:18:00,-0.48799672239346187,0.24259601954778282
14856,36,3,1290.53,3,2,4,324,Need Attention,2,United Kingdom,2011-10-14 09:35:00,2011-11-03 14:53:00,0.39345717017073245,0.08564889207279494
15171,331,1,1289.5,1,1,4,114,Lost,1,United Kingdom,2011-01-12 15:36:00,2011-01-12 15:36:00,-1.0723094695929234,1.2112087736541068
15136,3,4,1286.7,5,3,4,534,Loyal Customers,0,United Kingdom,2011-09-04 16:05:00,2011-12-07 12:26:00,1.4437646237334785,-1.2403446449268565
16949,4,6,1286.27,5,3,4,534,Loyal Customers,3,United Kingdom,2011-01-27 12:11:00,2011-12-06 11:07:00,1.6628264591694362,-0.9703003001531869
17802,82,3,1285.04,2,2,4,224,Hibernating,2,United Kingdom,2010-12-02 13:44:00,2011-09-18 14:56:00,0.08281249091119809,0.5962686352616796
17350,8,4,1281.32,5,3,4,534,Loyal Customers,0,United Kingdom,2011-10-19 16:05:00,2011-12-01 15:47:00,1.1320057327976183,-0.7277917070160146
13538,43,7,1280.85,3,4,4,344,Loyal Customers,2,United Kingdom,2011-01-28 10:40:00,2011-10-27 16:34:00,0.950902359275612,0.45789455747204516
15494,21,2,1280.58,4,1,4,414,Recent Customers,0,United Kingdom,2011-08-10 15:29:00,2011-11-18 14:51:00,0.32806922692545165,-0.3567796045480387
16951,135,3,1277.75,2,2,4,224,Hibernating,2,United Kingdom,2011-02-08 14:58:00,2011-07-28 12:05:00,-0.10851900497563155,0.9072448398709646
16692,256,2,1276.0,1,1,4,114,Lost,2,United Kingdom,2011-02-23 15:41:00,2011-03-28 14:46:00,-0.6125922424318462,1.200152239316663
12394,64,2,1272.48,3,1,4,314,Need Attention,2,Belgium,2011-05-06 14:01:00,2011-10-07 08:08:00,-0.08877265631535214,0.3276823614454046
13878,55,1,1271.57,3,1,4,314,Need Attention,2,United Kingdom,2011-10-16 12:19:00,2011-10-16 12:19:00,-0.3990698467459361,0.07784459984106838
16899,8,6,1271.06,5,3,4,534,Loyal Customers,3,United Kingdom,2010-12-14 13:11:00,2011-12-02 12:03:00,1.4326572841579335,-0.6020101931517426
12630,10,2,1270.88,5,1,4,514,Recent Customers,0,Finland,2011-10-27 10:41:00,2011-11-30 10:48:00,0.5892476350903529,-0.7989575471133151
13492,136,3,1269.84,2,2,4,224,Hibernating,2,Switzerland,2011-05-09 10:06:00,2011-07-26 14:25:00,-0.11425964404003629,0.909629214093942
14898,23,6,1269.31,4,3,4,434,Loyal Customers,2,United Kingdom,2010-12-03 15:25:00,2011-11-16 14:54:00,1.0573297134143131,0.019271283393071426
13431,67,2,1269.1,3,1,4,314,Need Attention,2,United Kingdom,2011-09-12 11:25:00,2011-10-03 13:49:00,-0.10726872292155139,0.355317888775996
14916,71,4,1268.98,3,3,4,334,Loyal Customers,2,United Kingdom,2011-01-19 15:30:00,2011-09-30 09:20:00,0.3330782345958293,0.5869191394102176
15199,59,4,1268.7,3,3,4,334,Loyal Customers,2,United Kingdom,2011-02-04 14:04:00,2011-10-11 15:12:00,0.402620153754641,0.47125865397057026
16660,16,4,1267.65,4,3,4,434,Loyal Customers,2,United Kingdom,2011-01-24 12:44:00,2011-11-23 14:53:00,0.8839774871544643,-0.32851899633902176
17037,88,1,1267.32,2,1,4,214,Hibernating,2,United Kingdom,2011-09-13 12:49:00,2011-09-13 12:49:00,-0.5776298555884323,0.3703190168376972
17158,32,3,1266.97,4,2,4,424,Potential Loyalists,2,United Kingdom,2010-12-14 13:03:00,2011-11-07 15:15:00,0.42843231860479225,0.006414929951475656
14105,239,1,1266.23,1,1,4,114,Lost,1,United Kingdom,2011-04-14 17:58:00,2011-04-14 17:58:00,-0.9569805165027728,0.9988719047933468
13989,66,2,1266.08,3,1,4,314,Need Attention,2,United Kingdom,2011-04-14 15:39:00,2011-10-05 09:47:00,-0.10273816299540359,0.34505905055638547
16842,101,3,1264.19,2,2,4,224,Hibernating,2,United Kingdom,2011-02-10 14:51:00,2011-08-31 10:42:00,-0.003679872128722882,0.720990165700363
15497,18,2,1262.2,4,1,4,414,Recent Customers,0,United Kingdom,2011-01-24 10:01:00,2011-11-22 11:51:00,0.3772220434686509,-0.45497792444685964
16688,1,4,1260.86,5,3,4,534,Loyal Customers,0,United Kingdom,2011-10-10 12:23:00,2011-12-08 15:24:00,1.6989339221894737,-1.6871382533052115
17388,78,4,1259.56,2,3,4,234,At Risk,2,United Kingdom,2011-02-25 12:28:00,2011-09-23 10:31:00,0.2941056689767344,0.6430252779350397
15009,12,3,1259.43,5,2,4,524,Potential Loyalists,0,United Kingdom,2011-11-14 17:40:00,2011-11-27 13:35:00,0.7814577031802428,-0.5863054594214379
14669,242,3,1259.24,1,2,4,124,Lost,2,United Kingdom,2011-01-11 12:30:00,2011-04-12 11:43:00,-0.3371467462725212,1.2698749756693009
17019,11,4,1258.08,5,3,4,534,Loyal Customers,0,United Kingdom,2010-12-06 12:55:00,2011-11-28 13:06:00,1.0134396203497267,-0.5520808826884585
17412,3,7,1258.06,5,4,4,544,Champions,3,United Kingdom,2010-12-02 16:29:00,2011-12-07 11:36:00,1.858387718125489,-1.0687507533192073
13151,296,1,1257.87,1,1,4,114,Lost,1,United Kingdom,2011-02-17 12:29:00,2011-02-17 12:29:00,-1.04152009828952,1.1315487017409374
14931,5,5,1257.68,5,3,4,534,Loyal Customers,3,Channel Islands,2011-04-13 09:32:00,2011-12-05 10:19:00,1.4430454561867854,-0.921865883243447
16639,31,3,1257.51,4,2,4,424,Potential Loyalists,2,United Kingdom,2011-04-18 09:31:00,2011-11-08 13:20:00,0.4366362149604684,-0.01581975103946137
17481,4,4,1255.59,5,3,4,534,Loyal Customers,0,United Kingdom,2011-09-07 09:57:00,2011-12-06 12:28:00,1.3469282947229766,-1.107792911700142
13848,92,3,1255.0,2,2,4,224,Hibernating,2,United Kingdom,2010-12-08 15:10:00,2011-09-08 12:58:00,0.028149843624023483,0.65977626588072
17262,52,5,1253.36,3,3,4,334,Loyal Customers,2,United Kingdom,2010-12-08 13:30:00,2011-10-18 12:56:00,0.609220233192748,0.45793185996650054
14383,38,3,1247.69,3,2,4,324,Need Attention,2,United Kingdom,2011-06-29 10:18:00,2011-11-01 15:53:00,0.357352888135378,0.10673610053700495
12689,26,2,1247.61,4,1,4,414,Recent Customers,2,France,2011-08-04 10:04:00,2011-11-14 08:31:00,0.2374803681870385,-0.23644524534937816
13029,31,3,1247.5,4,2,4,424,Potential Loyalists,2,United Kingdom,2010-12-21 13:53:00,2011-11-09 09:13:00,0.4328497742470514,-0.01872815940622263
12494,16,7,1246.1,4,4,4,444,Champions,2,France,2010-12-09 11:31:00,2011-11-24 09:34:00,1.3011419526762225,-0.15497304853500526
13860,1,5,1245.9,5,3,4,534,Loyal Customers,3,United Kingdom,2011-09-14 09:27:00,2011-12-08 12:57:00,1.858254632834625,-1.6217402846748632
16531,22,7,1244.59,4,4,4,444,Champions,2,United Kingdom,2010-12-14 13:19:00,2011-11-17 16:29:00,1.1850968036278149,0.036212395841290206
17584,7,2,1242.3,5,1,4,514,Recent Customers,0,United Kingdom,2011-08-04 14:12:00,2011-12-02 17:12:00,0.7001201976807019,-1.0091140624742547
17588,100,3,1240.2,2,2,4,224,Hibernating,2,United Kingdom,2011-04-21 10:31:00,2011-08-31 13:37:00,-0.008993384968779163,0.7077722399191291
17731,79,4,1240.11,2,3,4,234,At Risk,2,United Kingdom,2011-06-09 14:18:00,2011-09-21 15:02:00,0.28192751535757826,0.6453360694239852
12985,1,2,1239.38,5,1,4,514,Recent Customers,0,United Kingdom,2011-11-11 12:44:00,2011-12-09 10:46:00,1.228566968933209,-1.888792183659466
13476,179,2,1238.47,2,1,4,214,Hibernating,2,United Kingdom,2011-03-03 14:43:00,2011-06-14 12:00:00,-0.49069932822034573,0.9635313678651272
14893,10,2,1237.85,5,1,4,514,Recent Customers,0,United Kingdom,2011-11-28 10:49:00,2011-11-30 12:31:00,0.5767713738474468,-0.8085407058978143
13931,96,2,1237.53,2,1,4,214,Hibernating,2,United Kingdom,2011-03-04 08:43:00,2011-09-05 10:12:00,-0.2548903703498837,0.571326807520353
15201,87,5,1236.54,2,3,4,234,At Risk,2,United Kingdom,2011-04-06 14:02:00,2011-09-13 14:53:00,0.4091290201275549,0.7744490825958685
18080,19,2,1231.5,4,1,4,414,Recent Customers,0,United Kingdom,2011-04-11 10:10:00,2011-11-21 08:02:00,0.3459621941254715,-0.43142198553082595
18171,59,5,1231.31,3,3,4,334,Loyal Customers,2,United Kingdom,2011-01-10 09:55:00,2011-10-12 09:13:00,0.5534232082243284,0.530114113590244
15910,1,8,1228.88,5,4,4,544,Champions,3,United Kingdom,2011-01-27 11:55:00,2011-12-09 10:51:00,2.2186274437879003,-1.4716474463339146
14913,36,4,1227.43,3,3,4,334,Loyal Customers,2,United Kingdom,2010-12-15 14:35:00,2011-11-04 08:29:00,0.5716203045000093,0.15276248554064212
12997,22,4,1226.89,4,3,4,434,Loyal Customers,2,United Kingdom,2011-01-26 15:49:00,2011-11-17 15:47:00,0.7530227294061619,-0.14878579272652753
12412,75,3,1226.88,2,2,4,224,Hibernating,2,Denmark,2011-06-23 13:51:00,2011-09-26 10:16:00,0.0945260240961416,0.5235594021646911
14428,7,5,1224.06,5,3,4,534,Loyal Customers,0,United Kingdom,2011-01-18 16:39:00,2011-12-02 13:17:00,1.3203143193038,-0.7493542617640612
15841,73,4,1224.06,2,3,4,234,At Risk,2,United Kingdom,2011-01-05 11:25:00,2011-09-28 12:15:00,0.3055369089125752,0.5911728512340548
15376,40,3,1221.56,3,2,4,324,Need Attention,2,United Kingdom,2011-05-01 13:45:00,2011-10-30 15:04:00,0.328221574673365,0.13073731540328612
15004,147,1,1220.77,2,1,4,214,Hibernating,1,United Kingdom,2011-07-15 14:05:00,2011-07-15 14:05:00,-0.7896347268632113,0.6791050026992878
14745,113,5,1220.26,2,3,4,234,At Risk,2,United Kingdom,2011-02-27 15:25:00,2011-08-19 10:05:00,0.3039654233056028,0.9337278144660671
15227,37,5,1219.4,3,3,4,334,Loyal Customers,2,United Kingdom,2011-01-26 15:31:00,2011-11-03 11:59:00,0.7232991098605361,0.23702149621104235
13208,59,6,1217.65,3,3,4,334,Loyal Customers,2,United Kingdom,2011-02-03 19:32:00,2011-10-12 09:54:00,0.6876228364104,0.5850200930164497
14698,2,5,1217.27,5,3,4,534,Loyal Customers,3,United Kingdom,2011-10-19 12:54:00,2011-12-08 12:26:00,1.6923537771328243,-1.3731613754006644
13491,52,10,1215.82,3,4,4,344,Loyal Customers,2,United Kingdom,2010-12-02 14:30:00,2011-10-19 08:32:00,1.1432818315826467,0.6787245830792695
17410,16,5,1214.72,4,3,4,434,Loyal Customers,2,United Kingdom,2011-05-08 15:21:00,2011-11-23 15:46:00,1.028746127961528,-0.27429863878833965
13055,78,3,1214.41,2,2,4,224,Hibernating,2,United Kingdom,2011-05-10 08:58:00,2011-09-22 14:26:00,0.07489715010295958,0.5443842557124923
17774,97,4,1213.73,2,3,4,234,At Risk,2,United Kingdom,2011-02-07 13:13:00,2011-09-04 12:49:00,0.19421761295750523,0.7661628755758921
18263,26,3,1213.16,4,2,4,424,Potential Loyalists,2,United Kingdom,2011-04-01 11:48:00,2011-11-14 09:00:00,0.4845265019862993,-0.13659104227292776
13918,50,2,1212.84,3,1,4,314,Need Attention,2,United Kingdom,2011-03-31 18:05:00,2011-10-21 12:25:00,-0.01885719282953158,0.15644498526699524
16653,16,2,1212.66,4,1,4,414,Recent Customers,0,United Kingdom,2011-09-29 13:38:00,2011-11-23 14:51:00,0.40074018969290354,-0.5400587851030338
12464,10,8,1212.05,5,4,4,544,Champions,3,Belgium,2011-02-03 13:30:00,2011-11-29 13:33:00,1.5608838042562587,-0.3959647294592256
17653,37,4,1207.56,3,3,4,334,Loyal Customers,2,United Kingdom,2011-08-11 15:24:00,2011-11-03 12:46:00,0.553700860538768,0.16372923271668985
16762,20,3,1207.24,4,2,4,424,Potential Loyalists,2,United Kingdom,2011-07-18 12:52:00,2011-11-20 11:43:00,0.5782105699757634,-0.29768840819753545
14684,26,5,1201.51,4,3,4,434,Loyal Customers,2,United Kingdom,2010-12-12 12:44:00,2011-11-14 11:33:00,0.8468445013511356,0.014995917507996134
13158,95,4,1201.06,2,3,4,234,At Risk,2,United Kingdom,2011-01-25 09:58:00,2011-09-06 11:58:00,0.19712258137398234,0.7492728588181335
17320,100,3,1200.62,2,2,4,224,Hibernating,2,United Kingdom,2010-12-06 15:38:00,2011-08-31 13:31:00,-0.024359821746132142,0.6959691042904109
15605,36,5,1198.23,3,3,4,334,Loyal Customers,2,United Kingdom,2010-12-01 13:38:00,2011-11-03 14:17:00,0.7251890837497309,0.21374232995839484
13118,20,5,1197.81,4,3,4,434,Loyal Customers,2,United Kingdom,2011-02-24 12:32:00,2011-11-20 12:46:00,0.9413849338825897,-0.1454436650291426
16794,1,10,1196.5,5,4,4,544,Champions,3,United Kingdom,2011-06-12 14:15:00,2011-12-08 17:54:00,2.38755578682013,-1.4046041132905243
17720,26,4,1195.94,4,3,4,434,Loyal Customers,2,United Kingdom,2010-12-07 10:43:00,2011-11-13 15:04:00,0.6796674641578581,-0.056436585291502944
17526,5,4,1195.9,5,3,4,534,Loyal Customers,0,United Kingdom,2010-12-09 12:20:00,2011-12-05 11:05:00,1.2542061799417534,-1.0099373993193612
15145,4,4,1194.73,5,3,4,534,Loyal Customers,0,United Kingdom,2011-04-05 15:20:00,2011-12-05 17:21:00,1.32338892477514,-1.1258737706614312
12611,52,1,1193.32,3,1,4,314,Need Attention,2,Italy,2011-10-18 13:12:00,2011-10-18 13:12:00,-0.4081277410237686,0.019827282659642034
13882,3,5,1191.13,5,3,4,534,Loyal Customers,3,United Kingdom,2011-10-06 15:28:00,2011-12-07 11:16:00,1.5721752727703642,-1.1986890477220093
12462,19,2,1189.59,4,1,4,414,Recent Customers,0,Spain,2011-02-09 14:44:00,2011-11-21 09:11:00,0.32955847704205227,-0.4440218680121094
15737,15,8,1188.12,4,4,4,444,Champions,3,United Kingdom,2011-04-11 10:01:00,2011-11-25 11:21:00,1.4083044318673497,-0.16568962417285826
16612,33,4,1187.66,4,3,4,434,Loyal Customers,2,United Kingdom,2011-02-01 10:38:00,2011-11-07 07:38:00,0.5883164518636639,0.08717244641509822
17800,37,9,1187.21,3,4,4,344,Loyal Customers,2,United Kingdom,2011-01-09 13:50:00,2011-11-02 12:57:00,1.1728507575918314,0.4226869526058354
15630,45,2,1186.35,3,1,4,314,Need Attention,2,United Kingdom,2011-05-19 10:16:00,2011-10-25 15:36:00,0.010096758229648055,0.08299664312387295
17058,82,3,1179.89,2,2,4,224,Hibernating,2,United Kingdom,2011-04-14 09:18:00,2011-09-19 10:13:00,0.04236733560808937,0.5652022494440692
16950,57,3,1178.56,3,2,4,324,Need Attention,2,United Kingdom,2010-12-07 15:20:00,2011-10-14 09:06:00,0.1787401742270185,0.3375907265358604
16042,22,5,1177.47,4,3,4,434,Loyal Customers,2,United Kingdom,2011-01-11 13:25:00,2011-11-17 17:50:00,0.8985199514393882,-0.09400580361300918
13752,124,6,1175.38,2,3,4,234,At Risk,2,United Kingdom,2011-04-07 12:04:00,2011-08-07 14:16:00,0.390509550647388,1.0374524413875172
12885,63,3,1175.22,3,2,4,324,Need Attention,2,United Kingdom,2011-08-08 11:45:00,2011-10-07 13:40:00,0.13979175662942744,0.3989626909584974
12640,24,3,1174.58,4,2,4,424,Potential Loyalists,2,France,2011-09-19 12:01:00,2011-11-16 11:52:00,0.4986145862078191,-0.19713987002431463
15306,64,3,1174.35,3,2,4,324,Need Attention,2,United Kingdom,2011-07-14 15:22:00,2011-10-06 12:56:00,0.1335183458322905,0.40852186510751504
14857,60,2,1173.12,3,1,4,314,Need Attention,2,United Kingdom,2011-07-14 15:03:00,2011-10-11 09:23:00,-0.1030283948929563,0.2578330235736844
12358,2,2,1168.06,5,1,4,514,Recent Customers,0,Austria,2011-07-12 10:04:00,2011-12-08 10:26:00,1.0456016691916594,-1.6533206687895885
13500,23,3,1166.77,4,2,4,424,Potential Loyalists,2,United Kingdom,2011-08-09 12:20:00,2011-11-16 15:35:00,0.5110479299529764,-0.22544607245469012
14487,27,6,1165.48,4,3,4,434,Loyal Customers,2,United Kingdom,2010-12-06 13:22:00,2011-11-13 12:17:00,0.9580130757213147,0.08593712239465875
14737,4,3,1164.55,5,2,4,524,Potential Loyalists,0,United Kingdom,2010-12-21 13:49:00,2011-12-06 10:16:00,1.10935382205217,-1.2205410328395068
14261,51,2,1163.45,3,1,4,314,Need Attention,2,United Kingdom,2011-09-22 10:47:00,2011-10-20 10:04:00,-0.045971292201014716,0.15362575440809992
14447,19,5,1163.23,4,3,4,434,Loyal Customers,2,United Kingdom,2011-03-04 10:49:00,2011-11-21 08:28:00,0.9461443954423179,-0.18703356941604526
16800,11,1,1162.65,5,1,4,514,Recent Customers,0,United Kingdom,2011-11-28 14:06:00,2011-11-28 14:06:00,0.14695113133333132,-0.9312866552869548
12546,47,2,1161.5,3,1,4,314,Need Attention,2,Spain,2011-09-23 09:44:00,2011-10-24 12:09:00,-0.016189829112590804,0.10227339777915177
15088,21,2,1160.07,4,1,4,414,Recent Customers,0,United Kingdom,2011-10-03 14:05:00,2011-11-18 13:14:00,0.281245560392541,-0.3927453977068234
18168,176,6,1160.04,2,3,4,234,At Risk,2,United Kingdom,2010-12-02 18:08:00,2011-06-16 19:21:00,0.2514132376975276,1.2531777001216842
13499,18,5,1159.11,4,3,4,434,Loyal Customers,2,United Kingdom,2011-03-15 08:52:00,2011-11-22 11:21:00,0.9640574044416018,-0.2208413688691959
16184,64,6,1158.79,3,3,4,334,Loyal Customers,2,United Kingdom,2011-05-12 13:33:00,2011-10-06 17:43:00,0.6335737369202226,0.6177322009014299
17867,30,6,1157.87,4,3,4,434,Loyal Customers,2,United Kingdom,2011-02-24 12:25:00,2011-11-09 14:15:00,0.9160288114296143,0.14807700809469598
17348,15,5,1156.6,4,3,4,434,Loyal Customers,2,United Kingdom,2011-02-15 10:49:00,2011-11-25 11:25:00,1.0286768707321636,-0.3305722560871046
16637,32,4,1154.47,4,3,4,434,Loyal Customers,2,United Kingdom,2011-04-28 10:20:00,2011-11-07 13:17:00,0.5862924068158185,0.05793352176200861
13611,89,3,1154.4,2,2,4,224,Hibernating,2,United Kingdom,2010-12-15 10:31:00,2011-09-11 14:51:00,0.0010903937711340564,0.6085838554104681
16062,10,4,1153.62,5,3,4,534,Loyal Customers,0,United Kingdom,2010-12-10 12:00:00,2011-11-30 12:15:00,1.005611174879246,-0.6387842555567644
12710,97,3,1149.02,2,2,4,224,Hibernating,2,Germany,2011-05-22 14:05:00,2011-09-04 12:00:00,-0.03365273135023523,0.660868606288283
17505,162,2,1145.84,2,1,4,214,Hibernating,2,United Kingdom,2011-05-18 09:01:00,2011-07-01 12:50:00,-0.489631924324481,0.8723516764111598
16766,273,2,1145.6,1,1,4,114,Lost,1,United Kingdom,2011-03-11 13:34:00,2011-03-11 15:22:00,-0.6881324842060103,1.2015277457940303
12769,239,1,1143.6,1,1,4,114,Lost,1,Brazil,2011-04-15 10:25:00,2011-04-15 10:25:00,-1.0052392087080804,0.9618038520224341
17770,199,5,1143.27,1,3,4,134,At Risk,2,United Kingdom,2011-03-02 13:35:00,2011-05-25 12:34:00,0.05836189511058354,1.2663595585893455
15985,123,2,1142.42,2,1,4,214,Hibernating,2,United Kingdom,2011-04-17 11:04:00,2011-08-08 16:31:00,-0.38658354715109944,0.6979023748795649
16270,353,1,1141.24,1,1,4,114,Lost,1,United Kingdom,2010-12-21 14:26:00,2010-12-21 14:26:00,-1.1546844341762992,1.2074363886239912
13330,93,3,1140.93,2,2,4,224,Hibernating,2,United Kingdom,2011-01-28 10:08:00,2011-09-08 12:27:00,-0.02108115527281342,0.6318796808191726
13819,302,3,1140.35,1,2,4,124,Lost,2,United Kingdom,2011-01-24 10:38:00,2011-02-11 10:38:00,-0.4684270330628035,1.3736773196300407
16172,95,5,1140.21,2,3,4,234,At Risk,2,United Kingdom,2011-04-12 12:02:00,2011-09-05 13:22:00,0.3374669717055774,0.8000948990377386
17135,16,7,1139.73,4,4,4,444,Champions,2,United Kingdom,2010-12-03 09:31:00,2011-11-23 16:48:00,1.2588698240664897,-0.18744275342004646
17500,17,3,1138.0,4,2,4,424,Potential Loyalists,0,United Kingdom,2011-11-10 09:08:00,2011-11-22 14:25:00,0.6091139720788676,-0.41690323498118687
17302,15,5,1135.63,4,3,4,434,Loyal Customers,2,United Kingdom,2011-02-07 10:14:00,2011-11-25 09:36:00,1.020008760751244,-0.33723033038447375
17242,108,2,1135.04,2,1,4,214,Hibernating,2,United Kingdom,2011-06-12 13:04:00,2011-08-23 14:55:00,-0.34040140885557735,0.6138083751814636
15489,23,3,1134.28,4,2,4,424,Potential Loyalists,2,United Kingdom,2011-05-12 12:54:00,2011-11-17 08:53:00,0.49766885767344976,-0.23572269070977014
16989,7,6,1133.25,5,3,4,534,Loyal Customers,3,United Kingdom,2011-07-12 09:11:00,2011-12-02 16:39:00,1.423280650056539,-0.7184389348931076
13282,18,3,1132.14,4,2,4,424,Potential Loyalists,0,United Kingdom,2011-05-03 12:03:00,2011-11-21 15:33:00,0.5860146387440429,-0.38450670130373116
13310,28,3,1132.03,4,2,4,424,Potential Loyalists,2,United Kingdom,2011-01-19 14:50:00,2011-11-11 17:23:00,0.4244381351892951,-0.1164779243681944
18125,30,4,1131.75,4,3,4,434,Loyal Customers,2,United Kingdom,2011-01-27 15:02:00,2011-11-10 12:29:00,0.6007588585309303,0.011066933014025096
15500,8,4,1131.56,5,3,4,534,Loyal Customers,0,United Kingdom,2011-09-19 13:47:00,2011-12-01 13:47:00,1.0731201736607752,-0.7730223776741211
13447,23,3,1129.14,4,2,4,424,Potential Loyalists,2,United Kingdom,2011-11-04 10:10:00,2011-11-16 13:38:00,0.4955172356745767,-0.2373753761463745
16714,219,3,1129.06,1,2,4,124,Lost,2,United Kingdom,2011-01-26 13:40:00,2011-05-05 11:09:00,-0.3508610644822182,1.1671305365250288
14824,10,4,1127.71,5,3,4,534,Loyal Customers,0,United Kingdom,2011-09-09 14:12:00,2011-11-29 14:20:00,0.994849788765532,-0.647050199164483
12609,78,3,1126.85,2,2,4,224,Hibernating,2,Germany,2011-01-25 15:13:00,2011-09-22 16:34:00,0.039445343651382636,0.5171533181897654
14708,3,3,1126.37,5,2,4,524,Potential Loyalists,0,United Kingdom,2010-12-06 12:23:00,2011-12-07 08:21:00,1.1788021813113116,-1.3741297785014635
17470,45,5,1125.07,3,3,4,334,Loyal Customers,2,United Kingdom,2010-12-07 09:57:00,2011-10-26 12:42:00,0.6121729569666426,0.3288398602933391
14129,2,5,1123.86,5,3,4,534,Loyal Customers,3,United Kingdom,2011-03-24 08:44:00,2011-12-08 11:02:00,1.6545288537777998,-1.4022151311264686
13772,34,3,1122.63,3,2,4,324,Need Attention,2,United Kingdom,2011-04-14 12:31:00,2011-11-06 11:43:00,0.34865239478761795,-0.00029903143053326995
13486,78,3,1122.41,2,2,4,224,Hibernating,2,United Kingdom,2011-07-07 17:19:00,2011-09-22 13:13:00,0.037575054648166566,0.5157167278409609
17562,14,7,1122.38,4,4,4,444,Champions,2,United Kingdom,2011-06-19 13:06:00,2011-11-25 14:21:00,1.2994147919716506,-0.27237010642376763
14723,10,6,1122.36,5,3,4,534,Loyal Customers,3,United Kingdom,2010-12-03 14:18:00,2011-11-29 15:23:00,1.297057570976387,-0.5200733266061521
16807,143,3,1121.59,2,2,4,224,Hibernating,2,United Kingdom,2011-03-14 09:46:00,2011-07-20 12:00:00,-0.19210956934358286,0.8960439944181753
16086,59,5,1121.39,3,3,4,334,Loyal Customers,2,United Kingdom,2010-12-07 13:45:00,2011-10-11 13:09:00,0.5091227991026304,0.4960864632736961
15730,66,3,1120.88,3,2,4,324,Need Attention,2,United Kingdom,2011-05-17 12:43:00,2011-10-05 12:31:00,0.09986502025476192,0.4107761156175678
14276,99,3,1119.74,2,2,4,224,Hibernating,2,United Kingdom,2011-02-23 09:38:00,2011-09-02 09:45:00,-0.05359866918281621,0.6642829431955832
12842,70,2,1118.99,3,1,4,314,Need Attention,2,United Kingdom,2011-02-04 12:36:00,2011-09-30 15:33:00,-0.1833977394113461,0.33687816115928143
17894,72,8,1118.96,3,4,4,344,Loyal Customers,2,United Kingdom,2010-12-08 14:50:00,2011-09-29 09:23:00,0.8000691786106097,0.7747197720341414
17788,74,2,1117.9,2,1,4,214,Hibernating,2,United Kingdom,2011-08-02 10:38:00,2011-09-27 10:09:00,-0.20479606007071338,0.371268444736417
13591,65,3,1117.13,3,2,4,324,Need Attention,2,United Kingdom,2011-03-18 12:18:00,2011-10-06 12:26:00,0.10402189056311706,0.40002363571207344
17585,109,4,1116.68,2,3,4,234,At Risk,2,United Kingdom,2011-01-05 15:09:00,2011-08-22 13:30:00,0.11061054190823502,0.8090645423113355
16350,21,4,1116.47,4,3,4,434,Loyal Customers,2,United Kingdom,2011-01-10 09:44:00,2011-11-18 15:53:00,0.7253235130261565,-0.21128434904586357
12679,59,4,1113.02,3,3,4,334,Loyal Customers,2,France,2011-03-01 12:26:00,2011-10-12 12:30:00,0.3405979715773938,0.4236187073236012
14817,200,2,1110.34,1,1,4,114,Lost,2,United Kingdom,2011-03-07 13:51:00,2011-05-23 13:35:00,-0.584590675330362,0.9937439445396893
15069,179,1,1109.53,2,1,4,214,Hibernating,1,United Kingdom,2011-06-13 14:16:00,2011-06-13 14:16:00,-0.9096731941580234,0.7684263897556235
12399,119,4,1108.65,2,3,4,234,At Risk,2,Belgium,2011-03-23 09:42:00,2011-08-12 13:15:00,0.07395349089936865,0.8615980971493188
15933,21,3,1107.46,4,2,4,424,Potential Loyalists,2,United Kingdom,2011-09-14 12:05:00,2011-11-18 13:14:00,0.5195710838492631,-0.29958959505524485
16833,1,4,1106.53,5,3,4,534,Loyal Customers,0,United Kingdom,2011-01-09 13:02:00,2011-12-08 14:39:00,1.6370781899945597,-1.7346503478192925
12857,211,2,1106.4,1,1,4,114,Lost,2,United Kingdom,2011-02-10 12:32:00,2011-05-13 10:20:00,-0.6066280471643963,1.026227418366609
14102,5,5,1105.88,5,3,4,534,Loyal Customers,0,United Kingdom,2011-10-26 12:46:00,2011-12-04 15:38:00,1.3821077869826306,-0.968672803086741
17609,41,5,1105.78,3,3,4,334,Loyal Customers,2,United Kingdom,2011-01-16 16:23:00,2011-10-30 12:28:00,0.6387311573365471,0.26487657328454384
13064,13,4,1105.59,5,3,4,534,Loyal Customers,0,United Kingdom,2011-01-16 13:41:00,2011-11-27 12:31:00,0.8933417958884123,-0.5013773106395881
14948,23,6,1101.97,4,3,4,434,Loyal Customers,2,United Kingdom,2011-05-04 14:52:00,2011-11-16 17:16:00,0.9903531431540394,-0.032174185337420065
15716,146,4,1101.11,2,3,4,234,At Risk,2,United Kingdom,2010-12-05 12:26:00,2011-07-17 11:59:00,-0.00680235855162704,0.9877663908117332
17047,85,3,1100.9,2,2,4,224,Hibernating,2,United Kingdom,2011-05-18 16:50:00,2011-09-15 13:27:00,-0.004023089509871183,0.5624964651644537
14410,92,9,1100.27,2,4,4,244,At Risk,2,United Kingdom,2011-02-07 09:36:00,2011-09-08 15:08:00,0.7949292566681897,0.9623943581883064
14744,16,7,1099.98,4,4,4,444,Champions,2,United Kingdom,2010-12-08 10:21:00,2011-11-23 12:51:00,1.2420526093313211,-0.20036024817127054
15978,77,1,1098.78,2,1,4,214,Hibernating,1,United Kingdom,2011-09-23 15:21:00,2011-09-23 15:21:00,-0.5948403340409782,0.23475605954130047
13104,3,6,1098.48,5,3,4,534,Loyal Customers,3,United Kingdom,2010-12-20 11:58:00,2011-12-06 13:10:00,1.6732989878377853,-1.1691890550082535
17966,38,5,1098.43,3,3,4,334,Loyal Customers,2,United Kingdom,2011-03-23 17:25:00,2011-11-02 10:26:00,0.6638809396211837,0.21547016402997418
14971,35,3,1097.98,3,2,4,324,Need Attention,2,United Kingdom,2011-10-27 13:33:00,2011-11-04 17:07:00,0.3273734390031459,0.00948070454658983
14161,216,3,1097.62,1,2,4,124,Lost,2,United Kingdom,2010-12-05 13:18:00,2011-05-08 11:41:00,-0.3589948755045328,1.148150128973174
16225,45,5,1096.32,3,3,4,334,Loyal Customers,2,United Kingdom,2011-03-07 12:17:00,2011-10-26 08:30:00,0.5999099422356613,0.31942049859069227
13211,10,3,1095.42,5,2,4,524,Potential Loyalists,0,United Kingdom,2010-12-13 16:17:00,2011-11-29 14:43:00,0.7791735094367364,-0.742978067841639
13652,46,3,1095.08,3,2,4,324,Need Attention,2,United Kingdom,2010-12-06 09:21:00,2011-10-25 08:51:00,0.22426896170655466,0.17754384697821465
15745,19,4,1094.59,4,3,4,434,Loyal Customers,2,United Kingdom,2011-04-17 13:04:00,2011-11-20 13:45:00,0.7523557784664753,-0.27890673064658617
15608,28,4,1093.68,4,3,4,434,Loyal Customers,2,United Kingdom,2011-08-11 09:56:00,2011-11-11 13:20:00,0.6100252434593695,-0.04366189170790893
18189,78,2,1090.24,2,1,4,214,Hibernating,2,United Kingdom,2011-03-17 09:49:00,2011-09-23 12:40:00,-0.23651335189204126,0.3950910461520712
13853,57,1,1090.14,3,1,4,314,Need Attention,2,United Kingdom,2011-10-13 14:18:00,2011-10-13 14:18:00,-0.48540711455691754,0.04406999602600903
12534,131,1,1089.18,2,1,4,214,Hibernating,1,Germany,2011-08-01 10:26:00,2011-08-01 10:26:00,-0.7999639287633049,0.5650722515475102
15763,32,2,1086.92,4,1,4,414,Recent Customers,2,United Kingdom,2011-09-23 12:10:00,2011-11-08 09:44:00,0.09550332109155073,-0.1594068818352001
16533,19,3,1082.81,4,2,4,424,Potential Loyalists,2,United Kingdom,2011-10-02 15:07:00,2011-11-20 13:08:00,0.5453160723474438,-0.368200748780561
13610,12,7,1082.33,5,4,4,544,Champions,3,United Kingdom,2011-02-27 14:44:00,2011-11-27 15:38:00,1.336866059277805,-0.37630834529810575
14561,76,3,1080.76,2,2,4,224,Hibernating,2,United Kingdom,2011-06-08 13:26:00,2011-09-25 12:39:00,0.02945711920011049,0.48570166599715864
13744,95,2,1080.52,2,1,4,214,Hibernating,2,United Kingdom,2011-02-20 14:08:00,2011-09-05 15:19:00,-0.3152072592436845,0.5153867553143286
13726,39,2,1079.66,3,1,4,314,Need Attention,2,United Kingdom,2011-08-31 11:06:00,2011-11-01 10:49:00,0.01884286229298829,-0.03989401971738169
15197,11,3,1079.61,5,2,4,524,Potential Loyalists,0,United Kingdom,2010-12-16 18:01:00,2011-11-29 10:00:00,0.7390484030111155,-0.6931083659869434
12354,232,1,1079.4,1,1,4,114,Lost,1,Spain,2011-04-21 13:11:00,2011-04-21 13:11:00,-1.0213019907691576,0.9220157635635047
14352,157,4,1078.96,2,3,4,234,At Risk,2,United Kingdom,2011-03-11 14:58:00,2011-07-05 15:41:00,-0.04399482201406942,1.0261184899546036
16094,12,4,1078.23,5,3,4,534,Loyal Customers,0,United Kingdom,2011-05-04 13:57:00,2011-11-28 12:45:00,0.9097802235013092,-0.5574750109325556
16563,54,1,1077.74,3,1,4,314,Need Attention,2,United Kingdom,2011-10-17 11:51:00,2011-10-17 11:51:00,-0.4705385467022397,0.006239161293410551
13715,281,5,1077.39,1,3,4,134,At Risk,2,United Kingdom,2010-12-02 08:52:00,2011-03-03 19:21:00,-0.10100501554589662,1.4625769294162643
16049,40,3,1074.81,3,2,4,324,Need Attention,2,United Kingdom,2011-09-25 14:33:00,2011-10-30 13:19:00,0.26758980755265493,0.08416536244478919
13131,23,3,1073.3,4,2,4,424,Potential Loyalists,2,United Kingdom,2011-06-05 10:54:00,2011-11-16 13:21:00,0.47149071511647567,-0.2558304210564219
15712,9,5,1072.36,5,3,4,534,Loyal Customers,0,United Kingdom,2011-02-25 11:32:00,2011-11-30 14:09:00,1.172392504164298,-0.6560418740132117
15238,29,3,1071.99,4,2,4,424,Potential Loyalists,2,United Kingdom,2011-06-08 16:00:00,2011-11-10 14:28:00,0.3856717867071991,-0.11481609656952453
13467,11,2,1071.91,5,1,4,514,Recent Customers,0,United Kingdom,2011-11-03 16:56:00,2011-11-29 10:01:00,0.4753453900881029,-0.8057569081998787
13521,1,3,1071.73,5,2,4,524,Potential Loyalists,0,United Kingdom,2011-11-29 15:09:00,2011-12-08 13:50:00,1.4200266468053986,-1.8316345723780598
17041,27,3,1071.49,4,2,4,424,Potential Loyalists,2,United Kingdom,2010-12-14 11:43:00,2011-11-13 11:21:00,0.4118059237317875,-0.15872290816704585
13635,68,1,1071.03,3,1,4,314,Need Attention,1,United Kingdom,2011-10-03 10:55:00,2011-10-03 10:55:00,-0.560124064650937,0.14772640132555795
17522,2,5,1070.71,5,3,4,534,Loyal Customers,3,United Kingdom,2011-05-05 16:31:00,2011-12-08 12:31:00,1.6315782644248162,-1.419843740986857
13761,50,2,1070.65,3,1,4,314,Need Attention,2,United Kingdom,2011-06-13 08:43:00,2011-10-20 14:01:00,-0.07793193586293555,0.11106900029677912
14212,90,1,1070.48,2,1,4,214,Hibernating,1,United Kingdom,2011-09-11 12:45:00,2011-09-11 12:45:00,-0.6660864843815203,0.32298316054434023
16200,4,2,1068.87,5,1,4,514,Recent Customers,0,United Kingdom,2011-06-28 15:47:00,2011-12-05 14:40:00,0.8084273125711775,-1.3617813679849768
16918,50,6,1068.82,3,3,4,334,Loyal Customers,2,United Kingdom,2011-01-26 17:37:00,2011-10-21 12:50:00,0.6879444267690663,0.4345547065151762
15436,12,3,1067.75,5,2,4,524,Potential Loyalists,0,United Kingdom,2011-04-19 16:52:00,2011-11-27 16:05:00,0.7032394890192694,-0.6463857632521046
15027,31,4,1066.15,4,3,4,434,Loyal Customers,2,United Kingdom,2011-04-15 14:14:00,2011-11-09 10:16:00,0.5603443343071343,0.009466323347911037
17277,228,2,1065.35,1,1,4,114,Lost,1,United Kingdom,2011-01-21 12:37:00,2011-04-26 12:47:00,-0.6540041727814063,1.0613693184441673
14488,68,1,1064.28,3,1,4,314,Need Attention,1,United Kingdom,2011-10-03 09:30:00,2011-10-03 09:30:00,-0.5631190075116711,0.14542595150119764
12951,9,6,1064.07,5,3,4,534,Loyal Customers,3,United Kingdom,2011-01-13 10:33:00,2011-12-01 12:14:00,1.3082011211814302,-0.599900011885423
15801,46,3,1063.95,3,2,4,324,Need Attention,2,United Kingdom,2011-08-22 09:53:00,2011-10-24 13:52:00,0.21060743581534658,0.167050272877365
12936,17,4,1063.9,4,3,4,434,Loyal Customers,2,United Kingdom,2011-09-22 13:51:00,2011-11-22 17:32:00,0.779131514267354,-0.3560463638886705
12815,148,2,1063.46,2,1,4,214,Hibernating,2,Poland,2011-05-25 13:34:00,2011-07-15 10:21:00,-0.49067185414998443,0.7882729903582444
14411,311,1,1063.0,1,1,4,114,Lost,1,United Kingdom,2011-02-02 10:56:00,2011-02-02 10:56:00,-1.140084596817256,1.1015318355992727
16214,171,3,1062.75,2,2,4,224,Hibernating,2,United Kingdom,2011-03-15 13:23:00,2011-06-22 11:30:00,-0.28551106554034084,0.9890743966437993
15706,64,4,1060.56,3,3,4,334,Loyal Customers,2,United Kingdom,2011-08-15 14:32:00,2011-10-07 10:09:00,0.28715065330986583,0.45679305024020667
17727,15,1,1060.25,4,1,4,414,Recent Customers,0,United Kingdom,2011-11-24 17:06:00,2011-11-24 17:06:00,-0.006619285926146978,-0.7824630373603695
18130,15,3,1059.39,4,2,4,424,Potential Loyalists,0,United Kingdom,2011-10-13 15:58:00,2011-11-24 14:40:00,0.6201981340109276,-0.5176158055532973
17214,60,6,1059.12,3,3,4,334,Loyal Customers,2,United Kingdom,2010-12-15 15:14:00,2011-10-10 13:17:00,0.6152296085123594,0.5447425240969561
13455,25,2,1058.34,4,1,4,414,Recent Customers,0,United Kingdom,2010-12-08 13:11:00,2011-11-15 11:21:00,0.17395310300130704,-0.3202398667830929
15977,17,2,1054.73,4,1,4,414,Recent Customers,0,United Kingdom,2011-10-31 16:24:00,2011-11-22 13:29:00,0.3128046562674415,-0.5545970509240874
12716,4,2,1053.49,5,1,4,514,Recent Customers,0,France,2011-07-29 13:28:00,2011-12-06 08:55:00,0.8015615836824509,-1.367055012775751
14419,11,6,1051.79,5,3,4,534,Loyal Customers,2,United Kingdom,2010-12-10 10:56:00,2011-11-29 11:22:00,1.233055991105532,-0.48854341676003255
16416,27,3,1051.4,4,2,4,424,Potential Loyalists,2,United Kingdom,2011-10-14 13:35:00,2011-11-13 12:50:00,0.4028397475749235,-0.1656099304991466
15329,39,3,1049.7,3,2,4,324,Need Attention,2,United Kingdom,2011-06-21 10:37:00,2011-10-31 15:36:00,0.26582408231457944,0.05991032234489155
14078,102,6,1049.37,2,3,4,234,At Risk,2,United Kingdom,2010-12-01 12:54:00,2011-08-30 12:16:00,0.4107369772306723,0.8734679766099879
17287,26,7,1049.06,4,4,4,444,Champions,2,United Kingdom,2010-12-02 12:22:00,2011-11-13 13:27:00,1.0428784762780823,0.07566709861210316
15839,33,3,1048.49,4,2,4,424,Potential Loyalists,2,United Kingdom,2011-07-14 16:35:00,2011-11-06 13:54:00,0.32735963033909304,-0.04353592398945291
16728,46,4,1048.28,3,3,4,334,Loyal Customers,2,United Kingdom,2011-03-20 13:28:00,2011-10-24 14:36:00,0.40549261222690547,0.24700825789453967
15777,241,4,1047.11,1,3,4,134,At Risk,2,United Kingdom,2010-12-13 16:38:00,2011-04-12 16:43:00,-0.22105094463109062,1.2854898006979227
15407,34,4,1046.74,3,3,4,334,Loyal Customers,2,United Kingdom,2011-02-07 13:18:00,2011-11-06 11:55:00,0.5174090312943583,0.0595893236037513
16520,186,3,1046.57,1,2,4,124,Lost,2,United Kingdom,2010-12-09 13:08:00,2011-06-06 13:24:00,-0.32471897928028837,1.0364981670758808
14293,3,4,1046.56,5,3,4,534,Loyal Customers,0,United Kingdom,2010-12-06 10:18:00,2011-12-06 15:17:00,1.3459017466839274,-1.3155142387350185
15464,338,1,1044.65,1,1,4,114,Lost,1,United Kingdom,2011-01-05 15:56:00,2011-01-05 15:56:00,-1.1800379912696592,1.1478106125751137
15192,120,3,1044.32,2,2,4,224,Hibernating,2,United Kingdom,2010-12-09 14:56:00,2011-08-12 11:41:00,-0.15944784522501138,0.7597513288813414
14389,65,2,1043.46,3,1,4,314,Need Attention,2,United Kingdom,2011-06-02 12:04:00,2011-10-05 15:17:00,-0.18860770685024586,0.2651562535063578
15073,10,3,1043.41,5,2,4,524,Potential Loyalists,0,United Kingdom,2011-06-06 09:59:00,2011-11-30 10:44:00,0.7561304055443357,-0.7606777391766029
12497,82,1,1043.1,2,1,4,214,Hibernating,1,Germany,2011-09-19 12:29:00,2011-09-19 12:29:00,-0.6432092499926012,0.25522143124954483
13719,15,5,1041.68,4,3,4,434,Loyal Customers,2,United Kingdom,2011-04-19 13:56:00,2011-11-24 15:26:00,0.9791017379500001,-0.3686514819035915
18221,22,5,1041.61,4,3,4,434,Loyal Customers,2,United Kingdom,2011-05-12 14:13:00,2011-11-17 14:40:00,0.8404407307962034,-0.13861711646284797
15434,8,5,1041.48,5,3,4,534,Loyal Customers,0,United Kingdom,2011-05-23 14:18:00,2011-12-01 13:33:00,1.1987987340761581,-0.733465328949739
16320,172,2,1038.46,2,1,4,214,Hibernating,2,Unspecified,2011-05-10 15:31:00,2011-06-20 15:25:00,-0.5589903702506822,0.8742925470373013
14465,247,3,1038.44,1,2,4,124,Lost,2,United Kingdom,2011-02-10 12:13:00,2011-04-07 12:38:00,-0.43625889335101947,1.2126334810155317
16175,94,4,1037.59,2,3,4,234,At Risk,2,United Kingdom,2011-04-13 14:38:00,2011-09-06 14:32:00,0.13181398565547225,0.6893979898854699
17042,3,5,1036.58,5,3,4,534,Loyal Customers,0,United Kingdom,2011-04-06 14:53:00,2011-12-07 12:26:00,1.5063385152452382,-1.2492590132698687
12691,28,6,1035.8,4,3,4,434,Loyal Customers,2,France,2010-12-17 14:46:00,2011-11-11 16:49:00,0.8887282607058296,0.06526070237222759
16260,51,1,1035.45,3,1,4,314,Need Attention,2,United Kingdom,2011-10-20 09:40:00,2011-10-20 09:40:00,-0.46807504477072953,-0.0438833253780458
13639,74,1,1033.34,2,1,4,214,Hibernating,1,United Kingdom,2011-09-26 13:36:00,2011-09-26 13:36:00,-0.6089459397197413,0.18754993983852095
14584,169,4,1033.06,2,3,4,234,At Risk,2,United Kingdom,2011-05-25 17:31:00,2011-06-23 18:33:00,-0.09255152197111785,1.0567069244571612
17724,71,3,1033.0,3,2,4,324,Need Attention,2,United Kingdom,2011-07-24 13:26:00,2011-09-29 15:26:00,0.03369390924157816,0.42669416433364066
12599,29,7,1032.58,4,4,4,444,Champions,2,France,2011-02-08 13:28:00,2011-11-10 13:34:00,0.9951303971137042,0.1366976353370136
15996,88,6,1032.58,2,3,4,234,At Risk,2,United Kingdom,2010-12-08 15:59:00,2011-09-12 15:14:00,0.4589035329874032,0.774985842054013
12724,5,4,1031.41,5,3,4,534,Loyal Customers,0,France,2011-01-11 15:00:00,2011-12-04 16:02:00,1.1841074934795723,-1.0637810011703457
17405,1,3,1031.41,5,2,4,524,Potential Loyalists,0,United Kingdom,2011-07-12 14:17:00,2011-12-08 17:12:00,1.4018613082513895,-1.845587576434963
13235,212,1,1031.07,1,1,4,114,Lost,1,United Kingdom,2011-05-11 17:13:00,2011-05-11 17:13:00,-1.008718745466869,0.8484546159762472
12717,151,2,1030.98,2,1,4,214,Hibernating,2,Greece,2011-04-08 10:32:00,2011-07-11 14:47:00,-0.512979978711369,0.7896239174280043
13253,157,2,1030.4,2,1,4,214,Hibernating,2,United Kingdom,2011-01-04 15:43:00,2011-07-06 10:09:00,-0.5280354078986482,0.8139616861764255
17033,86,3,1030.14,2,2,4,224,Hibernating,2,United Kingdom,2010-12-15 13:21:00,2011-09-14 14:34:00,-0.0399094678868617,0.5456526903858833
15333,208,1,1028.56,1,1,4,114,Lost,1,United Kingdom,2011-05-15 13:27:00,2011-05-15 13:27:00,-1.0026314137542718,0.8355496883469075
16980,255,2,1028.46,1,1,4,114,Lost,1,United Kingdom,2011-02-21 12:58:00,2011-03-29 16:36:00,-0.7132736225424153,1.1192023055386822
16682,5,5,1028.0,5,3,4,534,Loyal Customers,0,United Kingdom,2011-06-05 11:02:00,2011-12-05 12:13:00,1.347514445336407,-0.9952443439857169
14904,2,2,1025.44,5,1,4,514,Recent Customers,0,United Kingdom,2011-11-14 09:13:00,2011-12-07 12:55:00,0.983912370322368,-1.7007049239649907
16160,65,2,1025.44,3,1,4,314,Need Attention,2,United Kingdom,2011-09-15 10:53:00,2011-10-05 14:19:00,-0.1968596734614746,0.25881782368510386
15658,190,5,1024.1,1,3,4,134,At Risk,2,United Kingdom,2010-12-02 10:53:00,2011-06-02 15:22:00,0.023804519136760075,1.1971166625436886
17096,15,4,1022.13,4,3,4,434,Loyal Customers,2,United Kingdom,2011-03-23 12:05:00,2011-11-24 15:01:00,0.8051513759999364,-0.4452866528245335
14346,121,2,1021.58,2,1,4,214,Hibernating,2,United Kingdom,2011-02-15 13:52:00,2011-08-11 09:47:00,-0.4333328306607386,0.6469144746690708
13165,46,2,1021.48,3,1,4,314,Need Attention,2,United Kingdom,2010-12-23 14:06:00,2011-10-24 15:05:00,-0.06900145131367914,0.04218424698444
12572,9,2,1020.42,5,1,4,514,Recent Customers,0,Germany,2011-10-19 08:20:00,2011-12-01 09:20:00,0.5216725265253245,-0.9392489334443802
13376,99,3,1019.76,2,2,4,224,Hibernating,2,United Kingdom,2011-04-19 13:03:00,2011-09-01 16:16:00,-0.09790458656020963,0.6302510619249116
18142,157,2,1019.52,2,1,4,214,Hibernating,2,United Kingdom,2011-05-08 12:31:00,2011-07-05 13:19:00,-0.5330637333958993,0.8100993719204058
13956,5,5,1019.27,5,3,4,534,Loyal Customers,0,United Kingdom,2011-03-13 12:51:00,2011-12-04 13:20:00,1.3434745647260455,-0.9983474224325174
12828,3,6,1018.71,5,3,4,534,Loyal Customers,3,United Kingdom,2011-08-01 16:16:00,2011-12-07 08:45:00,1.637586033244129,-1.1966205834021635
12514,267,1,1017.68,1,1,4,114,Lost,1,Italy,2011-03-17 16:38:00,2011-03-17 16:38:00,-1.1026536193328458,0.9893103233652477
13728,37,6,1016.14,3,3,4,334,Loyal Customers,2,United Kingdom,2011-02-02 12:09:00,2011-11-03 10:49:00,0.7764005281453527,0.2296350141785504
12642,25,3,1013.26,4,2,4,424,Potential Loyalists,2,Germany,2011-08-24 09:23:00,2011-11-14 15:03:00,0.41364587249936785,-0.2260338668282896
12739,78,2,1013.04,2,1,4,214,Hibernating,2,United Arab Emirates,2011-09-01 17:45:00,2011-09-22 13:00:00,-0.271303241585961,0.36836853445237344
17197,30,1,1013.01,4,1,4,414,Recent Customers,0,United Kingdom,2011-11-10 10:32:00,2011-11-10 10:32:00,-0.2808627123413865,-0.37976273263228455
14195,202,2,1012.0,1,1,4,114,Lost,1,United Kingdom,2011-04-01 16:50:00,2011-05-22 10:29:00,-0.6323035048261291,0.9662769622328161
14775,58,3,1011.9,3,2,4,324,Need Attention,2,United Kingdom,2010-12-02 16:38:00,2011-10-12 15:27:00,0.09998487113162777,0.29295045124062075
16229,87,2,1010.6,2,1,4,214,Hibernating,2,United Kingdom,2011-05-11 10:18:00,2011-09-13 17:16:00,-0.31365890548921505,0.43588580904751467
14446,1,4,1010.35,5,3,4,534,Loyal Customers,0,United Kingdom,2011-04-07 12:10:00,2011-12-09 11:34:00,1.5940029409708376,-1.7677369386688455
12849,31,2,1010.29,4,1,4,414,Recent Customers,2,United Kingdom,2011-03-16 12:26:00,2011-11-08 13:41:00,0.0726252974327695,-0.2055159406566759
13032,52,2,1010.18,3,1,4,314,Need Attention,2,United Kingdom,2011-09-13 16:40:00,2011-10-18 15:54:00,-0.12016566861720428,0.11430060553151983
14224,110,4,1009.73,2,3,4,234,At Risk,2,United Kingdom,2011-01-23 13:58:00,2011-08-21 13:24:00,0.05946188212869935,0.7781690638224179
16572,127,3,1009.6,2,2,4,224,Hibernating,2,United Kingdom,2011-03-09 12:04:00,2011-08-04 16:34:00,-0.19694773231639043,0.7831013041963585
16174,126,3,1009.55,2,2,4,224,Hibernating,2,United Kingdom,2011-07-11 09:23:00,2011-08-05 13:26:00,-0.19397511388229935,0.77811121285764
17951,40,3,1008.54,3,2,4,324,Need Attention,2,United Kingdom,2010-12-01 12:40:00,2011-10-31 12:30:00,0.23744343113732994,0.0610095863400202
17646,219,3,1008.39,1,2,4,124,Lost,2,United Kingdom,2010-12-09 14:28:00,2011-05-04 13:17:00,-0.4044048631617712,1.1260029330963037
14631,51,3,1006.98,3,2,4,324,Need Attention,2,United Kingdom,2011-02-14 09:31:00,2011-10-20 11:17:00,0.14592007532948778,0.21111495144750672
13429,11,4,1006.8,5,3,4,534,Loyal Customers,0,United Kingdom,2011-09-25 15:59:00,2011-11-29 09:10:00,0.9078871125402214,-0.6331569697266105
13867,31,3,1005.09,4,2,4,424,Potential Loyalists,2,United Kingdom,2011-05-05 17:28:00,2011-11-08 15:48:00,0.3304931974409055,-0.09734941533165568
14214,31,5,1004.38,4,3,4,434,Loyal Customers,2,United Kingdom,2011-03-07 12:26:00,2011-11-09 10:31:00,0.6970480087279423,0.05749188808635691
13410,24,5,1003.06,4,3,4,434,Loyal Customers,2,United Kingdom,2011-02-21 14:38:00,2011-11-15 15:33:00,0.7907251203446578,-0.099480066307044
14083,4,9,1002.9,5,4,4,544,Champions,3,United Kingdom,2010-12-03 12:24:00,2011-12-05 13:14:00,1.8676777825339894,-0.9244176702367702
12446,58,1,1002.31,3,1,4,314,Need Attention,1,RSA,2011-10-13 12:50:00,2011-10-13 12:50:00,-0.5317275711753404,0.024343296832453783
12545,75,2,1000.39,2,1,4,214,Hibernating,2,Spain,2011-03-25 12:04:00,2011-09-25 13:39:00,-0.26246660042218667,0.33925404358214895
15508,189,6,1000.27,1,3,4,134,At Risk,2,United Kingdom,2011-04-18 15:31:00,2011-06-03 15:43:00,0.15414209202731652,1.2441881476727845
18143,117,2,1000.16,2,1,4,214,Hibernating,2,United Kingdom,2011-07-21 10:44:00,2011-08-15 12:07:00,-0.43063602922233807,0.6180712920031896
12722,85,4,997.63,2,3,4,234,At Risk,2,France,2011-07-12 11:55:00,2011-09-15 14:50:00,0.15123061632950954,0.612013064901055
15110,24,4,996.1,4,3,4,434,Loyal Customers,2,United Kingdom,2011-01-25 11:41:00,2011-11-16 11:16:00,0.6224512406133286,-0.1717550663899114
15104,197,2,993.54,1,1,4,114,Lost,1,United Kingdom,2011-03-02 14:16:00,2011-05-27 12:29:00,-0.6314971592253377,0.943769118943263
17594,85,2,993.18,2,1,4,214,Hibernating,2,United Kingdom,2011-03-30 10:32:00,2011-09-15 16:34:00,-0.3131131503540684,0.4149856129597575
13363,18,2,992.5,4,1,4,414,Recent Customers,0,United Kingdom,2011-10-27 10:46:00,2011-11-22 12:40:00,0.26334438695349993,-0.5424486533089903
14223,92,3,991.13,2,2,4,224,Hibernating,2,United Kingdom,2011-03-20 16:02:00,2011-09-08 13:38:00,-0.08367177907942115,0.5738848000766698
16232,44,4,990.88,3,3,4,334,Loyal Customers,2,United Kingdom,2011-05-08 14:05:00,2011-10-27 12:16:00,0.39542909749385463,0.19895231175823513
14514,61,3,990.2,3,2,4,324,Need Attention,2,United Kingdom,2011-01-12 15:22:00,2011-10-09 16:05:00,0.07077041139195876,0.31650435913977176
17126,152,5,989.45,2,3,4,234,At Risk,2,United Kingdom,2010-12-12 11:26:00,2011-07-10 13:52:00,0.09224089696037928,1.0439636214148222
15062,71,4,987.86,3,3,4,334,Loyal Customers,2,United Kingdom,2010-12-15 15:37:00,2011-09-29 16:51:00,0.21444277513825954,0.49579388775677535
18237,3,5,987.1,5,3,4,534,Loyal Customers,0,United Kingdom,2011-07-28 13:05:00,2011-12-07 12:49:00,1.4831701127878445,-1.2670549278639645
14583,6,5,986.96,5,3,4,534,Loyal Customers,0,United Kingdom,2011-05-18 11:28:00,2011-12-04 12:32:00,1.2693308134608603,-0.9123460018007307
17324,18,4,986.48,4,3,4,434,Loyal Customers,2,United Kingdom,2010-12-08 12:45:00,2011-11-22 10:34:00,0.7226887136224818,-0.34926132835450896
13117,22,8,984.91,4,4,4,444,Champions,2,United Kingdom,2010-12-02 13:11:00,2011-11-18 12:02:00,1.180816731016233,-0.003884056881680394
17144,1,2,984.57,5,1,4,514,Recent Customers,0,United Kingdom,2011-09-16 12:50:00,2011-12-08 17:57:00,1.1195335187436906,-1.972542022304601
12510,143,2,982.57,2,1,4,214,Hibernating,2,Spain,2011-01-18 14:04:00,2011-07-20 10:15:00,-0.5151075706119689,0.7378502942949058
15133,128,3,982.42,2,2,4,224,Hibernating,2,United Kingdom,2011-02-11 10:38:00,2011-08-04 10:44:00,-0.21284749248246185,0.7781053074385067
15071,94,2,982.07,2,1,4,214,Hibernating,2,United Kingdom,2011-03-09 10:19:00,2011-09-07 11:43:00,-0.35646179279056045,0.4739880863196915
16188,45,4,981.86,3,3,4,334,Loyal Customers,2,United Kingdom,2011-04-11 09:44:00,2011-10-26 12:19:00,0.3827015777620097,0.20955836176924733
16085,23,5,981.51,4,3,4,434,Loyal Customers,2,United Kingdom,2011-01-23 12:07:00,2011-11-16 13:24:00,0.7960315068058176,-0.1332605660427701
12541,30,3,981.18,4,2,4,424,Potential Loyalists,2,Spain,2011-03-04 09:32:00,2011-11-10 10:40:00,0.3312166434804111,-0.1262359762339119
18170,33,3,980.31,4,2,4,424,Potential Loyalists,2,United Kingdom,2011-05-06 15:13:00,2011-11-06 14:35:00,0.2955100338214763,-0.06799996291169805
13509,9,7,979.72,5,4,4,544,Champions,3,United Kingdom,2011-02-28 13:27:00,2011-12-01 10:10:00,1.3899064537728107,-0.5788716789775461
13350,16,2,979.12,4,1,4,414,Recent Customers,0,United Kingdom,2011-09-21 13:33:00,2011-11-23 16:33:00,0.2994032590454216,-0.6178968391659668
15132,18,5,977.93,4,3,4,434,Loyal Customers,2,United Kingdom,2011-03-22 12:02:00,2011-11-21 17:10:00,0.8835410638188254,-0.2826868898880519
14920,213,2,977.77,1,1,4,114,Lost,1,United Kingdom,2011-05-11 10:31:00,2011-05-11 10:32:00,-0.6687605665516141,0.9872103235741576
13026,1,5,975.36,5,3,4,534,Loyal Customers,0,United Kingdom,2011-03-09 11:35:00,2011-12-08 16:58:00,1.7422835898685791,-1.7108189675839367
16376,9,2,974.96,5,1,4,514,Recent Customers,0,United Kingdom,2011-11-22 16:47:00,2011-12-01 11:38:00,0.5000854126302623,-0.9558302422297406
14522,24,4,974.54,4,3,4,434,Loyal Customers,2,United Kingdom,2011-05-25 16:01:00,2011-11-15 13:24:00,0.6120862465654574,-0.17971653672363144
15449,26,3,974.52,4,2,4,424,Potential Loyalists,2,United Kingdom,2011-03-23 10:43:00,2011-11-13 15:02:00,0.38076367621169105,-0.21629245409546302
12994,4,3,974.42,5,2,4,524,Potential Loyalists,0,United Kingdom,2011-03-16 08:31:00,2011-12-05 15:43:00,1.0249161005085132,-1.2853986113399798
18194,82,1,973.84,2,1,4,214,Hibernating,1,United Kingdom,2011-09-18 13:29:00,2011-09-18 13:29:00,-0.6757539572243095,0.23022346984713896
16009,22,4,972.11,4,3,4,434,Loyal Customers,2,United Kingdom,2011-07-03 11:26:00,2011-11-17 16:51:00,0.6427552937961659,-0.2334834696696877
15506,23,3,972.08,4,2,4,424,Potential Loyalists,2,United Kingdom,2011-07-24 11:45:00,2011-11-17 12:11:00,0.42456910276282084,-0.2918714475190141
13155,33,4,971.76,4,3,4,434,Loyal Customers,2,United Kingdom,2010-12-06 12:44:00,2011-11-06 15:41:00,0.4932745735618678,0.014169693971049098
17100,18,2,971.74,4,1,4,414,Recent Customers,0,United Kingdom,2011-11-21 16:36:00,2011-11-21 16:36:00,0.25333153481369347,-0.5501396394203975
14256,260,2,969.06,1,1,4,114,Lost,1,United Kingdom,2010-12-10 11:44:00,2011-03-24 13:17:00,-0.7488424887585933,1.1098192061361785
14138,2,2,965.88,5,1,4,514,Recent Customers,0,United Kingdom,2011-10-07 09:38:00,2011-12-08 12:44:00,0.9555685880460946,-1.7224761069194392
15793,15,3,965.61,4,2,4,424,Potential Loyalists,0,United Kingdom,2011-03-16 10:45:00,2011-11-25 09:31:00,0.5762927806233734,-0.5513400090474905
15860,41,8,965.16,3,4,4,344,Loyal Customers,2,United Kingdom,2010-12-06 11:38:00,2011-10-30 11:25:00,0.9411920979922136,0.3704866424878342
12550,79,1,964.83,2,1,4,214,Hibernating,1,Spain,2011-09-21 14:35:00,2011-09-21 14:35:00,-0.6660938737879726,0.20350394483701353
13138,22,6,962.39,4,3,4,434,Loyal Customers,2,United Kingdom,2010-12-02 15:03:00,2011-11-17 16:51:00,0.9424559213209123,-0.1084323712664901
14006,116,3,962.19,2,2,4,224,Hibernating,2,United Kingdom,2011-01-31 15:11:00,2011-08-16 09:39:00,-0.18540539986361712,0.7086385724695187
15156,1,3,961.49,5,2,4,524,Potential Loyalists,0,United Kingdom,2011-11-06 12:41:00,2011-12-08 18:22:00,1.368609974984892,-1.8711283053669039
16419,113,6,958.71,2,3,4,234,At Risk,2,United Kingdom,2011-02-01 12:25:00,2011-08-19 12:33:00,0.32917543283597855,0.9049176227489809
18192,72,1,957.97,3,1,4,314,Need Attention,1,United Kingdom,2011-09-29 09:53:00,2011-09-29 09:53:00,-0.6344951901780781,0.14286015045027545
13823,19,2,957.66,4,1,4,414,Recent Customers,0,United Kingdom,2011-09-09 10:42:00,2011-11-21 10:22:00,0.22682424212761826,-0.5229332074447338
12697,29,3,957.59,4,2,4,424,Potential Loyalists,2,Sweden,2011-06-23 15:44:00,2011-11-11 08:47:00,0.3322150299625747,-0.15587684209369856
14629,4,2,955.26,5,1,4,514,Recent Customers,0,United Kingdom,2011-10-23 16:13:00,2011-12-05 16:55:00,0.755197385201163,-1.402667883275305
15948,8,2,955.24,5,1,4,514,Recent Customers,0,United Kingdom,2011-10-27 08:35:00,2011-12-01 15:32:00,0.5306541361511867,-1.0300564382744821
17244,53,1,954.9,3,1,4,314,Need Attention,1,United Kingdom,2011-10-17 15:19:00,2011-10-17 15:19:00,-0.5208525650618248,-0.049423738288476286
17097,2,8,954.42,5,4,4,544,Champions,3,Spain,2010-12-09 14:55:00,2011-12-07 17:05:00,1.9440064183674253,-1.3065777413964044
15835,44,4,954.09,3,3,4,334,Loyal Customers,2,United Kingdom,2011-01-13 10:35:00,2011-10-26 15:47:00,0.3775076506720483,0.18518664372695848
14540,10,3,952.66,5,2,4,524,Potential Loyalists,0,United Kingdom,2011-02-03 15:02:00,2011-11-30 10:15:00,0.7130295714326014,-0.7937839822245321
15421,59,4,950.36,3,3,4,334,Loyal Customers,2,United Kingdom,2011-02-02 14:36:00,2011-10-12 09:20:00,0.2657582852734743,0.36613348933488976
13636,37,5,949.12,3,3,4,334,Loyal Customers,2,United Kingdom,2011-02-27 14:29:00,2011-11-03 10:30:00,0.6045963233422248,0.14584452987312718
12822,71,2,948.88,3,1,4,314,Need Attention,2,United Kingdom,2011-09-13 13:46:00,2011-09-30 10:04:00,-0.26685254625232924,0.28574575299723554
17044,25,1,948.48,4,1,4,414,Recent Customers,0,United Kingdom,2011-11-14 14:28:00,2011-11-14 14:28:00,-0.24485025437619823,-0.5152138753197065
13748,96,5,948.25,2,3,4,234,At Risk,2,United Kingdom,2010-12-01 09:00:00,2011-09-05 09:45:00,0.24618214345751624,0.7395879404696614
12458,71,2,947.4,3,1,4,314,Need Attention,2,Switzerland,2011-02-28 10:55:00,2011-09-29 15:25:00,-0.26759190016136286,0.2851778468136232
15747,13,3,946.64,5,2,4,524,Potential Loyalists,0,United Kingdom,2011-06-20 11:30:00,2011-11-27 12:26:00,0.6179035428383797,-0.6432090340289336
13261,269,2,944.1,1,1,4,114,Lost,1,United Kingdom,2011-02-27 10:41:00,2011-03-16 12:22:00,-0.7741527136329232,1.1218168361953524
12820,3,4,942.34,5,3,4,534,Loyal Customers,0,United Kingdom,2011-01-17 12:34:00,2011-12-06 15:12:00,1.2962139613536556,-1.3536799942606048
14075,5,3,942.26,5,2,4,524,Potential Loyalists,0,United Kingdom,2011-03-23 16:35:00,2011-12-05 08:38:00,0.9393730019921658,-1.182028814555935
15289,29,3,939.78,4,2,4,424,Potential Loyalists,2,United Kingdom,2011-04-04 12:44:00,2011-11-10 13:49:00,0.3233226519491624,-0.16270717922877365
17527,54,4,939.37,3,3,4,334,Loyal Customers,2,United Kingdom,2011-05-05 13:43:00,2011-10-17 12:32:00,0.2934871848116846,0.30674211936066076
17227,19,6,939.32,4,3,4,434,Loyal Customers,2,United Kingdom,2010-12-06 11:16:00,2011-11-21 10:51:00,0.9843520879006545,-0.20586009239582875
16584,80,2,936.08,2,1,4,214,Hibernating,2,United Kingdom,2011-03-30 13:14:00,2011-09-20 13:45:00,-0.31827830069934643,0.35547148551237506
14140,4,2,935.05,5,1,4,514,Recent Customers,0,United Kingdom,2011-11-08 11:20:00,2011-12-06 09:05:00,0.7450689726108847,-1.410447632688836
16027,92,6,934.62,2,3,4,234,At Risk,2,United Kingdom,2011-02-10 12:19:00,2011-09-09 10:47:00,0.3948959657123868,0.7665902292842467
12924,88,4,933.7,2,3,4,234,At Risk,2,United Kingdom,2011-01-16 11:49:00,2011-09-12 13:55:00,0.10676273508324537,0.6096548497268377
15787,26,3,933.26,4,2,3,423,Potential Loyalists,2,United Kingdom,2011-10-09 13:11:00,2011-11-13 14:55:00,0.3602726217024366,-0.23203186714563998
13655,114,2,932.97,2,1,3,213,Hibernating,2,United Kingdom,2011-04-12 09:53:00,2011-08-17 14:25:00,-0.45373835079916675,0.5764444824456151
14532,236,4,932.85,1,3,3,133,At Risk,2,United Kingdom,2010-12-22 13:48:00,2011-04-17 13:05:00,-0.2678065745315033,1.2302153778337703
18133,212,1,931.5,1,1,3,113,Lost,1,United Kingdom,2011-05-11 14:14:00,2011-05-11 14:14:00,-1.0568230699920813,0.8115051347838501
16934,55,2,931.03,3,1,3,313,Need Attention,2,United Kingdom,2011-10-16 12:25:00,2011-10-16 12:40:00,-0.17984597943021174,0.11951932214488441
17289,32,3,931.02,4,2,3,423,Potential Loyalists,2,United Kingdom,2011-06-12 13:51:00,2011-11-08 12:01:00,0.2824786071538108,-0.10569378313090064
17552,60,4,930.41,3,3,3,333,Loyal Customers,2,United Kingdom,2010-12-02 18:45:00,2011-10-10 17:00:00,0.24939535908265484,0.36889343522449003
17618,6,3,930.28,5,2,3,523,Potential Loyalists,0,United Kingdom,2010-12-12 16:05:00,2011-12-04 11:50:00,0.8744271049603889,-1.088962417014856
16907,29,5,928.76,4,3,3,433,Loyal Customers,2,United Kingdom,2010-12-09 16:52:00,2011-11-10 18:04:00,0.6846252996311328,-0.011900122674430929
14475,72,3,925.85,3,2,3,323,Need Attention,2,United Kingdom,2011-02-08 10:12:00,2011-09-29 10:46:00,-0.02344693139565884,0.39559490943386105
14231,184,3,925.71,1,2,3,123,Lost,2,United Kingdom,2011-02-24 11:55:00,2011-06-09 11:05:00,-0.37873711912971986,0.9850345839303413
17048,118,3,925.35,2,2,3,223,Hibernating,2,United Kingdom,2011-01-12 16:51:00,2011-08-14 11:49:00,-0.21037148103415712,0.7051800627049146
15312,75,4,924.85,2,3,3,233,At Risk,2,United Kingdom,2010-12-20 12:51:00,2011-09-25 13:10:00,0.16257055130593684,0.5060896355530993
13805,52,2,924.6,3,1,3,313,Need Attention,2,United Kingdom,2011-08-02 15:29:00,2011-10-18 14:50:00,-0.16209575147712477,0.08209362989430331
15654,9,2,922.53,5,1,3,513,Recent Customers,0,United Kingdom,2011-11-13 15:15:00,2011-11-30 13:08:00,0.47390334032405895,-0.9759409910616672
13122,94,2,922.39,2,1,3,213,Hibernating,2,United Kingdom,2011-04-13 14:12:00,2011-09-06 15:53:00,-0.38615751424764844,0.4511784634364465
16551,96,3,922.12,2,2,3,223,Hibernating,2,United Kingdom,2011-01-07 10:24:00,2011-09-05 09:38:00,-0.13394248481117255,0.5743235056118753
13934,264,1,922.1,1,1,3,113,Lost,1,United Kingdom,2011-03-21 08:39:00,2011-03-21 08:39:00,-1.1450697651802353,0.9462906420820743
13035,74,2,921.88,2,1,3,213,Hibernating,2,United Kingdom,2011-03-24 09:21:00,2011-09-27 08:57:00,-0.2961194276120135,0.30112192288628586
14081,302,2,921.62,1,1,3,113,Lost,1,United Kingdom,2010-12-05 15:47:00,2011-02-10 16:17:00,-0.8296157125134871,1.1861489233199014
15576,38,1,921.37,3,1,3,313,Need Attention,0,United Kingdom,2011-11-02 12:03:00,2011-11-02 12:03:00,-0.4134724644171547,-0.2687252694010781
13984,27,5,920.51,4,3,3,433,Loyal Customers,2,United Kingdom,2010-12-08 15:58:00,2011-11-13 12:38:00,0.7067543569160911,-0.058883281772392576
17018,41,2,920.1,3,1,3,313,Need Attention,2,United Kingdom,2011-01-18 08:46:00,2011-10-30 11:42:00,-0.07554532857939834,-0.06714896619832066
12652,331,1,919.98,1,1,3,113,Lost,1,France,2011-01-12 15:00:00,2011-01-12 15:00:00,-1.2322642820098735,1.0883456549767874
13075,130,1,919.61,2,1,3,213,Hibernating,1,United Kingdom,2011-08-02 10:19:00,2011-08-02 10:19:00,-0.8772204869664579,0.49867845920277637
16511,22,3,918.33,4,2,3,423,Potential Loyalists,0,United Kingdom,2011-03-18 11:24:00,2011-11-18 10:41:00,0.4138847240262702,-0.3395460235609543
13549,26,7,918.2,4,4,3,443,Champions,2,United Kingdom,2011-04-11 13:42:00,2011-11-14 09:20:00,0.9797689129618752,0.02719192209049144
15253,16,5,918.2,4,3,3,433,Loyal Customers,2,United Kingdom,2011-06-23 12:19:00,2011-11-23 16:22:00,0.8961779016238668,-0.3761258078447414
14015,53,1,917.34,3,1,3,313,Need Attention,1,United Kingdom,2011-10-18 10:02:00,2011-10-18 10:02:00,-0.5398593811274754,-0.06402309083477427
14712,29,3,917.07,4,2,3,423,Potential Loyalists,2,United Kingdom,2011-08-19 13:33:00,2011-11-10 12:59:00,0.31173633940258433,-0.17160675825320498
15707,35,4,916.98,3,3,3,333,Loyal Customers,2,United Kingdom,2011-09-14 14:19:00,2011-11-04 14:35:00,0.44395726962680476,0.029294531380792938
17236,13,6,916.13,5,3,3,533,Loyal Customers,2,United Kingdom,2010-12-12 11:49:00,2011-11-27 12:00:00,1.1087610590284314,-0.44106369101692805
14141,3,4,915.13,5,3,3,533,Loyal Customers,0,United Kingdom,2011-08-26 14:40:00,2011-12-07 09:53:00,1.2823361426617375,-1.3643397053325226
16216,267,1,914.93,1,1,3,113,Lost,1,United Kingdom,2011-03-17 15:34:00,2011-03-17 15:34:00,-1.1530672646039015,0.9505870265272113
16809,23,5,914.69,4,3,3,433,Loyal Customers,2,United Kingdom,2011-03-22 15:20:00,2011-11-16 15:45:00,0.762635477908632,-0.15891243734158766
15587,50,4,913.68,3,3,3,333,Loyal Customers,2,United Kingdom,2010-12-23 09:59:00,2011-10-20 13:37:00,0.30919721904354225,0.2487870268632156
15364,96,2,913.19,2,1,3,213,Hibernating,2,United Kingdom,2011-03-30 13:39:00,2011-09-05 09:46:00,-0.3988639334819323,0.46073906898217226
14359,19,3,912.18,4,2,3,423,Potential Loyalists,0,United Kingdom,2011-09-13 09:03:00,2011-11-20 13:17:00,0.46409091291605364,-0.43059072162357614
13192,95,2,911.94,2,1,3,213,Hibernating,2,United Kingdom,2011-05-18 14:57:00,2011-09-05 14:13:00,-0.39555414059906724,0.4536713978945926
14289,9,6,911.26,5,3,3,533,Loyal Customers,0,United Kingdom,2011-02-23 12:33:00,2011-12-01 11:44:00,1.2347682863399103,-0.6563046111945563
13689,63,1,910.0,3,1,3,313,Need Attention,1,United Kingdom,2011-10-07 13:21:00,2011-10-07 13:21:00,-0.6085654750963941,0.040759341294245396
13782,13,6,908.86,5,3,3,533,Loyal Customers,2,United Kingdom,2011-01-16 11:08:00,2011-11-27 11:54:00,1.1049874980272407,-0.4439622063295956
13038,80,3,908.46,2,2,3,223,Hibernating,2,United Kingdom,2011-02-22 11:43:00,2011-09-20 14:37:00,-0.07215164355920614,0.45461942806322103
17323,15,7,906.52,4,4,3,443,Champions,2,United Kingdom,2011-02-20 14:38:00,2011-11-24 17:29:00,1.1735850996873864,-0.30917134450397116
15480,116,1,905.5,2,1,3,213,Hibernating,1,Malta,2011-08-15 14:32:00,2011-08-15 14:32:00,-0.8413693307546547,0.4214035726406133
15807,50,3,903.9,3,2,3,323,Need Attention,2,United Kingdom,2011-09-23 14:43:00,2011-10-20 14:10:00,0.10218623872422262,0.15951507334415146
16716,267,2,901.2,1,1,3,113,Lost,1,United Kingdom,2011-02-01 15:35:00,2011-03-18 10:03:00,-0.7933392341795835,1.1001846015781527
17848,81,9,901.2,2,4,3,243,At Risk,2,United Kingdom,2010-12-16 18:38:00,2011-09-19 16:49:00,0.7484766476918941,0.8099781650560955
15511,12,5,900.53,5,3,3,533,Loyal Customers,0,United Kingdom,2011-09-15 15:05:00,2011-11-28 09:43:00,0.9894506565528456,-0.5532573304148065
12940,55,2,899.69,3,1,3,313,Need Attention,2,United Kingdom,2011-09-13 10:16:00,2011-10-16 12:09:00,-0.1960639329854537,0.10706212675168225
14625,196,2,899.63,1,1,3,113,Lost,1,United Kingdom,2010-12-13 15:36:00,2011-05-27 15:32:00,-0.6765924865396912,0.90443541503084
15079,213,4,895.61,1,3,3,133,At Risk,2,United Kingdom,2010-12-09 09:25:00,2011-05-11 12:45:00,-0.24810632724365894,1.1506793504465367
15865,41,3,895.13,3,2,3,323,Need Attention,2,United Kingdom,2011-05-10 11:44:00,2011-10-30 12:43:00,0.17173567184871405,0.032885640618773165
15211,60,2,894.41,3,1,3,313,Need Attention,2,United Kingdom,2010-12-09 16:08:00,2011-10-10 13:31:00,-0.2315209932078932,0.15913639095988308
15066,53,1,893.59,3,1,3,313,Need Attention,1,United Kingdom,2011-10-17 13:25:00,2011-10-17 13:25:00,-0.5522832902682613,-0.07356603737158542
12772,60,1,892.47,3,1,3,313,Need Attention,1,Portugal,2011-10-11 09:19:00,2011-10-11 09:19:00,-0.5994389576894442,0.0032480340010467754
16361,10,4,891.21,5,3,3,533,Loyal Customers,0,United Kingdom,2011-09-29 13:13:00,2011-11-30 12:32:00,0.8833620019927552,-0.7326852417765791
13515,73,4,891.12,2,3,3,233,At Risk,2,United Kingdom,2011-04-06 10:33:00,2011-09-28 11:26:00,0.15516110562131302,0.47566747889294886
15255,67,1,890.85,3,1,3,313,Need Attention,1,United Kingdom,2011-10-04 12:43:00,2011-10-04 12:43:00,-0.6417973660700841,0.07145396623923474
14240,30,2,890.34,4,1,3,413,Recent Customers,0,United Kingdom,2011-04-28 11:40:00,2011-11-09 13:45:00,0.024888217366268058,-0.27162558525464187
14344,127,8,889.93,2,4,3,243,At Risk,2,United Kingdom,2010-12-06 11:58:00,2011-08-04 13:51:00,0.4770718046623471,1.04739614126508
17007,51,6,889.93,3,3,3,333,Loyal Customers,2,United Kingdom,2010-12-17 13:57:00,2011-10-20 10:47:00,0.5937658541422173,0.38022248763109046
17829,299,1,889.24,1,1,3,113,Lost,1,United Arab Emirates,2011-02-14 12:46:00,2011-02-14 12:46:00,-1.2096441000011589,1.0117309437396296
17537,30,2,887.67,4,1,3,413,Recent Customers,0,United Kingdom,2011-02-09 13:37:00,2011-11-10 10:56:00,0.023465757614359838,-0.2727181928396944
16900,17,3,887.11,4,2,3,423,Potential Loyalists,0,United Kingdom,2011-10-07 13:17:00,2011-11-23 10:32:00,0.4911391595215748,-0.5075210362035601
14623,32,5,886.7,4,3,3,433,Loyal Customers,2,United Kingdom,2011-04-18 13:54:00,2011-11-07 13:56:00,0.6262670885909147,0.03166044225592349
14449,19,4,885.8,4,3,3,433,Loyal Customers,2,United Kingdom,2010-12-02 14:09:00,2011-11-21 12:06:00,0.6521056223936261,-0.35591002074386524
15822,3,2,885.47,5,1,3,513,Recent Customers,0,United Kingdom,2010-12-15 13:38:00,2011-12-06 14:50:00,0.8045050547185146,-1.571726922807122
17704,169,2,885.19,2,1,3,213,Hibernating,1,United Kingdom,2011-04-14 09:28:00,2011-06-24 09:40:00,-0.6279478040257296,0.8051032237838289
15799,76,3,884.14,2,2,3,223,Hibernating,2,United Kingdom,2011-01-09 15:13:00,2011-09-25 12:46:00,-0.06565791631926396,0.4126427206585688
15907,4,3,882.72,5,2,3,523,Potential Loyalists,0,United Kingdom,2011-05-13 13:01:00,2011-12-06 12:21:00,0.9781037287766071,-1.3213557288330855
18236,30,6,882.24,4,3,3,433,Loyal Customers,2,United Kingdom,2011-04-13 09:52:00,2011-11-10 08:06:00,0.7872464039462449,0.049157769747957485
17109,29,6,881.29,4,3,3,433,Loyal Customers,2,United Kingdom,2011-04-21 15:46:00,2011-11-10 16:59:00,0.7992617815386064,0.02797918061361781
13662,86,3,881.26,2,2,3,223,Hibernating,2,United Kingdom,2011-03-25 13:23:00,2011-09-15 12:04:00,-0.11384618861209923,0.4888610505732754
13037,138,3,881.07,2,2,3,223,Hibernating,2,United Kingdom,2011-03-28 15:42:00,2011-07-24 15:46:00,-0.29293951717666317,0.785823295003323
15076,173,1,880.85,2,1,3,213,Hibernating,1,United Kingdom,2011-06-20 08:23:00,2011-06-20 08:23:00,-1.006049240789517,0.6629601444574859
17027,79,6,877.56,2,3,3,233,At Risk,2,United Kingdom,2011-01-26 14:19:00,2011-09-22 12:24:00,0.42257815995275205,0.6482190590155286
15653,93,2,877.44,2,1,3,213,Hibernating,2,United Kingdom,2011-08-16 09:50:00,2011-09-08 10:49:00,-0.4057774634332665,0.4262948063553027
14770,232,2,876.42,1,1,3,113,Lost,1,United Kingdom,2011-01-20 15:00:00,2011-04-21 14:21:00,-0.7530846182236279,1.0013229569165605
15100,334,3,876.0,1,2,3,123,Lost,2,United Kingdom,2010-12-01 09:09:00,2011-01-10 10:35:00,-0.6316998154614007,1.34136975490785
16513,5,4,874.59,5,3,3,533,Loyal Customers,0,United Kingdom,2011-10-27 14:56:00,2011-12-05 10:18:00,1.1059888435432494,-1.1237848285826764
16657,10,4,874.43,5,3,3,533,Loyal Customers,0,United Kingdom,2011-03-30 12:02:00,2011-11-30 11:48:00,0.8743595249226203,-0.7396001472548506
13294,190,2,873.74,1,1,3,113,Lost,1,United Kingdom,2011-04-04 12:37:00,2011-06-03 08:54:00,-0.6786072570108282,0.8742045421716027
15208,1,5,870.12,5,3,3,533,Loyal Customers,0,United Kingdom,2010-12-21 13:03:00,2011-12-08 17:24:00,1.6882053751221262,-1.752357062098603
13200,19,4,870.09,4,3,3,433,Loyal Customers,2,United Kingdom,2011-08-05 14:50:00,2011-11-20 15:35:00,0.6436304821420769,-0.36241987278769583
13979,73,1,869.87,2,1,3,213,Hibernating,1,United Kingdom,2011-09-27 13:32:00,2011-09-27 13:32:00,-0.6853855086758209,0.11638795661592778
17566,8,2,869.77,5,1,3,513,Recent Customers,0,United Kingdom,2011-11-14 13:42:00,2011-12-01 19:54:00,0.48625845337274903,-1.0641572693751398
12694,70,2,869.67,3,1,3,313,Need Attention,2,France,2011-06-09 17:48:00,2011-09-30 13:06:00,-0.3027958015802793,0.24516714565157238
13203,10,4,869.46,5,3,3,533,Loyal Customers,0,United Kingdom,2011-04-11 14:40:00,2011-11-30 10:45:00,0.8716599739854713,-0.7416737031682658
17886,32,3,869.28,4,2,3,423,Potential Loyalists,2,United Kingdom,2011-04-04 12:34:00,2011-11-08 10:09:00,0.24998032904277107,-0.13065608179533325
17649,138,1,868.49,2,1,3,213,Hibernating,1,United Kingdom,2011-07-24 15:53:00,2011-07-24 15:53:00,-0.9269523798800101,0.5154491614096142
14912,17,2,867.85,4,1,3,413,Recent Customers,0,Italy,2011-04-07 11:06:00,2011-11-23 09:20:00,0.22043097347603155,-0.6255503319162097
14715,25,4,867.38,4,3,3,433,Loyal Customers,2,United Kingdom,2011-01-12 13:27:00,2011-11-15 12:10:00,0.5419304385781664,-0.19723257142646747
16235,41,5,867.31,3,3,3,333,Loyal Customers,2,United Kingdom,2011-01-11 15:42:00,2011-10-30 10:56:00,0.5236719132623353,0.17649825352031448
14597,11,2,866.24,5,1,3,513,Recent Customers,0,United Kingdom,2011-06-01 12:33:00,2011-11-28 13:13:00,0.3744383982384113,-0.8832647213607798
16567,194,2,865.6,1,1,3,113,Lost,1,United Kingdom,2011-01-07 09:31:00,2011-05-29 13:57:00,-0.6909575679016536,0.8839385649345068
13846,25,3,865.06,4,2,3,423,Potential Loyalists,2,United Kingdom,2010-12-14 16:07:00,2011-11-15 12:07:00,0.3387480843703851,-0.28356371349256415
12680,1,4,862.81,5,3,3,533,Loyal Customers,0,France,2011-08-18 15:44:00,2011-12-09 12:50:00,1.5192340555996469,-1.8251677736523266
16266,74,7,861.89,2,4,3,243,At Risk,2,United Kingdom,2011-05-17 14:50:00,2011-09-27 12:08:00,0.5595257191480779,0.6518295912515542
16221,37,3,860.86,3,2,3,323,Need Attention,2,United Kingdom,2010-12-07 13:13:00,2011-11-03 11:43:00,0.19147877268284805,-0.0447621455709081
12794,53,2,860.41,3,1,3,313,Need Attention,2,Portugal,2011-09-02 12:01:00,2011-10-17 14:54:00,-0.20331442492221743,0.06776730007433122
13339,201,1,860.12,1,1,3,113,Lost,1,United Kingdom,2011-05-23 08:31:00,2011-05-23 08:31:00,-1.0743273415741563,0.7488875083339538
14577,13,4,859.71,5,3,3,533,Loyal Customers,0,United Kingdom,2010-12-12 11:26:00,2011-11-27 12:47:00,0.7741955775454914,-0.592894882027574
14553,19,5,859.27,4,3,3,433,Loyal Customers,2,United Kingdom,2011-01-04 15:40:00,2011-11-20 13:20:00,0.8026796649337828,-0.29723046780340473
13566,41,2,856.84,3,1,3,313,Need Attention,2,United Kingdom,2011-09-18 12:40:00,2011-10-30 11:59:00,-0.10928197362790384,-0.09306246865402981
16163,232,2,856.6,1,1,3,113,Lost,1,United Kingdom,2010-12-09 16:28:00,2011-04-21 15:15:00,-0.7639181210060291,0.9930016196717913
12693,127,4,855.91,2,3,3,233,At Risk,2,Germany,2011-01-24 12:58:00,2011-08-04 17:51:00,-0.07325367607083814,0.8083765765551143
17064,59,3,855.45,3,2,3,323,Need Attention,2,United Kingdom,2011-01-16 16:10:00,2011-10-12 10:18:00,0.014012262399512745,0.24250003859435484
16037,270,3,855.02,1,2,3,123,Lost,2,United Kingdom,2010-12-16 10:18:00,2011-03-15 09:13:00,-0.5621926133487412,1.198149351778355
12878,236,2,854.99,1,1,3,113,Lost,1,United Kingdom,2011-03-18 14:02:00,2011-04-17 13:07:00,-0.7713113557063875,1.0031079033019192
17560,95,4,854.95,2,3,3,233,At Risk,2,United Kingdom,2011-02-02 11:14:00,2011-09-06 09:18:00,0.036108804740757075,0.625596337629109
16121,57,2,854.66,3,1,3,313,Need Attention,2,United Kingdom,2011-05-08 11:52:00,2011-10-13 12:59:00,-0.23378725409539336,0.11062845074399438
14193,68,2,853.39,3,1,3,313,Need Attention,2,United Kingdom,2011-03-15 11:38:00,2011-10-03 09:34:00,-0.3008306427597005,0.22017900623740477
13991,12,6,852.88,5,3,3,533,Loyal Customers,2,United Kingdom,2011-07-19 12:58:00,2011-11-27 16:18:00,1.1031876828660379,-0.5140689092437466
15022,12,4,852.39,5,3,3,533,Loyal Customers,0,United Kingdom,2011-10-23 15:47:00,2011-11-28 12:35:00,0.7984549230895109,-0.6429852459146048
12379,82,2,852.24,2,1,3,213,Hibernating,2,Belgium,2011-06-22 16:32:00,2011-09-19 10:09:00,-0.3720373395502507,0.33679803891260895
16070,22,2,852.15,4,1,3,413,Recent Customers,0,United Kingdom,2011-11-07 16:36:00,2011-11-17 15:50:00,0.11814840235423665,-0.4767997161597314
16020,17,3,851.01,4,2,3,423,Potential Loyalists,0,United Kingdom,2011-10-05 13:54:00,2011-11-23 11:18:00,0.4714629625507397,-0.5226345478698703
18096,12,3,849.06,5,2,3,523,Potential Loyalists,0,United Kingdom,2011-10-07 11:55:00,2011-11-28 12:44:00,0.5946872233836099,-0.7297659985445604
12713,1,1,848.55,5,1,3,513,Recent Customers,0,Germany,2011-12-09 12:16:00,2011-12-09 12:16:00,0.682225543148666,-2.1817296394834558
14657,18,4,848.22,4,3,3,433,Loyal Customers,2,United Kingdom,2011-01-17 15:19:00,2011-11-22 12:47:00,0.6511680553305139,-0.4041971630119906
16347,11,2,847.45,5,1,3,513,Recent Customers,0,United Kingdom,2011-11-03 13:01:00,2011-11-28 13:14:00,0.3640522105442971,-0.8912424707762869
13221,240,2,847.41,1,1,3,113,Lost,1,United Kingdom,2010-12-15 13:24:00,2011-04-13 16:58:00,-0.781922240972118,1.0104784743672865
16877,12,6,846.62,5,3,3,533,Loyal Customers,2,United Kingdom,2011-05-15 16:13:00,2011-11-27 13:47:00,1.0996987293654354,-0.51674881428397
14803,162,3,845.55,2,2,3,223,Hibernating,2,United Kingdom,2011-02-20 13:21:00,2011-06-30 13:58:00,-0.3732715468714203,0.8718246571362347
12847,22,1,843.64,4,1,3,413,Recent Customers,0,United Kingdom,2011-11-17 13:16:00,2011-11-17 13:16:00,-0.2534944927166431,-0.6355492348563496
17624,15,2,843.48,4,1,3,413,Recent Customers,0,United Kingdom,2011-05-05 17:59:00,2011-11-25 10:52:00,0.25193439543955454,-0.7105786355966862
17929,11,4,843.0,5,3,3,533,Loyal Customers,0,United Kingdom,2011-02-04 11:40:00,2011-11-28 16:01:00,0.8237849454203203,-0.6977568050409569
13929,169,2,842.65,2,1,3,213,Hibernating,1,United Kingdom,2011-01-17 15:11:00,2011-06-23 15:26:00,-0.6512732503878202,0.7871866819725286
16108,85,1,842.5,2,1,3,213,Hibernating,1,United Kingdom,2011-09-16 11:48:00,2011-09-16 11:48:00,-0.7579341294662838,0.20002717195379877
16560,27,2,841.41,4,1,3,413,Recent Customers,0,United Kingdom,2010-12-16 14:36:00,2011-11-13 10:35:00,0.03699859923598005,-0.35671194131030365
14862,26,2,841.2,4,1,3,413,Recent Customers,0,United Kingdom,2011-07-14 11:20:00,2011-11-14 10:01:00,0.05077275217207238,-0.3798574980836718
17076,36,3,841.08,3,2,3,323,Need Attention,2,United Kingdom,2010-12-10 10:08:00,2011-11-03 17:53:00,0.19065713002725249,-0.070124135468033
14332,23,3,840.21,4,2,3,423,Potential Loyalists,0,United Kingdom,2011-07-15 10:33:00,2011-11-17 11:54:00,0.35552021506069226,-0.34490868694992066
13940,17,4,839.14,4,3,3,433,Loyal Customers,0,United Kingdom,2011-07-18 16:05:00,2011-11-22 15:15:00,0.6667245785498956,-0.44238741530516684
17115,8,3,837.5,5,2,3,523,Potential Loyalists,0,United Kingdom,2011-04-20 14:46:00,2011-12-01 14:30:00,0.7286650492295235,-0.9678667483925407
16554,42,3,837.1,3,2,3,323,Need Attention,2,United Kingdom,2011-01-12 12:41:00,2011-10-28 14:51:00,0.13100327088837674,0.023419693599027305
15832,254,1,836.79,1,1,3,113,Lost,1,United Kingdom,2011-03-30 15:29:00,2011-03-30 15:29:00,-1.1763546340068145,0.8865885591259572
12728,71,4,836.33,3,3,3,333,Loyal Customers,2,France,2011-01-11 13:31:00,2011-09-29 15:31:00,0.13557434428206622,0.4352141450546945
16747,38,2,836.06,3,1,3,313,Need Attention,2,United Kingdom,2011-10-03 10:18:00,2011-11-02 11:37:00,-0.09260004747988654,-0.1489731349405415
17169,58,2,835.78,3,1,3,313,Need Attention,2,United Kingdom,2011-06-09 13:16:00,2011-10-13 10:25:00,-0.2508966089526438,0.1133391325091496
13835,25,4,834.57,4,3,3,433,Loyal Customers,2,United Kingdom,2011-05-08 15:22:00,2011-11-14 15:37:00,0.523668204379375,-0.2112600021350251
17075,18,4,834.12,4,3,3,433,Loyal Customers,0,United Kingdom,2011-01-26 13:20:00,2011-11-22 11:58:00,0.6432293380220772,-0.4102949824653352
16644,178,2,833.78,2,1,3,213,Hibernating,1,United Kingdom,2011-05-11 12:53:00,2011-06-15 12:39:00,-0.6759911092073636,0.8160403092989456
15862,8,4,832.88,5,3,3,533,Loyal Customers,0,United Kingdom,2010-12-01 11:21:00,2011-12-01 13:28:00,0.9279591899708906,-0.8845221875073938
14644,68,2,830.76,3,1,3,313,Need Attention,2,United Kingdom,2011-02-14 14:14:00,2011-10-03 08:30:00,-0.31355879224214545,0.2104023692186452
16924,21,3,829.89,4,2,3,423,Potential Loyalists,0,United Kingdom,2011-09-16 12:54:00,2011-11-18 12:53:00,0.3829054508650817,-0.4045640289639751
13681,18,4,827.83,4,3,3,433,Loyal Customers,0,United Kingdom,2011-07-07 15:21:00,2011-11-22 11:13:00,0.6396445516150581,-0.413048497855734
12461,94,2,826.88,2,1,3,213,Hibernating,2,Switzerland,2011-07-08 10:23:00,2011-09-06 16:57:00,-0.43792746069223887,0.41141337617317536
12781,64,2,826.74,3,1,3,313,Need Attention,2,Czech Republic,2011-02-28 08:43:00,2011-10-07 10:37:00,-0.2930433727447812,0.17077969064892096
16494,297,1,826.53,1,1,3,113,Lost,1,United Kingdom,2011-02-16 12:49:00,2011-02-16 12:49:00,-1.2417239583032758,0.9808869854207375
12427,22,3,825.8,4,2,3,423,Potential Loyalists,0,Germany,2010-12-03 10:44:00,2011-11-18 08:56:00,0.3635852041777932,-0.3781816593581848
15164,69,3,824.58,3,2,3,323,Need Attention,2,United Kingdom,2011-01-04 14:21:00,2011-10-02 12:05:00,-0.062279130610097384,0.32685183106844806
16164,17,3,822.48,4,2,3,423,Potential Loyalists,0,United Kingdom,2011-10-28 09:12:00,2011-11-22 15:04:00,0.45531369784777737,-0.5350389825709625
12778,20,6,822.23,4,3,3,433,Loyal Customers,2,Netherlands,2011-01-31 14:35:00,2011-11-20 11:30:00,0.902658947785637,-0.2233638253668455
13893,298,1,821.1,1,1,3,113,Lost,1,United Kingdom,2011-02-15 11:30:00,2011-02-15 11:30:00,-1.2461252017284925,0.9806130529211328
17921,64,4,820.23,3,3,3,333,Loyal Customers,2,United Kingdom,2011-03-18 13:19:00,2011-10-06 18:56:00,0.16543891045853734,0.3633048701697862
17759,17,3,819.96,4,2,3,423,Potential Loyalists,0,United Kingdom,2011-06-23 13:35:00,2011-11-22 16:02:00,0.45386047006990615,-0.5361552234282387
13220,78,4,819.29,2,3,3,233,At Risk,2,United Kingdom,2011-04-17 10:59:00,2011-09-22 13:38:00,0.09038311655895946,0.4865436581779143
16092,115,3,817.86,2,2,3,223,Hibernating,2,United Kingdom,2011-03-30 15:38:00,2011-08-17 10:46:00,-0.25909968499196795,0.6440729904366697
16869,23,4,817.12,4,3,3,433,Loyal Customers,2,United Kingdom,2011-06-17 13:01:00,2011-11-17 12:02:00,0.5442372576157657,-0.2696885160102089
16943,212,3,816.73,1,2,3,123,Lost,2,United Kingdom,2011-01-25 14:00:00,2011-05-12 11:57:00,-0.4918953966321051,1.028814145241319
15649,336,2,816.0,1,1,3,113,Lost,1,United Kingdom,2010-12-07 10:06:00,2011-01-07 13:34:00,-0.927888300132117,1.2092887248962467
15399,1,3,815.77,5,2,3,523,Potential Loyalists,0,United Kingdom,2011-09-21 15:57:00,2011-12-08 13:04:00,1.2907696876014485,-1.9309183193224655
13811,184,3,814.5,1,2,3,123,Lost,2,Germany,2011-04-14 18:40:00,2011-06-09 09:54:00,-0.4393528136841617,0.9384749764936016
18064,133,2,814.0,2,1,3,213,Hibernating,1,United Kingdom,2011-04-18 15:08:00,2011-07-29 16:39:00,-0.5767554127727524,0.6237530474932632
16600,4,6,813.52,5,3,3,533,Loyal Customers,0,United Kingdom,2011-01-05 12:13:00,2011-12-05 16:00:00,1.4458149462773204,-1.1369893222584277
16621,52,4,813.48,3,3,3,333,Loyal Customers,2,United Kingdom,2011-03-07 11:32:00,2011-10-19 11:38:00,0.23948956022590473,0.23091559563752978
14421,57,2,813.11,3,1,3,313,Need Attention,2,United Kingdom,2011-05-12 10:49:00,2011-10-13 13:24:00,-0.2573895840920697,0.09249923144996078
16284,31,2,812.68,4,1,3,413,Recent Customers,0,United Kingdom,2011-10-20 13:54:00,2011-11-08 16:12:00,-0.030463164290567404,-0.2846993657477642
17980,166,3,811.45,2,2,3,223,Hibernating,2,United Kingdom,2010-12-15 15:50:00,2011-06-27 12:01:00,-0.40202741302279393,0.8722193318534597
16460,28,3,811.23,4,2,3,423,Potential Loyalists,2,United Kingdom,2011-09-19 10:15:00,2011-11-11 13:46:00,0.2666073077650961,-0.23770958590902586
16276,177,1,810.6,2,1,3,213,Hibernating,1,United Kingdom,2011-06-16 09:34:00,2011-06-16 09:34:00,-1.0540931102017046,0.6471342095179202
16624,81,2,810.57,2,1,3,213,Hibernating,2,United Kingdom,2011-05-26 14:20:00,2011-09-20 12:39:00,-0.39114807934928386,0.31087808228260044
15965,17,4,808.87,4,3,3,433,Loyal Customers,0,United Kingdom,2010-12-07 13:18:00,2011-11-22 16:44:00,0.6493255334162519,-0.4557518206320577
14499,26,3,808.44,4,2,3,423,Potential Loyalists,2,United Kingdom,2011-03-06 11:55:00,2011-11-13 13:01:00,0.29227296707525835,-0.28426317866565787
15533,19,3,807.57,4,2,3,423,Potential Loyalists,0,United Kingdom,2011-09-11 15:41:00,2011-11-20 15:35:00,0.40640241741922933,-0.4749019140250075
12421,16,4,807.04,4,3,3,433,Loyal Customers,0,Spain,2011-01-24 15:09:00,2011-11-24 09:07:00,0.6700873087353338,-0.49281048577868497
13707,267,2,806.41,1,1,3,113,Lost,1,United Kingdom,2011-01-28 13:27:00,2011-03-17 18:03:00,-0.8459726971149648,1.0597562374338378
12434,85,2,806.14,2,1,3,213,Hibernating,2,Australia,2011-03-24 13:05:00,2011-09-16 12:38:00,-0.41193719318096056,0.3390777367380458
13637,52,3,804.3,3,2,3,323,Need Attention,2,United Kingdom,2011-04-27 13:06:00,2011-10-18 13:32:00,0.03220112445105507,0.14143052541353276
18248,123,2,804.02,2,1,3,213,Hibernating,1,United Kingdom,2011-06-06 13:18:00,2011-08-09 10:19:00,-0.5529703887184028,0.5700987411349282
12422,96,3,803.56,2,2,3,223,Hibernating,2,Australia,2011-01-19 09:13:00,2011-09-05 09:48:00,-0.19912165886256508,0.5242586374421615
15644,166,4,803.54,2,3,3,233,At Risk,2,United Kingdom,2011-03-23 15:37:00,2011-06-26 14:54:00,-0.20475251786775275,0.9540128871366952
18265,72,2,801.51,3,1,3,313,Need Attention,2,United Kingdom,2011-07-04 15:26:00,2011-09-28 14:10:00,-0.3520600910817454,0.23308814198462977
17114,6,8,801.12,5,4,3,543,Champions,3,United Kingdom,2011-01-09 11:39:00,2011-12-04 12:17:00,1.5374139290193107,-0.8331419327731489
16367,37,2,800.67,3,1,3,313,Need Attention,0,United Kingdom,2010-12-12 12:01:00,2011-11-02 13:13:00,-0.10316036759382262,-0.18117308060614512
15561,12,4,800.59,5,3,3,533,Loyal Customers,0,United Kingdom,2011-05-08 11:38:00,2011-11-28 11:07:00,0.7687635876057657,-0.6657914998816216
13720,117,4,799.9,2,3,3,233,At Risk,2,United Kingdom,2011-03-30 09:17:00,2011-08-15 12:46:00,-0.07423120285834554,0.732189610833691
17905,71,4,798.99,3,3,3,333,Loyal Customers,2,United Kingdom,2010-12-01 13:21:00,2011-09-29 17:33:00,0.11394382741612417,0.4185994979515832
17703,35,3,798.74,3,2,3,323,Need Attention,2,United Kingdom,2011-07-24 13:30:00,2011-11-04 15:51:00,0.17666258205962565,-0.1062820263323347
13280,122,3,798.46,2,2,3,223,Hibernating,2,United Kingdom,2011-01-06 17:10:00,2011-08-09 13:14:00,-0.29285119079014754,0.6724855425620065
16438,6,5,798.35,5,3,3,533,Loyal Customers,0,United Kingdom,2011-09-18 13:31:00,2011-12-04 10:51:00,1.1688841286802478,-0.9895002478435082
13389,11,3,797.96,5,2,3,523,Potential Loyalists,0,United Kingdom,2011-04-21 12:12:00,2011-11-28 14:01:00,0.5958676045612885,-0.8030871729164828
12701,80,2,797.71,2,1,3,213,Hibernating,2,Germany,2011-04-11 13:02:00,2011-09-21 10:47:00,-0.39403448106636585,0.29728229796413463
13336,77,1,795.12,2,1,3,213,Hibernating,1,United Kingdom,2011-09-23 14:05:00,2011-09-23 14:05:00,-0.7480473494962766,0.11707600079436176
15831,58,3,794.64,3,2,3,323,Need Attention,2,United Kingdom,2011-01-19 14:52:00,2011-10-12 13:14:00,-0.014488590058419458,0.20502207800146777
15990,44,2,792.11,3,1,3,313,Need Attention,2,United Kingdom,2011-02-25 15:35:00,2011-10-26 15:58:00,-0.1728373077111653,-0.07789930600207762
13167,19,4,791.33,4,3,3,433,Loyal Customers,0,United Kingdom,2011-07-19 12:13:00,2011-11-21 12:24:00,0.5986960261513774,-0.3969345417474218
14976,57,7,790.86,3,4,3,343,Loyal Customers,2,United Kingdom,2011-01-17 11:09:00,2011-10-13 16:37:00,0.6169852340762066,0.4575933743841378
13016,73,3,789.89,2,2,3,223,Hibernating,2,United Kingdom,2011-08-08 15:00:00,2011-09-27 14:08:00,-0.10386090931016549,0.3464452555350094
16759,8,3,789.79,5,2,3,523,Potential Loyalists,0,United Kingdom,2011-11-09 09:06:00,2011-12-02 12:42:00,0.7008880040501639,-0.9892026141086714
13329,32,2,789.0,4,1,3,413,Recent Customers,0,United Kingdom,2010-12-08 10:11:00,2011-11-08 10:29:00,-0.056221692386712395,-0.2759485979337796
14557,85,1,788.38,2,1,3,213,Hibernating,1,United Kingdom,2011-09-15 15:48:00,2011-09-15 15:48:00,-0.7893763683373393,0.17587602909336833
13323,3,5,787.85,5,3,3,533,Loyal Customers,0,United Kingdom,2011-09-16 13:23:00,2011-12-06 17:12:00,1.3763866211764382,-1.3490765476226236
13884,7,5,787.6,5,3,3,533,Loyal Customers,0,United Kingdom,2011-03-01 13:40:00,2011-12-02 16:30:00,1.1114554907608891,-0.9097811138876696
16546,291,2,787.15,1,1,3,113,Lost,1,United Kingdom,2010-12-02 12:07:00,2011-02-22 11:20:00,-0.8901830684336774,1.1053338587277612
13212,20,3,786.83,4,2,3,423,Potential Loyalists,0,United Kingdom,2011-10-09 14:48:00,2011-11-20 12:40:00,0.37544377560451475,-0.45343589928092604
13109,60,2,786.54,3,1,3,313,Need Attention,2,United Kingdom,2011-07-05 14:56:00,2011-10-11 10:16:00,-0.29238718102636657,0.1123843767855058
12628,4,3,786.46,5,2,3,523,Potential Loyalists,0,Germany,2011-10-06 09:28:00,2011-12-05 13:15:00,0.9234204612865078,-1.3633585712720273
15806,46,3,784.58,3,2,3,323,Need Attention,2,United Kingdom,2011-03-08 09:24:00,2011-10-24 14:35:00,0.06634047184131919,0.05623716980076631
18136,63,3,784.33,3,2,3,323,Need Attention,2,United Kingdom,2011-01-24 12:08:00,2011-10-07 15:40:00,-0.05174678302726513,0.2518397505884524
17180,56,4,783.97,3,3,3,333,Loyal Customers,2,United Kingdom,2011-01-27 18:05:00,2011-10-14 15:46:00,0.1941972189305415,0.2635996304952994
16054,145,1,783.9,2,1,3,213,Hibernating,1,United Kingdom,2011-07-17 13:08:00,2011-07-17 13:08:00,-0.9942510328740547,0.5093196394430116
15952,34,4,781.91,3,3,3,333,Loyal Customers,2,United Kingdom,2011-04-28 12:55:00,2011-11-06 11:18:00,0.3792529057247636,-0.04652997468662662
17006,5,4,781.78,5,3,3,533,Loyal Customers,0,United Kingdom,2011-09-25 12:15:00,2011-12-05 12:09:00,1.0528614870149557,-1.1645925580377503
15679,24,4,781.28,4,3,3,433,Loyal Customers,2,United Kingdom,2011-06-10 08:24:00,2011-11-15 16:19:00,0.5074029261898506,-0.2601249909645562
13583,156,1,781.03,2,1,3,213,Hibernating,1,United Kingdom,2011-07-07 10:40:00,2011-07-07 10:40:00,-1.0237359912001365,0.5540340651406026
15239,10,2,780.59,5,1,3,513,Recent Customers,0,United Kingdom,2011-09-22 09:53:00,2011-11-29 14:14:00,0.3583712919321862,-0.9762963037321906
17797,22,3,780.43,4,2,3,423,Potential Loyalists,0,United Kingdom,2011-06-10 11:29:00,2011-11-17 13:21:00,0.33682516680426894,-0.3987363497607626
18228,57,2,779.9,3,1,3,313,Need Attention,2,United Kingdom,2011-09-21 10:48:00,2011-10-14 09:21:00,-0.2771374003608063,0.07733070818278223
12735,315,2,779.57,1,1,3,113,Lost,1,France,2011-01-06 14:26:00,2011-01-28 13:37:00,-0.9249387255125523,1.151887775326792
17411,12,3,778.94,5,2,3,523,Potential Loyalists,0,United Kingdom,2011-03-23 13:44:00,2011-11-27 14:25:00,0.553867199026028,-0.761120325565266
13375,89,1,778.65,2,1,3,213,Hibernating,1,United Kingdom,2011-09-12 10:19:00,2011-09-12 10:19:00,-0.8126237259997268,0.20017913342784865
14815,37,2,778.5,3,1,3,313,Need Attention,0,United Kingdom,2011-10-03 11:36:00,2011-11-03 11:36:00,-0.11645775837859315,-0.19138695837200612
17414,44,2,778.0,3,1,3,313,Need Attention,2,United Kingdom,2011-06-08 11:43:00,2011-10-27 12:13:00,-0.18134881719622048,-0.08443709366963172
16505,32,1,777.6,4,1,3,413,Recent Customers,0,United Kingdom,2011-11-08 12:14:00,2011-11-08 12:14:00,-0.43000332745502706,-0.4363409072545388
13563,84,2,777.53,2,1,3,213,Hibernating,2,United Kingdom,2011-07-22 17:21:00,2011-09-16 14:45:00,-0.4245814181104806,0.31851920650715404
12425,78,1,777.2,2,1,3,213,Hibernating,1,Portugal,2011-09-22 17:31:00,2011-09-22 17:31:00,-0.7637084317000268,0.1168601173928813
15618,33,4,776.85,4,3,3,433,Loyal Customers,2,United Kingdom,2011-07-26 10:13:00,2011-11-07 08:34:00,0.3872516417318123,-0.06726773113122365
15743,16,4,775.96,4,3,3,433,Loyal Customers,0,United Kingdom,2011-06-08 10:14:00,2011-11-23 17:19:00,0.6514896506970517,-0.5070955593701034
13314,2,3,775.94,5,2,3,523,Potential Loyalists,0,United Kingdom,2011-09-27 10:20:00,2011-12-08 12:29:00,1.1121776986037935,-1.6920876145112478
13341,261,1,775.85,1,1,3,113,Lost,1,United Kingdom,2011-03-24 09:50:00,2011-03-24 09:50:00,-1.2225078244153642,0.8762513723582095
16825,39,2,775.18,3,1,3,313,Need Attention,2,United Kingdom,2011-06-07 09:44:00,2011-11-01 11:51:00,-0.1380755024312464,-0.16042480823476135
15414,10,3,774.9,5,2,3,523,Potential Loyalists,0,United Kingdom,2011-04-11 13:45:00,2011-11-30 09:50:00,0.6152190710250525,-0.8689133449356427
16043,38,4,773.99,3,3,3,333,Loyal Customers,2,United Kingdom,2011-01-26 11:14:00,2011-11-02 12:50:00,0.333094498587745,0.018367409132395224
16222,318,1,773.55,1,1,3,113,Lost,1,United Kingdom,2011-01-25 13:38:00,2011-01-25 13:38:00,-1.299108734621694,0.9999596064515474
15075,78,1,773.03,2,1,3,213,Hibernating,1,United Kingdom,2011-09-23 12:27:00,2011-09-23 12:27:00,-0.7662560353886906,0.1149032738968121
17764,51,2,772.55,3,1,3,313,Need Attention,2,United Kingdom,2011-05-12 16:11:00,2011-10-20 11:03:00,-0.2399074791817828,0.004661153738667598
17409,185,2,771.85,1,1,3,113,Lost,1,United Kingdom,2011-04-05 16:42:00,2011-06-08 10:36:00,-0.7271943291900512,0.8122845939178126
15353,255,2,770.12,1,1,3,113,Lost,1,United Kingdom,2010-12-07 11:49:00,2011-03-30 12:15:00,-0.8502788174187074,1.0139670502616025
14412,43,2,770.03,3,1,3,313,Need Attention,2,United Kingdom,2011-09-28 08:48:00,2011-10-28 10:45:00,-0.1776403343258787,-0.1024288340946288
12965,89,1,769.81,2,1,3,213,Hibernating,1,United Kingdom,2011-09-11 15:31:00,2011-09-11 15:31:00,-0.8180306124198624,0.19602604220243255
16480,76,1,769.29,2,1,3,213,Hibernating,1,United Kingdom,2011-09-25 11:40:00,2011-09-25 11:40:00,-0.7587572814754563,0.09688356955023592
13356,80,1,768.24,2,1,3,213,Hibernating,1,United Kingdom,2011-09-20 14:33:00,2011-09-20 14:33:00,-0.7787498595211624,0.12849165544550342
14672,235,2,765.55,1,1,3,113,Lost,1,United Kingdom,2011-01-07 15:48:00,2011-04-19 10:19:00,-0.8220233621542357,0.9602342720002099
17695,132,2,765.34,2,1,3,213,Hibernating,1,United Kingdom,2011-06-21 12:35:00,2011-07-31 10:40:00,-0.6030840399243961,0.5965832319139784
14885,132,1,765.32,2,1,3,213,Hibernating,1,United Kingdom,2011-07-31 12:05:00,2011-07-31 12:05:00,-0.9699859567007036,0.44147531280446267
17516,15,5,764.88,4,3,3,433,Loyal Customers,0,United Kingdom,2011-02-27 12:41:00,2011-11-24 16:51:00,0.8328133203718815,-0.48101728658577086
17268,108,4,763.64,2,3,3,233,At Risk,2,United Kingdom,2011-04-08 13:20:00,2011-08-24 10:06:00,-0.06589280824030096,0.6650212674646184
17466,10,2,763.28,5,1,3,513,Recent Customers,0,United Kingdom,2011-09-22 09:16:00,2011-11-29 13:15:00,0.34775206031658884,-0.9844530568459894
16806,103,4,762.16,2,3,3,233,At Risk,2,United Kingdom,2011-04-14 19:59:00,2011-08-28 15:27:00,-0.04887397625074335,0.6345479313789065
15599,27,2,761.74,4,1,3,413,Recent Customers,0,United Kingdom,2011-05-19 13:05:00,2011-11-13 11:44:00,-0.010108574659589146,-0.3928954997130212
14883,19,6,761.59,4,3,3,433,Loyal Customers,2,United Kingdom,2011-05-12 09:49:00,2011-11-21 10:23:00,0.8850166365182863,-0.28216078737112865
17425,19,2,759.17,4,1,3,413,Recent Customers,0,United Kingdom,2011-10-10 11:37:00,2011-11-20 15:30:00,0.11682281554707058,-0.607426559813594
16036,87,2,758.92,2,1,3,213,Hibernating,2,United Kingdom,2011-03-21 13:01:00,2011-09-13 14:53:00,-0.4493031230302744,0.3316959360088884
15568,3,3,758.29,5,2,3,523,Potential Loyalists,0,United Kingdom,2011-09-27 14:37:00,2011-12-07 11:27:00,0.9913879391146591,-1.5180847988781256
16725,302,7,758.27,1,4,3,143,At Risk,2,United Kingdom,2010-12-03 16:02:00,2011-02-10 16:52:00,-0.03449557869365159,1.4903666378321967
12413,67,3,758.1,3,2,3,323,Need Attention,2,France,2011-01-06 16:12:00,2011-10-04 09:00:00,-0.09101256443059039,0.27789967536568566
16205,31,4,757.63,4,3,3,433,Loyal Customers,2,United Kingdom,2011-06-13 11:33:00,2011-11-09 09:32:00,0.39854697765695096,-0.11481207460344395
14550,11,2,757.37,5,1,3,513,Recent Customers,0,United Kingdom,2011-10-26 12:14:00,2011-11-29 12:12:00,0.3108331033675496,-0.932120674952561
16770,58,5,757.1,3,3,3,333,Loyal Customers,2,United Kingdom,2010-12-02 15:49:00,2011-10-13 12:21:00,0.32948429352619063,0.34251794478432784
15223,226,2,755.75,1,1,3,113,Lost,1,United Kingdom,2011-04-04 12:17:00,2011-04-28 11:31:00,-0.8132715469897752,0.930899502014191
13370,372,1,754.87,1,1,3,113,Lost,1,United Kingdom,2010-12-03 10:26:00,2010-12-03 10:26:00,-1.3704238477624726,1.0902078882209465
18104,37,1,754.64,3,1,3,313,Need Attention,0,United Kingdom,2011-11-02 14:07:00,2011-11-02 14:07:00,-0.49808766648092695,-0.35780761586573046
14234,22,4,754.12,4,3,3,433,Loyal Customers,2,United Kingdom,2011-10-13 13:58:00,2011-11-17 17:53:00,0.522499747035569,-0.325853128887815
16470,52,4,752.77,3,3,3,333,Loyal Customers,2,United Kingdom,2010-12-16 11:53:00,2011-10-19 12:11:00,0.20276024205027685,0.20270338676577598
13730,136,2,752.6,2,1,3,213,Hibernating,1,United Kingdom,2011-07-01 12:47:00,2011-07-27 08:35:00,-0.6223521718473628,0.6092622936902038
13030,11,2,752.44,5,1,3,513,Recent Customers,0,United Kingdom,2010-12-06 14:31:00,2011-11-28 14:30:00,0.30774065763563696,-0.9344960178461075
16256,267,1,752.43,1,1,3,113,Lost,1,United Kingdom,2011-03-18 12:18:00,2011-03-18 12:18:00,-1.2456716605857383,0.8794565320979468
12908,176,2,750.0,2,1,3,213,Hibernating,1,United Kingdom,2011-01-31 12:37:00,2011-06-16 15:39:00,-0.7218468599188602,0.7703981779928609
17146,106,3,749.78,2,2,3,223,Hibernating,2,United Kingdom,2010-12-16 12:20:00,2011-08-26 12:44:00,-0.2694059300713607,0.561262365996845
14923,51,1,749.1,3,1,3,313,Need Attention,1,United Kingdom,2011-10-20 11:51:00,2011-10-20 11:51:00,-0.6213933207981027,-0.1616488446413914
15656,45,4,748.5,3,3,3,333,Loyal Customers,2,United Kingdom,2011-02-28 15:32:00,2011-10-25 14:56:00,0.25417679593738995,0.11083700863400703
16859,145,2,747.81,2,1,3,213,Hibernating,1,United Kingdom,2011-03-23 13:39:00,2011-07-18 12:19:00,-0.649680486725812,0.6472745776684562
14201,60,7,747.44,3,4,3,343,Loyal Customers,2,United Kingdom,2010-12-15 13:25:00,2011-10-10 13:27:00,0.5709814248742973,0.46902452234635866
17387,20,2,746.81,4,1,3,413,Recent Customers,0,United Kingdom,2011-11-06 11:25:00,2011-11-20 11:00:00,0.0904121635395499,-0.5824671821441886
14050,32,2,746.36,4,1,3,413,Recent Customers,0,United Kingdom,2011-08-25 13:46:00,2011-11-08 10:00:00,-0.08253066340184476,-0.29615681911367475
17034,16,3,745.52,4,2,3,423,Potential Loyalists,0,United Kingdom,2011-02-25 10:10:00,2011-11-23 15:14:00,0.43062544583977186,-0.6070083329104763
13950,11,4,745.06,5,3,3,533,Loyal Customers,0,United Kingdom,2011-04-07 11:29:00,2011-11-28 14:44:00,0.7652995316404955,-0.7426801194792371
14790,17,4,745.06,4,3,3,433,Loyal Customers,0,United Kingdom,2011-03-31 11:49:00,2011-11-23 09:28:00,0.6104126701340303,-0.48564123544413285
13236,25,2,744.85,4,1,3,413,Recent Customers,0,United Kingdom,2011-08-25 08:58:00,2011-11-15 12:50:00,0.00758289692711048,-0.44803072261543697
13354,71,1,743.53,3,1,3,313,Need Attention,1,United Kingdom,2011-09-29 13:17:00,2011-09-29 13:17:00,-0.7492380913665844,0.0419335397225187
16730,52,3,743.11,3,2,3,323,Need Attention,2,United Kingdom,2011-01-24 14:01:00,2011-10-18 14:11:00,-0.00526949531597709,0.11264891432108816
12374,25,1,742.93,4,1,3,413,Recent Customers,0,Austria,2011-11-14 15:37:00,2011-11-14 15:37:00,-0.360528811066069,-0.6040678961788035
16891,2,5,742.43,5,3,3,533,Loyal Customers,0,United Kingdom,2010-12-03 11:35:00,2011-12-08 11:15:00,1.45816242613991,-1.5530464274067342
12465,17,2,742.19,4,1,3,413,Recent Customers,0,Belgium,2011-06-23 13:37:00,2011-11-22 16:34:00,0.146358977145968,-0.6824458784662188
14662,29,4,741.37,4,3,3,433,Loyal Customers,2,United Kingdom,2011-01-27 17:41:00,2011-11-11 12:13:00,0.4129273180189871,-0.16361635688756573
13753,288,1,741.26,1,1,3,113,Lost,1,United Kingdom,2011-02-25 12:48:00,2011-02-25 12:48:00,-1.2815717159301916,0.9218405225638991
13900,183,3,740.95,1,2,3,123,Lost,2,United Kingdom,2011-03-22 10:13:00,2011-06-09 19:26:00,-0.4820993366592636,0.9006145684861271
17692,127,4,740.94,2,3,3,233,At Risk,2,United Kingdom,2010-12-15 13:37:00,2011-08-04 14:01:00,-0.1415626682095496,0.7559076593587397
15252,36,2,740.78,3,1,3,313,Need Attention,0,United Kingdom,2011-06-09 14:15:00,2011-11-03 13:30:00,-0.12978864997815356,-0.22635744528365173
12603,22,1,739.2,4,1,3,413,Recent Customers,0,Germany,2011-11-18 10:42:00,2011-11-18 10:42:00,-0.31607832338838265,-0.6836205901279863
14756,15,1,738.96,4,1,3,413,Recent Customers,0,United Kingdom,2011-11-24 18:13:00,2011-11-24 18:13:00,-0.17760291314975607,-0.913797514679457
12976,212,1,738.6,1,1,3,113,Lost,1,United Kingdom,2011-05-12 09:55:00,2011-05-12 09:55:00,-1.1667131972970135,0.727097272660029
17461,23,3,735.82,4,2,3,423,Potential Loyalists,0,United Kingdom,2011-11-10 12:01:00,2011-11-17 10:21:00,0.2926956928647022,-0.3931649201308979
15074,105,1,735.67,2,1,3,213,Hibernating,1,United Kingdom,2011-08-26 14:45:00,2011-08-26 14:45:00,-0.9020168633855228,0.283257467256106
15045,152,2,735.66,2,1,3,213,Hibernating,1,United Kingdom,2011-03-27 11:44:00,2011-07-11 11:33:00,-0.6753265768888532,0.6710046653254486
15215,47,3,734.94,3,2,3,323,Need Attention,2,United Kingdom,2011-09-04 12:24:00,2011-10-24 11:41:00,0.02734822160017753,0.04581071744184667
15525,2,3,734.37,5,2,3,523,Potential Loyalists,0,United Kingdom,2010-12-01 13:17:00,2011-12-07 14:43:00,1.086104191014373,-1.7121149735440135
16146,157,3,734.13,2,2,3,223,Hibernating,2,United Kingdom,2011-04-21 15:25:00,2011-07-05 14:20:00,-0.42828407416625713,0.8006770706845754
17979,36,4,732.41,3,3,3,333,Loyal Customers,2,United Kingdom,2011-03-25 11:34:00,2011-11-04 12:05:00,0.3270568797445129,-0.035089474808893094
13575,23,5,732.07,4,3,3,433,Loyal Customers,2,United Kingdom,2011-06-16 14:24:00,2011-11-16 13:14:00,0.6571658876290094,-0.23992483447782006
16099,50,3,731.9,3,2,3,323,Need Attention,2,United Kingdom,2011-04-28 08:34:00,2011-10-20 13:13:00,0.0022270523641405716,0.08273528040717051
16491,47,1,731.5,3,1,3,313,Need Attention,0,United Kingdom,2011-10-24 10:18:00,2011-10-24 10:18:00,-0.602075131889578,-0.22103816169618326
14778,127,2,730.86,2,1,3,213,Hibernating,1,United Kingdom,2011-02-04 11:43:00,2011-08-04 15:23:00,-0.6102748659180706,0.555524765643973
13736,5,2,729.8,5,1,3,513,Recent Customers,0,United Kingdom,2011-03-24 13:04:00,2011-12-04 15:19:00,0.5580552178479972,-1.3850186061279885
12468,188,2,729.54,1,1,3,113,Lost,1,Germany,2011-01-27 13:29:00,2011-06-05 11:36:00,-0.760001856848318,0.8019227204026231
16261,17,4,728.54,4,3,3,433,Loyal Customers,0,United Kingdom,2011-04-07 19:05:00,2011-11-22 17:23:00,0.5997954607064082,-0.4937964352922473
17666,4,2,728.16,5,1,3,513,Recent Customers,0,United Kingdom,2011-10-05 11:06:00,2011-12-06 09:06:00,0.6266364325924545,-1.5014170196030043
13077,1,4,728.02,5,3,3,533,Loyal Customers,0,United Kingdom,2010-12-08 14:59:00,2011-12-08 19:24:00,1.4387927728582115,-1.8869556418550932
13623,31,5,727.74,4,3,3,433,Loyal Customers,2,United Kingdom,2011-02-15 13:08:00,2011-11-09 12:00:00,0.5444629277071061,-0.059710455716740884
14055,106,1,725.64,2,1,3,213,Hibernating,1,United Kingdom,2011-08-25 15:04:00,2011-08-25 15:04:00,-0.9121038583436857,0.28421713432488566
16140,66,2,725.18,3,1,3,313,Need Attention,2,United Kingdom,2010-12-03 14:40:00,2011-10-05 12:15:00,-0.36668747666069706,0.14231656747858681
12723,4,5,725.07,5,3,3,533,Loyal Customers,0,France,2011-10-05 15:52:00,2011-12-06 10:19:00,1.251824623637831,-1.2378212171193053
15636,90,2,724.76,2,1,3,213,Hibernating,2,United Kingdom,2011-03-02 14:50:00,2011-09-11 11:17:00,-0.4839169322811055,0.3361960400375867
12475,54,1,723.38,3,1,3,313,Need Attention,1,Germany,2011-10-17 10:10:00,2011-10-17 10:10:00,-0.659362868975794,-0.13879895769851114
17521,30,3,723.21,4,2,3,423,Potential Loyalists,2,United Kingdom,2011-05-24 15:14:00,2011-11-10 11:22:00,0.18674467590728167,-0.23720654491686002
15272,57,2,721.94,3,1,3,313,Need Attention,2,United Kingdom,2011-09-14 16:36:00,2011-10-13 12:59:00,-0.3137046893366777,0.049242955790318205
14869,9,2,721.45,5,1,3,513,Recent Customers,0,United Kingdom,2011-08-28 16:09:00,2011-12-01 12:36:00,0.3574720385194765,-1.0653732040424335
15584,24,4,720.86,4,3,3,433,Loyal Customers,2,United Kingdom,2011-06-30 16:39:00,2011-11-16 10:55:00,0.4692895823911243,-0.2894002857279676
18062,173,3,720.52,2,2,3,223,Hibernating,2,United Kingdom,2011-01-06 10:03:00,2011-06-19 14:47:00,-0.47399236973160314,0.8550207161638299
16023,46,3,719.81,3,2,3,323,Need Attention,2,United Kingdom,2011-03-18 13:32:00,2011-10-24 16:34:00,0.025540941807291363,0.02489858470410166
15274,4,2,716.57,5,1,3,513,Recent Customers,0,United Kingdom,2011-11-21 14:17:00,2011-12-05 16:57:00,0.6190391884691776,-1.5072525496019744
12535,92,2,716.35,2,1,3,213,Hibernating,2,France,2011-06-06 12:47:00,2011-09-09 08:48:00,-0.4977480910397872,0.3457328090686633
15400,92,5,716.2,2,3,3,233,At Risk,2,United Kingdom,2011-03-06 11:27:00,2011-09-08 13:57:00,0.12935456610931573,0.6107991348367303
17029,111,2,716.0,2,1,3,213,Hibernating,1,United Kingdom,2011-04-17 10:57:00,2011-08-21 11:06:00,-0.5689926824281507,0.46340335559023876
17888,21,8,716.0,4,4,3,443,Champions,2,United Kingdom,2010-12-17 13:56:00,2011-11-18 13:45:00,1.046783775792657,-0.14805877272090537
15330,32,2,714.96,4,1,3,413,Recent Customers,0,United Kingdom,2011-10-10 12:30:00,2011-11-07 17:50:00,-0.10288269891393557,-0.31178945008403286
15757,66,2,714.42,3,1,3,313,Need Attention,2,United Kingdom,2011-05-06 11:40:00,2011-10-05 12:14:00,-0.3737657349276937,0.13687967644451265
18035,36,3,713.89,3,2,3,323,Need Attention,2,United Kingdom,2011-10-27 17:48:00,2011-11-04 12:39:00,0.11301589415172865,-0.12976125568647653
12616,95,2,713.3,2,1,3,213,Hibernating,2,France,2011-02-15 14:17:00,2011-09-05 15:17:00,-0.5118963239542904,0.36430763781283265
13169,64,2,712.88,3,1,3,313,Need Attention,2,United Kingdom,2011-04-01 14:24:00,2011-10-07 12:11:00,-0.36321091062946204,0.11688320323378329
13147,10,4,712.8,5,3,3,533,Loyal Customers,0,United Kingdom,2011-09-01 12:28:00,2011-11-29 13:59:00,0.7775785038256121,-0.8139387551471744
17761,33,1,712.78,4,1,3,413,Recent Customers,0,United Kingdom,2011-11-07 10:23:00,2011-11-07 10:23:00,-0.4826219543889308,-0.4490736431666805
13416,44,2,712.5,3,1,3,313,Need Attention,2,United Kingdom,2011-09-19 14:43:00,2011-10-27 08:56:00,-0.22299324035382073,-0.11642465082623377
13587,64,1,712.4,3,1,3,313,Need Attention,1,United Kingdom,2011-10-07 12:31:00,2011-10-07 12:31:00,-0.7304193735481902,-0.0384601774695864
17642,120,2,712.29,2,1,3,213,Hibernating,1,United Kingdom,2011-06-16 12:55:00,2011-08-12 09:11:00,-0.6009777579891667,0.5105119134769792
15855,137,5,712.24,2,3,3,233,At Risk,2,United Kingdom,2011-03-21 12:32:00,2011-07-26 10:20:00,-0.024027838289312254,0.8589680749519183
13705,8,3,711.86,5,2,3,523,Potential Loyalists,0,United Kingdom,2010-12-01 10:29:00,2011-12-02 12:32:00,0.6516955985314162,-1.026987862742005
17179,178,3,711.79,2,2,3,223,Hibernating,2,United Kingdom,2010-12-13 14:24:00,2011-06-14 16:48:00,-0.4905865813022959,0.8685468907189922
13249,92,3,711.41,2,2,3,223,Hibernating,2,United Kingdom,2011-03-23 15:26:00,2011-09-08 13:26:00,-0.2407123650716608,0.4532601320071285
14867,186,3,710.28,1,2,3,123,Lost,2,United Kingdom,2011-01-07 16:34:00,2011-06-07 11:39:00,-0.5082941414503682,0.8954919879237455
16362,32,5,709.99,4,3,3,433,Loyal Customers,2,United Kingdom,2011-09-09 14:47:00,2011-11-07 13:01:00,0.521016179375964,-0.049183983456409355
14127,123,3,709.71,2,2,3,223,Hibernating,2,United Kingdom,2011-02-02 12:26:00,2011-08-09 10:49:00,-0.35173915577585124,0.6347619954922202
16136,60,3,709.38,3,2,3,323,Need Attention,2,United Kingdom,2011-03-07 09:52:00,2011-10-11 09:10:00,-0.08096704377914768,0.18487384493318412
15951,9,2,708.22,5,1,3,513,Recent Customers,0,United Kingdom,2011-02-27 11:57:00,2011-12-01 08:34:00,0.34870848739961907,-1.0721045877689022
16449,198,2,707.69,1,1,3,113,Lost,1,United Kingdom,2011-03-04 12:15:00,2011-05-26 10:25:00,-0.7940949459278992,0.8235477145259605
12453,134,1,707.09,2,1,3,213,Hibernating,1,Austria,2011-07-28 14:08:00,2011-07-28 14:08:00,-1.0131593908284733,0.4221546501574209
16309,106,2,706.57,2,1,3,213,Hibernating,1,United Kingdom,2011-04-13 11:46:00,2011-08-25 15:35:00,-0.5578242959019166,0.42962967887731035
14126,8,3,706.13,5,2,3,523,Potential Loyalists,0,United Kingdom,2011-11-29 12:21:00,2011-12-02 11:45:00,0.6478689151058546,-1.0299271819956812
16364,12,2,705.79,5,1,3,513,Recent Customers,0,United Kingdom,2011-07-25 14:35:00,2011-11-28 11:27:00,0.24685847394339128,-0.9070324799951595
16882,67,3,705.12,3,2,3,323,Need Attention,2,United Kingdom,2011-01-26 17:43:00,2011-10-04 10:42:00,-0.12531692551676596,0.251550103736081
16015,4,3,704.55,5,2,3,523,Potential Loyalists,0,United Kingdom,2011-10-21 12:56:00,2011-12-06 10:58:00,0.8713416161842523,-1.4033609271229859
17934,52,2,704.25,3,1,3,313,Need Attention,2,United Kingdom,2011-10-12 10:50:00,2011-10-19 11:16:00,-0.2910138238563547,-0.016929814208727217
12612,74,1,704.04,2,1,3,213,Hibernating,1,Germany,2011-09-26 15:35:00,2011-09-26 15:35:00,-0.7906728296844184,0.04796343968127842
17974,25,3,703.99,4,2,3,423,Potential Loyalists,0,United Kingdom,2011-05-04 11:50:00,2011-11-15 11:37:00,0.24118082385951572,-0.35850624086035976
12883,25,4,703.47,4,3,3,433,Loyal Customers,2,United Kingdom,2011-09-11 15:18:00,2011-11-15 09:32:00,0.44274484345475673,-0.27341816009736314
15103,31,2,703.36,4,1,3,413,Recent Customers,0,United Kingdom,2011-09-14 13:54:00,2011-11-08 14:53:00,-0.09887318049094763,-0.33724588067996514
16997,288,3,702.0,1,2,3,123,Lost,1,United Kingdom,2011-01-18 11:51:00,2011-02-24 17:28:00,-0.6801367916673868,1.1671911694840769
14179,41,2,701.57,3,1,3,313,Need Attention,0,United Kingdom,2011-10-18 14:00:00,2011-10-30 12:07:00,-0.20395782862298037,-0.16578407441488366
14198,18,4,701.4,4,3,3,433,Loyal Customers,0,United Kingdom,2011-04-14 14:54:00,2011-11-21 16:35:00,0.5611661047033759,-0.4733286894350151
14356,80,2,701.23,2,1,3,213,Hibernating,2,United Kingdom,2011-09-19 14:43:00,2011-09-21 09:18:00,-0.4550758170269796,0.2503957505009569
13238,17,4,700.73,4,3,3,433,Loyal Customers,0,United Kingdom,2010-12-14 14:37:00,2011-11-22 15:37:00,0.5813671754796902,-0.507951411692256
17734,54,3,700.63,3,2,3,323,Need Attention,2,United Kingdom,2011-04-20 10:04:00,2011-10-17 12:33:00,-0.047291318670663905,0.11472180319334216
17812,13,4,699.81,5,3,3,533,Loyal Customers,0,United Kingdom,2010-12-06 15:27:00,2011-11-27 11:47:00,0.6767467377653734,-0.6677464490792883
17423,46,2,698.41,3,1,3,313,Need Attention,2,United Kingdom,2011-05-06 09:14:00,2011-10-24 13:36:00,-0.24906164797119898,-0.09612204700393666
14829,29,4,697.55,4,3,3,433,Loyal Customers,2,United Kingdom,2010-12-02 16:12:00,2011-11-10 16:16:00,0.38407921346554225,-0.1857749155442856
17472,191,3,697.54,1,2,3,123,Lost,2,United Kingdom,2011-02-13 14:40:00,2011-06-01 14:57:00,-0.5269435845959926,0.9056369720434785
15800,107,2,696.89,2,1,3,213,Hibernating,1,United Kingdom,2011-04-07 12:39:00,2011-08-24 14:23:00,-0.5679093160688617,0.4305098606727538
15700,172,2,696.68,2,1,3,213,Hibernating,1,United Kingdom,2011-06-19 15:36:00,2011-06-20 16:53:00,-0.7480343336154057,0.7290857192141605
14009,198,2,695.61,1,1,3,113,Lost,1,United Kingdom,2011-05-18 13:00:00,2011-05-25 15:47:00,-0.8022468568872658,0.8172861385938976
14959,64,4,695.42,3,3,3,333,Loyal Customers,2,United Kingdom,2011-02-16 13:00:00,2011-10-06 18:23:00,0.08727422919180747,0.3032656855667263
17884,4,4,695.07,5,3,3,533,Loyal Customers,0,United Kingdom,2010-12-03 12:11:00,2011-12-06 11:33:00,1.066841404654737,-1.322930851562268
15304,61,8,694.4,3,4,3,343,Loyal Customers,2,United Kingdom,2010-12-06 11:42:00,2011-10-10 10:23:00,0.6364949624651423,0.4976165804157922
12925,5,2,694.05,5,1,3,513,Recent Customers,0,United Kingdom,2011-09-26 11:05:00,2011-12-05 11:11:00,0.5342734531102085,-1.4032856512964613
15053,5,3,693.95,5,2,3,523,Potential Loyalists,0,United Kingdom,2011-03-03 12:06:00,2011-12-05 12:08:00,0.7945175020638024,-1.2932939788222586
14643,170,2,693.81,2,1,3,213,Hibernating,1,United Kingdom,2010-12-16 17:53:00,2011-06-22 14:41:00,-0.7455469714999823,0.72021299548784
12410,309,2,693.33,1,1,3,113,Lost,1,Switzerland,2011-02-04 10:38:00,2011-02-04 10:39:00,-0.9731285994985089,1.097095304948936
13601,45,2,693.32,3,1,3,313,Need Attention,2,United Kingdom,2011-05-12 16:52:00,2011-10-25 17:31:00,-0.2443096348354184,-0.11241581362637974
14111,14,4,692.85,4,3,3,433,Loyal Customers,0,United Kingdom,2011-04-12 11:36:00,2011-11-25 13:44:00,0.6456590472232021,-0.6276445185260384
17198,24,3,692.22,4,2,3,423,Potential Loyalists,0,United Kingdom,2010-12-03 14:54:00,2011-11-16 10:39:00,0.24818007577762713,-0.3895014783495202
17733,39,2,692.19,3,1,3,313,Need Attention,0,United Kingdom,2011-03-23 09:54:00,2011-11-01 08:16:00,-0.1916931648273221,-0.20160914722793702
14880,77,3,690.59,2,2,3,223,Hibernating,2,United Kingdom,2011-02-24 12:27:00,2011-09-23 13:42:00,-0.18758607499582658,0.3309543192654727
16212,19,2,690.34,4,1,3,413,Recent Customers,0,United Kingdom,2011-03-01 12:51:00,2011-11-20 13:00:00,0.07182054588531585,-0.6419933172287337
17796,40,4,690.0,3,3,3,333,Loyal Customers,2,United Kingdom,2010-12-05 12:23:00,2011-10-30 15:38:00,0.2596000903318489,0.008292824101227074
18085,330,2,689.95,1,1,3,113,Lost,1,United Kingdom,2010-12-01 12:08:00,2011-01-13 15:17:00,-1.0004808971105195,1.1368700393860336
13023,64,2,689.9,3,1,3,313,Need Attention,2,United Kingdom,2011-08-02 09:34:00,2011-10-06 16:27:00,-0.37872517880391304,0.10496651662018727
15181,66,3,689.48,3,2,3,323,Need Attention,2,United Kingdom,2011-03-15 12:03:00,2011-10-04 13:58:00,-0.1302778171183505,0.23400077317146975
17502,9,4,689.1,5,3,3,533,Loyal Customers,0,United Kingdom,2011-11-10 16:39:00,2011-11-30 13:13:00,0.7979763250060141,-0.8866571291731784
13799,117,2,688.86,2,1,3,213,Hibernating,1,United Kingdom,2011-02-18 14:18:00,2011-08-15 12:07:00,-0.6072238533443637,0.4824321670263223
16642,5,2,688.33,5,1,3,513,Recent Customers,0,United Kingdom,2011-05-16 12:35:00,2011-12-05 11:31:00,0.5303551861163597,-1.406295316935153
18196,95,2,686.63,2,1,3,213,Hibernating,1,United Kingdom,2011-02-22 16:13:00,2011-09-05 16:22:00,-0.5299389574636809,0.3504488849024343
12658,19,1,686.05,4,1,3,413,Recent Customers,0,Germany,2011-11-21 10:22:00,2011-11-21 10:22:00,-0.2980204597225539,-0.7993587840447488
15038,59,6,685.74,3,3,3,333,Loyal Customers,2,United Kingdom,2010-12-05 10:54:00,2011-10-12 11:33:00,0.4156741379553649,0.3761331910998751
16122,73,4,684.42,2,3,3,233,At Risk,2,United Kingdom,2010-12-08 11:41:00,2011-09-27 15:34:00,0.03018846380596215,0.37967456507705605
15669,40,4,684.34,3,3,3,333,Loyal Customers,2,United Kingdom,2011-03-21 09:13:00,2011-10-30 16:03:00,0.2557002754728094,0.005297331758072242
17874,185,6,683.46,1,3,3,133,At Risk,2,United Kingdom,2011-03-29 11:25:00,2011-06-07 12:54:00,-0.01809604050052592,1.0921584129309652
14222,177,1,683.17,2,1,3,213,Hibernating,1,United Kingdom,2011-06-15 16:42:00,2011-06-15 16:42:00,-1.1350794406654807,0.5849276839332163
15582,25,3,682.91,4,2,3,423,Potential Loyalists,0,United Kingdom,2011-05-03 13:36:00,2011-11-15 09:55:00,0.22678674686343375,-0.36956249583323414
17341,157,3,682.29,2,2,3,223,Hibernating,2,United Kingdom,2010-12-08 12:46:00,2011-07-06 12:33:00,-0.46295811594454195,0.7740435430922771
18135,29,5,681.91,4,3,3,433,Loyal Customers,2,United Kingdom,2011-06-02 14:04:00,2011-11-10 19:32:00,0.5383182439935179,-0.12428024346302312
17397,22,2,681.41,4,1,3,413,Recent Customers,0,United Kingdom,2011-11-17 13:58:00,2011-11-17 14:08:00,0.012267222491549115,-0.558128259956551
12478,4,1,680.99,5,1,3,513,Recent Customers,0,Greece,2011-12-06 09:56:00,2011-12-06 09:56:00,0.22803622417525413,-1.680872758630507
18082,26,1,680.84,4,1,3,413,Recent Customers,0,United Kingdom,2011-11-14 12:45:00,2011-11-14 12:45:00,-0.4162691074423116,-0.6118840512458058
13524,41,5,680.18,3,3,3,333,Loyal Customers,2,United Kingdom,2011-05-04 12:26:00,2011-10-30 12:34:00,0.4085838303489094,0.08809778231424133
16872,77,3,680.02,2,2,3,223,Hibernating,2,United Kingdom,2011-06-08 14:32:00,2011-09-23 16:05:00,-0.19488883882149532,0.3253449829471207
15322,86,1,679.68,2,1,3,213,Hibernating,1,United Kingdom,2011-09-15 09:34:00,2011-09-15 09:34:00,-0.864041346909331,0.12924596851378442
13430,19,2,679.45,4,1,3,413,Recent Customers,0,United Kingdom,2011-09-14 14:26:00,2011-11-21 08:19:00,0.06429218876203566,-0.6477759343360687
14788,7,2,679.44,5,1,3,513,Recent Customers,0,United Kingdom,2011-11-13 15:52:00,2011-12-02 17:06:00,0.4143064500155718,-1.228650867077885
13925,93,4,678.25,2,3,3,233,At Risk,2,United Kingdom,2011-07-28 12:09:00,2011-09-08 12:47:00,-0.06548437059199061,0.5280375186129999
13548,96,2,678.16,2,1,3,213,Hibernating,1,United Kingdom,2011-04-10 11:35:00,2011-09-04 14:50:00,-0.5397742822838533,0.35250422036389895
13388,131,2,677.1,2,1,3,213,Hibernating,1,United Kingdom,2011-07-31 12:52:00,2011-07-31 12:52:00,-0.6582050247250099,0.5472452506291468
13040,9,2,676.99,5,1,3,513,Recent Customers,0,United Kingdom,2011-11-06 13:53:00,2011-12-01 10:38:00,0.3273557282083488,-1.0885058860291055
16377,267,1,676.2,1,1,3,113,Lost,1,United Kingdom,2011-03-17 15:41:00,2011-03-17 15:41:00,-1.296249579749685,0.8406070546061816
15626,75,2,675.8,2,1,3,213,Hibernating,2,United Kingdom,2011-01-14 10:10:00,2011-09-26 10:03:00,-0.4482258150861306,0.19657026875973355
17462,60,2,675.69,3,1,3,313,Need Attention,2,United Kingdom,2011-02-28 17:01:00,2011-10-10 13:56:00,-0.36431700486538665,0.057134257397189664
15574,178,4,675.64,2,3,3,233,At Risk,2,United Kingdom,2010-12-02 15:46:00,2011-06-15 12:01:00,-0.3133512946577658,0.9349477937808242
18156,13,2,675.64,5,1,3,513,Recent Customers,0,United Kingdom,2010-12-05 12:29:00,2011-11-27 12:24:00,0.1978789356271984,-0.8759299785700392
12942,131,3,675.6,2,2,3,223,Hibernating,2,United Kingdom,2010-12-09 09:34:00,2011-07-31 14:39:00,-0.39894277576160886,0.6564827913151914
13607,40,1,675.51,3,1,3,313,Need Attention,0,United Kingdom,2011-10-30 16:17:00,2011-10-30 16:17:00,-0.579564196264847,-0.3499249164779284
13325,82,1,675.3,2,1,3,213,Hibernating,1,United Kingdom,2011-09-19 10:36:00,2011-09-19 10:36:00,-0.8491225790586758,0.09705705092230331
17994,122,4,674.89,2,3,3,233,At Risk,2,United Kingdom,2011-02-22 11:02:00,2011-08-10 11:41:00,-0.17055094400173548,0.6966902139544107
13838,6,4,674.82,5,3,3,533,Loyal Customers,0,United Kingdom,2010-12-05 10:45:00,2011-12-04 11:00:00,0.9243109688349771,-1.1203815965943815
13355,122,1,674.7,2,1,3,213,Hibernating,1,United Kingdom,2011-08-09 14:48:00,2011-08-09 14:48:00,-0.9997999532071901,0.34608851120763456
13464,58,1,674.68,3,1,3,313,Need Attention,1,United Kingdom,2011-10-12 15:01:00,2011-10-12 15:01:00,-0.7191803349633722,-0.11964131241860199
17749,178,2,674.52,2,1,3,213,Hibernating,1,United Kingdom,2011-03-28 13:39:00,2011-06-14 15:45:00,-0.7763629431913959,0.7389435570080869
13951,176,3,674.45,2,2,3,223,Hibernating,2,United Kingdom,2011-02-18 15:21:00,2011-06-16 16:43:00,-0.5118076492511039,0.8418269406597007
14504,47,4,673.26,3,3,3,333,Loyal Customers,2,United Kingdom,2011-03-06 14:38:00,2011-10-23 16:00:00,0.1877579430449024,0.09928771166517478
13258,12,3,672.83,5,2,3,523,Potential Loyalists,0,United Kingdom,2011-05-18 13:11:00,2011-11-28 09:31:00,0.48452709784733794,-0.8143812493942257
14628,91,2,671.96,2,1,3,213,Hibernating,1,United Kingdom,2011-04-11 14:43:00,2011-09-09 14:58:00,-0.5239064391509994,0.3156147484511616
12838,34,2,671.95,3,1,3,313,Need Attention,0,United Kingdom,2010-12-01 11:57:00,2011-11-06 12:20:00,-0.15473513824572524,-0.29705199160039475
12638,33,1,671.69,4,1,3,413,Recent Customers,0,Sweden,2011-11-06 13:11:00,2011-11-06 13:11:00,-0.5107347285828078,-0.4706673861740962
12418,113,1,668.58,2,1,3,213,Hibernating,1,Switzerland,2011-08-19 11:08:00,2011-08-19 11:08:00,-0.9750876120110011,0.29460459011418927
14342,21,4,668.56,4,3,3,433,Loyal Customers,0,United Kingdom,2011-05-13 13:50:00,2011-11-18 13:21:00,0.48246022962059365,-0.3978304114027794
13741,72,3,668.43,3,2,3,323,Need Attention,2,United Kingdom,2011-05-06 13:43:00,2011-09-29 09:19:00,-0.17772061934199226,0.2770955273613181
16268,71,2,667.65,3,1,3,313,Need Attention,2,United Kingdom,2011-09-29 18:30:00,2011-09-29 18:30:00,-0.43331666473001973,0.15788276197495005
15969,3,3,666.1,5,2,3,523,Potential Loyalists,0,United Kingdom,2011-06-07 12:19:00,2011-12-07 11:06:00,0.93001142927789,-1.5652287972244705
17105,159,2,665.78,2,1,3,213,Hibernating,1,United Kingdom,2011-02-06 14:46:00,2011-07-03 15:53:00,-0.7396729289726703,0.6630654589791772
13963,308,4,664.54,1,3,3,133,At Risk,2,United Kingdom,2010-12-07 09:21:00,2011-02-04 14:43:00,-0.5297480270760688,1.2750243915342145
17883,3,4,664.34,5,3,3,533,Loyal Customers,0,United Kingdom,2011-04-07 19:16:00,2011-12-06 17:49:00,1.1306727039874425,-1.4808341251207682
16208,45,2,664.26,3,1,3,313,Need Attention,2,United Kingdom,2011-02-23 13:37:00,2011-10-26 11:36:00,-0.26458215937861496,-0.12798737131322863
13596,6,2,664.11,5,1,3,513,Recent Customers,0,United Kingdom,2011-11-27 11:57:00,2011-12-04 12:01:00,0.45451049433235285,-1.321600408146738
15643,192,3,664.0,1,2,3,123,Lost,2,United Kingdom,2011-03-02 14:34:00,2011-06-01 07:38:00,-0.5522590091356286,0.8910093338580836
14720,6,3,663.81,5,2,3,523,Potential Loyalists,0,United Kingdom,2011-08-05 12:06:00,2011-12-04 12:02:00,0.71460884947325,-1.2117206447544158
13240,96,4,663.65,2,3,3,233,At Risk,2,United Kingdom,2010-12-09 12:49:00,2011-09-04 14:08:00,-0.08778806067833786,0.5400397007630797
16573,85,2,663.61,2,1,3,213,Hibernating,1,United Kingdom,2011-02-22 15:14:00,2011-09-16 09:13:00,-0.5040640690976709,0.26831403092580347
16774,68,4,661.52,3,3,3,333,Loyal Customers,2,United Kingdom,2011-06-14 12:45:00,2011-10-03 12:41:00,0.04080020451418934,0.32294926295676485
13028,23,2,661.32,4,1,3,413,Recent Customers,0,United Kingdom,2011-10-25 14:09:00,2011-11-17 11:10:00,-0.018159099786393778,-0.5420312829960641
14603,275,1,660.0,1,1,3,113,Lost,1,United Kingdom,2011-03-10 10:27:00,2011-03-10 10:27:00,-1.318966263802287,0.8504351623963637
15492,28,2,659.46,4,1,3,413,Recent Customers,0,United Kingdom,2011-09-26 14:02:00,2011-11-11 14:53:00,-0.09178261482689845,-0.42308822510412597
13759,33,2,659.41,4,1,3,413,Recent Customers,0,United Kingdom,2011-09-29 15:40:00,2011-11-06 14:47:00,-0.15258090770917887,-0.3222789794621797
16357,33,3,658.88,4,2,3,423,Potential Loyalists,2,United Kingdom,2011-05-10 10:35:00,2011-11-06 16:04:00,0.10735068739715026,-0.2125273063574091
14150,36,2,658.64,3,1,3,313,Need Attention,0,United Kingdom,2010-12-15 10:04:00,2011-11-04 10:05:00,-0.18543482165369052,-0.26909990542726103
16696,135,4,657.9,2,3,3,233,At Risk,2,United Kingdom,2011-04-05 15:20:00,2011-07-27 14:23:00,-0.22100180510235998,0.7511099708601393
14818,74,3,657.8,2,2,3,223,Hibernating,2,United Kingdom,2011-03-31 12:28:00,2011-09-27 11:01:00,-0.195635139293892,0.28840029818471563
17459,43,2,657.3,3,1,3,313,Need Attention,0,United Kingdom,2011-10-10 17:00:00,2011-10-27 13:25:00,-0.2525884576356218,-0.15999734378625435
15677,49,1,657.23,3,1,3,313,Need Attention,1,United Kingdom,2011-10-21 15:36:00,2011-10-21 15:36:00,-0.6683605140857467,-0.23409632518419782
17321,8,2,657.16,5,1,3,513,Recent Customers,0,United Kingdom,2011-10-03 11:34:00,2011-12-01 13:41:00,0.3535281755973101,-1.1661089119921095
16157,16,3,656.69,4,2,3,423,Potential Loyalists,0,United Kingdom,2011-09-28 11:48:00,2011-11-24 11:41:00,0.37055528851134734,-0.6531489069719127
13049,64,2,656.68,3,1,3,313,Need Attention,2,United Kingdom,2011-01-25 16:33:00,2011-10-06 15:31:00,-0.40208995481817034,0.08701976525377147
16708,46,1,656.63,3,1,3,313,Need Attention,0,United Kingdom,2011-10-25 12:20:00,2011-10-25 12:20:00,-0.6451566401649731,-0.2736535008316367
17299,12,4,656.61,5,3,3,533,Loyal Customers,0,United Kingdom,2011-06-19 16:04:00,2011-11-28 12:01:00,0.6748878022057814,-0.7378985630468098
16127,39,1,656.25,3,1,3,313,Need Attention,0,United Kingdom,2011-10-31 13:58:00,2011-10-31 13:58:00,-0.5838265915562143,-0.37609767736672045
14894,85,1,655.75,2,1,3,213,Hibernating,1,United Kingdom,2011-09-15 13:51:00,2011-09-15 13:51:00,-0.8765946274655416,0.10888268791045562
14725,25,1,655.58,4,1,3,413,Recent Customers,0,United Kingdom,2011-11-15 12:42:00,2011-11-15 12:42:00,-0.41975197820464755,-0.6495578873997419
16444,46,4,654.67,3,3,3,333,Loyal Customers,2,United Kingdom,2011-03-20 12:14:00,2011-10-24 13:50:00,0.1825437770338197,0.07575871070432623
14651,67,2,653.75,3,1,3,313,Need Attention,2,United Kingdom,2011-05-12 16:29:00,2011-10-03 15:52:00,-0.4214429790866245,0.1139970536144431
17398,115,3,653.38,2,2,3,223,Hibernating,2,United Kingdom,2011-03-29 13:04:00,2011-08-17 09:48:00,-0.3654171708769842,0.5624093149999138
18151,135,2,653.35,2,1,3,213,Hibernating,1,United Kingdom,2011-02-23 08:29:00,2011-07-28 11:35:00,-0.6865135774410942,0.5531853604322863
13496,11,2,653.33,5,1,3,513,Recent Customers,0,United Kingdom,2010-12-15 10:17:00,2011-11-29 10:58:00,0.24086690738099906,-0.9858625093556954
18121,149,2,653.3,2,1,3,213,Hibernating,1,United Kingdom,2011-07-08 12:14:00,2011-07-13 12:53:00,-0.7239781301687966,0.6152708272400791
15205,85,2,653.24,2,1,3,213,Hibernating,1,United Kingdom,2011-08-04 16:07:00,2011-09-15 19:36:00,-0.5115207085641833,0.2625865009699057
15031,4,4,653.19,5,3,3,533,Loyal Customers,0,United Kingdom,2011-03-02 14:46:00,2011-12-05 14:19:00,1.0374189138556296,-1.3455306028558403
14548,151,2,652.8,2,1,3,213,Hibernating,1,United Kingdom,2011-01-26 08:38:00,2011-07-12 12:19:00,-0.7294002568893009,0.6233890294607572
17523,11,4,652.74,5,3,3,533,Loyal Customers,0,United Kingdom,2011-11-20 13:40:00,2011-11-28 13:20:00,0.7026653333650934,-0.7907901626826263
16056,45,1,650.75,3,1,3,313,Need Attention,0,United Kingdom,2011-10-25 15:19:00,2011-10-25 15:19:00,-0.6411998983544003,-0.2905581244438338
15571,12,4,650.43,5,3,3,533,Loyal Customers,0,United Kingdom,2011-09-22 13:15:00,2011-11-28 10:02:00,0.6704107761046003,-0.7413374179388842
16969,39,3,650.41,3,2,3,323,Need Attention,2,United Kingdom,2011-06-01 12:10:00,2011-10-31 13:12:00,0.03914328092432245,-0.11420579071385967
17779,21,3,650.32,4,2,3,423,Potential Loyalists,0,United Kingdom,2011-07-19 12:19:00,2011-11-18 14:15:00,0.26745030649157886,-0.49324644427069675
14034,22,3,648.89,4,2,3,423,Potential Loyalists,0,United Kingdom,2011-07-05 13:06:00,2011-11-17 14:02:00,0.24942764934102624,-0.46586738131859534
16495,3,3,648.26,5,2,3,523,Potential Loyalists,0,United Kingdom,2011-03-08 16:38:00,2011-12-06 13:20:00,0.9171586335185227,-1.5751011764724434
17777,25,3,647.56,4,2,3,423,Potential Loyalists,0,United Kingdom,2011-08-31 14:35:00,2011-11-15 12:02:00,0.20162245344975221,-0.3888914770711154
17373,40,4,646.92,3,3,3,333,Loyal Customers,2,United Kingdom,2011-01-31 11:46:00,2011-10-30 15:28:00,0.22907746808240867,-0.01515195072680788
16014,38,3,646.83,3,2,3,323,Need Attention,2,United Kingdom,2011-02-21 17:42:00,2011-11-02 12:04:00,0.04620159585489989,-0.13226276153165917
16734,52,3,646.76,3,2,3,323,Need Attention,2,United Kingdom,2011-08-17 15:00:00,2011-10-18 13:44:00,-0.0710199904189594,0.062145207925104896
12589,29,2,646.68,4,1,3,413,Recent Customers,0,France,2011-07-18 12:05:00,2011-11-11 10:19:00,-0.11399785163041097,-0.40871329935185
14044,27,4,646.42,4,3,3,433,Loyal Customers,2,United Kingdom,2011-02-03 11:39:00,2011-11-13 12:05:00,0.374393065811281,-0.25719569700024997
15651,37,3,646.3,3,2,3,323,Need Attention,2,United Kingdom,2011-03-24 08:56:00,2011-11-03 08:41:00,0.05573610683245704,-0.14902763788056617
14855,119,2,645.65,2,1,3,213,Hibernating,1,United Kingdom,2011-07-28 12:06:00,2011-08-12 14:02:00,-0.6443141746533219,0.4695287977615016
12719,5,2,644.95,5,1,3,513,Recent Customers,0,France,2011-10-05 14:50:00,2011-12-04 13:45:00,0.4995360183862162,-1.4299678717345332
17312,139,3,644.3,2,2,3,223,Hibernating,2,United Kingdom,2011-07-03 13:12:00,2011-07-24 11:52:00,-0.44387807477273183,0.6765333842977808
14451,60,2,643.9,3,1,3,313,Need Attention,2,United Kingdom,2011-05-29 12:35:00,2011-10-10 13:38:00,-0.38713242181424523,0.039609475004565055
16383,75,2,643.76,2,1,3,213,Hibernating,2,United Kingdom,2011-03-16 13:00:00,2011-09-26 12:45:00,-0.4712212472070015,0.17890721465706488
14020,17,2,642.8,4,1,3,413,Recent Customers,0,United Kingdom,2011-09-12 15:32:00,2011-11-23 09:22:00,0.07828749189739942,-0.734732363907091
13034,55,2,642.77,3,1,3,313,Need Attention,2,United Kingdom,2010-12-05 14:52:00,2011-10-16 12:21:00,-0.35529467104497,-0.015244822140156204
15384,170,2,642.41,2,1,3,213,Hibernating,1,United Kingdom,2010-12-15 11:34:00,2011-06-23 10:57:00,-0.7819887990449031,0.6922216114537103
17545,43,3,642.32,3,2,3,323,Need Attention,2,United Kingdom,2011-10-27 13:48:00,2011-10-27 14:04:00,-0.003190528353997115,-0.05833669973382845
17046,157,1,642.02,2,1,3,213,Hibernating,1,United Kingdom,2011-07-05 14:24:00,2011-07-05 14:24:00,-1.118961817401437,0.4867779950374135
15297,10,3,641.94,5,2,3,523,Potential Loyalists,0,United Kingdom,2011-10-07 09:42:00,2011-11-29 16:32:00,0.526090989185461,-0.9373736427602247
18218,211,2,641.92,1,1,3,113,Lost,1,United Kingdom,2011-03-03 12:24:00,2011-05-12 12:53:00,-0.8644500870719792,0.8281913642576347
12365,291,2,641.38,1,1,3,113,Lost,1,Cyprus,2011-02-21 13:51:00,2011-02-21 14:04:00,-0.9871518622506837,1.030851020464166
12624,106,2,641.13,2,1,3,213,Hibernating,1,France,2011-06-15 12:34:00,2011-08-25 15:04:00,-0.6038390962857767,0.39428518504777504
13417,5,2,640.83,5,1,3,513,Recent Customers,0,United Kingdom,2011-05-18 16:26:00,2011-12-05 08:49:00,0.4965020722658584,-1.432298280408168
13318,1,3,640.76,5,2,3,523,Potential Loyalists,0,United Kingdom,2011-11-02 13:26:00,2011-12-08 18:51:00,1.1764303294568694,-2.0187436864804544
12631,57,1,640.5,3,1,3,313,Need Attention,1,Finland,2011-10-13 13:53:00,2011-10-13 13:53:00,-0.7372639036614542,-0.14938408079650395
14301,117,1,640.14,2,1,3,213,Hibernating,1,United Kingdom,2011-08-14 15:33:00,2011-08-14 15:33:00,-1.008840945237684,0.30065912533714045
15648,204,2,639.5,1,1,3,113,Lost,1,United Kingdom,2011-03-17 18:59:00,2011-05-19 15:53:00,-0.8534121344209922,0.8055326660958886
17515,31,4,639.02,4,3,3,433,Loyal Customers,2,United Kingdom,2011-01-25 14:33:00,2011-11-08 14:04:00,0.317933539273112,-0.17673217752177808
18160,57,2,638.06,3,1,3,313,Need Attention,2,United Kingdom,2011-05-23 13:41:00,2011-10-13 15:50:00,-0.372181291318609,0.004326409794662651
14754,45,2,638.05,3,1,3,313,Need Attention,0,United Kingdom,2011-02-17 12:21:00,2011-10-26 12:01:00,-0.2836409573367366,-0.14262665174495393
14128,61,2,637.5,3,1,3,313,Need Attention,2,United Kingdom,2011-03-29 10:49:00,2011-10-10 12:00:00,-0.3980729417094762,0.046285178194516864
14481,165,2,636.51,2,1,3,213,Hibernating,1,United Kingdom,2011-02-25 13:53:00,2011-06-28 10:38:00,-0.7750207278423696,0.6700539563187407
14664,20,2,636.24,4,1,3,413,Recent Customers,0,United Kingdom,2011-11-06 14:56:00,2011-11-20 10:59:00,0.014546048766516157,-0.6407408115655354
15829,99,2,636.14,2,1,3,213,Hibernating,1,United Kingdom,2011-07-22 10:23:00,2011-09-01 16:45:00,-0.5816926876886455,0.34855264929728774
15773,6,1,635.68,5,1,3,513,Recent Customers,0,United Kingdom,2011-12-04 12:48:00,2011-12-04 12:48:00,0.06690734057813266,-1.4926091838616478
14000,211,1,635.66,1,1,3,113,Lost,1,United Kingdom,2011-05-12 16:50:00,2011-05-12 16:50:00,-1.2359790225002807,0.6695293792643103
16139,19,3,635.41,4,2,3,423,Potential Loyalists,0,United Kingdom,2011-05-17 10:23:00,2011-11-21 08:37:00,0.2928780804420086,-0.5621012541138727
13892,27,4,632.97,4,3,3,433,Loyal Customers,2,United Kingdom,2011-04-07 12:04:00,2011-11-13 11:50:00,0.36443883409334393,-0.2648416560959629
14220,247,2,632.4,1,1,3,113,Lost,1,United Kingdom,2010-12-16 18:18:00,2011-04-06 13:23:00,-0.9314371290827903,0.9221861758827399
16306,214,6,632.27,1,3,3,133,At Risk,2,United Kingdom,2010-12-07 15:18:00,2011-05-10 12:12:00,-0.11030194127311095,1.1556994277379953
18183,227,2,632.07,1,1,3,113,Lost,1,United Kingdom,2011-03-10 10:08:00,2011-04-26 15:26:00,-0.8995646446108815,0.8686930710856773
13822,6,2,632.0,5,1,3,513,Recent Customers,0,United Kingdom,2011-10-30 15:55:00,2011-12-04 12:13:00,0.4310483202631163,-1.3396219720718199
14021,155,3,631.9,2,2,3,223,Hibernating,2,United Kingdom,2011-03-28 15:10:00,2011-07-07 15:46:00,-0.49441543763118423,0.7380672422037293
15244,65,2,631.57,3,1,3,313,Need Attention,2,United Kingdom,2011-04-05 15:12:00,2011-10-05 13:19:00,-0.4263798387111317,0.08252076281018927
17985,22,1,631.35,4,1,3,413,Recent Customers,0,United Kingdom,2011-11-17 14:24:00,2011-11-17 14:24:00,-0.3907470992724731,-0.7409745298708147
13539,86,3,631.34,2,2,3,223,Hibernating,2,United Kingdom,2011-02-03 15:23:00,2011-09-15 10:18:00,-0.2717682365505134,0.3675593215134085
16418,45,3,631.12,3,2,3,323,Need Attention,2,United Kingdom,2011-04-27 16:54:00,2011-10-26 12:39:00,-0.028498615532571825,-0.03655365881209177
17990,237,3,630.84,1,2,3,123,Lost,1,United Kingdom,2010-12-13 12:10:00,2011-04-17 11:44:00,-0.6565717923461634,1.0052405678466116
13046,31,2,629.31,4,1,3,413,Recent Customers,0,United Kingdom,2011-03-18 15:43:00,2011-11-09 08:36:00,-0.15154134973607594,-0.3777009031372678
13525,15,2,628.78,4,1,3,413,Recent Customers,0,United Kingdom,2011-04-05 15:36:00,2011-11-25 12:01:00,0.11284062458630743,-0.8174181499407225
14687,107,1,628.38,2,1,3,213,Hibernating,1,United Kingdom,2011-08-25 11:59:00,2011-08-25 11:59:00,-0.983791592620365,0.23777956768785238
13518,86,1,627.16,2,1,3,213,Hibernating,1,United Kingdom,2011-09-15 10:29:00,2011-09-15 10:29:00,-0.9021147995097549,0.10000131463549021
15028,8,4,627.13,5,3,3,533,Loyal Customers,0,United Kingdom,2010-12-06 12:47:00,2011-12-01 14:06:00,0.793610836971023,-0.9877166921884919
15402,149,2,626.77,2,1,3,213,Hibernating,1,United Kingdom,2011-05-27 13:32:00,2011-07-14 12:17:00,-0.7436044266217288,0.6001956447316138
14036,285,1,626.65,1,1,3,113,Lost,1,United Kingdom,2011-02-28 09:26:00,2011-02-28 09:26:00,-1.357109514008897,0.854142263025044
12577,35,3,626.6,3,2,3,323,Need Attention,2,France,2010-12-15 16:21:00,2011-11-04 13:24:00,0.06173502515907017,-0.19455919567413704
13914,12,2,626.45,5,1,3,513,Recent Customers,0,United Kingdom,2011-11-03 16:28:00,2011-11-28 10:35:00,0.19040095860360357,-0.9503981424757456
16469,24,4,625.42,4,3,3,433,Loyal Customers,0,United Kingdom,2011-04-07 13:11:00,2011-11-16 12:25:00,0.40204951544401585,-0.3410481492736977
16750,45,5,623.93,3,3,3,333,Loyal Customers,2,United Kingdom,2011-04-21 16:53:00,2011-10-26 12:48:00,0.33296677372223915,0.11437840140344449
12649,107,3,623.51,2,2,3,223,Hibernating,2,Germany,2011-05-11 14:37:00,2011-08-24 14:41:00,-0.3602729544246633,0.5000929675554115
15147,240,1,623.5,1,1,3,113,Lost,1,United Kingdom,2011-04-13 15:57:00,2011-04-13 15:57:00,-1.2940990585248038,0.7437832444090191
13368,257,2,623.4,1,1,3,113,Lost,1,United Kingdom,2011-01-06 12:32:00,2011-03-28 09:59:00,-0.9533234448803934,0.9420340854258478
16431,213,3,623.28,1,2,3,123,Lost,1,United Kingdom,2011-02-15 14:02:00,2011-05-10 14:09:00,-0.62167495595046,0.9334725645130283
15258,169,2,623.16,2,1,3,213,Hibernating,1,United Kingdom,2011-05-06 14:16:00,2011-06-24 12:30:00,-0.7941510052735876,0.677440646266392
17499,290,1,622.88,1,1,3,113,Lost,1,United Kingdom,2011-02-23 09:14:00,2011-02-23 09:14:00,-1.3665867142016481,0.8629350939386005
15182,154,2,622.85,2,1,3,213,Hibernating,1,United Kingdom,2011-03-16 12:42:00,2011-07-08 13:37:00,-0.7591001376380325,0.6187009500050854
17460,94,6,622.43,2,3,3,233,At Risk,2,United Kingdom,2010-12-01 16:24:00,2011-09-06 15:04:00,0.1942737244200771,0.6322216514868896
15768,116,3,621.83,2,2,3,223,Hibernating,2,United Kingdom,2011-04-28 09:20:00,2011-08-16 10:48:00,-0.39212635779387106,0.5498538431856717
18217,29,2,621.75,4,1,3,413,Recent Customers,0,United Kingdom,2011-09-30 10:44:00,2011-11-10 13:18:00,-0.13260921267968867,-0.4230088983825519
16915,9,6,621.68,5,3,3,533,Loyal Customers,0,United Kingdom,2011-03-01 09:52:00,2011-11-30 16:39:00,1.0536919322767393,-0.7953914272943897
17640,87,1,621.66,2,1,3,213,Hibernating,1,United Kingdom,2011-09-14 09:13:00,2011-09-14 09:13:00,-0.9106503988701745,0.10404345769658498
14152,75,2,621.29,2,1,3,213,Hibernating,1,United Kingdom,2011-04-19 15:46:00,2011-09-25 12:54:00,-0.48804046118465677,0.16598818426484824
13402,127,2,621.23,2,1,3,213,Hibernating,1,United Kingdom,2010-12-02 17:12:00,2011-08-04 15:51:00,-0.6872205642509635,0.49642189575756723
13546,12,3,621.09,5,2,3,523,Potential Loyalists,0,United Kingdom,2011-05-23 12:14:00,2011-11-27 14:50:00,0.44664535138531364,-0.8434786515976409
16141,88,1,620.4,2,1,3,213,Hibernating,1,United Kingdom,2011-09-12 13:11:00,2011-09-12 13:11:00,-0.9159272684588768,0.11046890943744565
12667,58,1,620.13,3,1,3,313,Need Attention,1,Finland,2011-10-12 17:00:00,2011-10-12 17:00:00,-0.7590943664948243,-0.15029973599985716
13493,275,2,618.63,1,1,3,113,Lost,1,Switzerland,2011-02-25 16:42:00,2011-03-09 15:35:00,-0.9827220186110789,0.9819945737403751
16613,70,1,618.59,3,1,3,313,Need Attention,1,United Kingdom,2011-09-30 15:52:00,2011-09-30 15:52:00,-0.8309954645662817,-0.033835414922609094
13145,40,4,618.52,3,3,3,333,Loyal Customers,2,United Kingdom,2010-12-02 18:06:00,2011-10-31 12:45:00,0.2078247503704914,-0.031476405983886235
12596,51,2,618.27,3,1,3,313,Need Attention,2,Spain,2011-04-11 13:22:00,2011-10-19 13:02:00,-0.34538288261674865,-0.0763557085485912
13301,104,4,618.09,2,3,3,233,At Risk,2,United Kingdom,2011-02-20 13:13:00,2011-08-28 11:25:00,-0.15173091465457234,0.5644166003313601
16134,22,2,618.09,4,1,3,413,Recent Customers,0,United Kingdom,2010-12-15 14:00:00,2011-11-18 10:05:00,-0.03390604218175277,-0.5935944720170392
14593,22,3,617.15,4,2,3,423,Potential Loyalists,0,United Kingdom,2011-05-25 11:14:00,2011-11-18 12:48:00,0.22568574578680833,-0.4841038086566092
14377,191,2,617.05,1,1,3,113,Lost,1,United Kingdom,2011-03-22 13:38:00,2011-06-01 13:32:00,-0.845303442366243,0.7510058829254248
16311,18,2,616.26,4,1,3,413,Recent Customers,0,United Kingdom,2011-10-21 13:13:00,2011-11-22 08:54:00,0.03767302026983936,-0.7157894080382261
14905,158,2,616.15,2,1,3,213,Hibernating,1,United Kingdom,2011-04-20 10:48:00,2011-07-05 12:41:00,-0.7739529573050744,0.630920433683971
14382,26,1,615.49,4,1,3,413,Recent Customers,0,United Kingdom,2011-11-13 16:18:00,2011-11-13 16:18:00,-0.46404166658464835,-0.6485786996576607
15275,38,1,615.14,3,1,3,313,Need Attention,0,United Kingdom,2011-11-02 11:20:00,2011-11-02 11:20:00,-0.6047810670567009,-0.4156715925215443
16566,15,5,614.66,4,3,3,433,Loyal Customers,0,United Kingdom,2011-02-20 10:29:00,2011-11-24 16:34:00,0.7292906354640001,-0.5605342434652999
16116,212,1,612.78,1,1,3,113,Lost,1,United Kingdom,2011-05-12 12:01:00,2011-05-12 12:01:00,-1.2551303792001083,0.6591830251977068
18022,36,1,612.72,3,1,3,313,Need Attention,0,United Kingdom,2011-11-04 12:45:00,2011-11-04 12:45:00,-0.5865372636520861,-0.4504776386529965
12513,113,1,612.29,2,1,3,213,Hibernating,1,France,2011-08-19 10:51:00,2011-08-19 10:51:00,-1.0167245121842876,0.2626228114477781
18149,51,3,612.08,3,2,3,323,Need Attention,2,United Kingdom,2011-03-11 12:44:00,2011-10-20 12:04:00,-0.08983394427208502,0.03002959583182455
15232,113,2,612.06,2,1,3,213,Hibernating,1,United Kingdom,2011-07-22 12:21:00,2011-08-18 16:27:00,-0.6500128243676371,0.4175846135202818
15645,19,1,612.01,4,1,3,413,Recent Customers,0,United Kingdom,2011-11-21 11:55:00,2011-11-21 11:55:00,-0.3520864364836745,-0.8408874784230795
16109,219,2,611.88,1,1,3,113,Lost,1,United Kingdom,2011-02-04 12:37:00,2011-05-05 09:17:00,-0.9012886636092,0.8342455642217254
16763,199,1,611.85,1,1,3,113,Lost,1,United Kingdom,2011-05-25 11:52:00,2011-05-25 11:52:00,-1.231793117457641,0.618708778685946
13731,219,2,610.59,1,1,3,113,Lost,1,United Kingdom,2011-04-07 10:10:00,2011-05-04 14:33:00,-0.9022877258927227,0.8334781730688633
12673,5,2,610.52,5,1,3,513,Recent Customers,0,Germany,2011-01-17 11:46:00,2011-12-04 13:55:00,0.47356441301173224,-1.449916958511916
15795,150,1,610.01,2,1,3,213,Hibernating,1,United Kingdom,2011-07-13 10:43:00,2011-07-13 10:43:00,-1.125863072265052,0.43945388283852477
14636,36,2,609.85,3,1,3,313,Need Attention,0,United Kingdom,2011-03-16 09:52:00,2011-11-03 16:12:00,-0.22187026328630638,-0.29708638436919915
13357,257,1,609.4,1,1,3,113,Lost,1,United Kingdom,2011-03-27 13:56:00,2011-03-27 13:56:00,-1.3309652744189169,0.7786767166352022
16442,2,3,609.3,5,2,3,523,Potential Loyalists,0,United Kingdom,2010-12-14 10:46:00,2011-12-08 11:43:00,0.9977106255681752,-1.7800110809360081
13933,109,2,608.79,2,1,3,213,Hibernating,1,United Kingdom,2011-07-14 13:35:00,2011-08-22 14:03:00,-0.6389044549736734,0.39299381077251927
12933,24,3,607.53,4,2,3,423,Potential Loyalists,0,United Kingdom,2011-03-01 11:30:00,2011-11-15 16:38:00,0.18639703920741713,-0.43695773452382014
17119,3,2,606.91,5,1,3,513,Recent Customers,0,United Kingdom,2011-10-11 11:03:00,2011-12-06 14:40:00,0.6256438865291463,-1.7091122293318894
16718,369,1,606.05,1,1,3,113,Lost,1,United Kingdom,2010-12-05 13:03:00,2010-12-05 13:03:00,-1.4713015708194943,1.005233798000546
17849,218,4,605.8,1,3,3,133,At Risk,2,United Kingdom,2011-01-10 11:59:00,2011-05-05 13:46:00,-0.4420494812496776,1.0231272768661477
14133,130,3,605.64,2,2,3,223,Hibernating,2,United Kingdom,2011-01-28 11:27:00,2011-08-02 11:34:00,-0.4477894106129883,0.6119109856405667
17507,262,2,605.58,1,1,3,113,Lost,1,United Kingdom,2011-02-03 18:08:00,2011-03-23 11:48:00,-0.9743846531487367,0.9436567574595951
13233,74,2,605.12,2,1,3,213,Hibernating,1,United Kingdom,2011-01-07 14:49:00,2011-09-26 13:25:00,-0.49546449035766843,0.1480027029530086
14323,115,2,605.06,2,1,3,213,Hibernating,1,United Kingdom,2011-04-15 11:44:00,2011-08-17 11:37:00,-0.6621015521345395,0.4244274070032437
17664,19,2,604.64,4,1,3,413,Recent Customers,0,United Kingdom,2011-05-11 14:17:00,2011-11-21 11:29:00,0.009067957554171797,-0.690194297186379
12944,36,2,604.51,3,1,3,313,Need Attention,0,United Kingdom,2010-12-20 10:41:00,2011-11-04 11:04:00,-0.22603351586102893,-0.30028422623117734
16732,32,1,603.75,4,1,3,413,Recent Customers,0,United Kingdom,2011-11-08 09:54:00,2011-11-08 09:54:00,-0.5498140378247535,-0.5283688825592052
12707,292,1,603.42,1,1,3,113,Lost,1,France,2011-02-21 08:38:00,2011-02-21 08:38:00,-1.3842285326356814,0.8557359688228803
16022,260,1,602.63,1,1,3,113,Lost,1,United Kingdom,2011-03-24 13:16:00,2011-03-24 13:16:00,-1.3406697673381034,0.7819435471681684
15366,75,2,602.51,2,1,3,213,Hibernating,1,United Kingdom,2010-12-16 15:59:00,2011-09-25 15:01:00,-0.5025702999749968,0.1548276491069157
12654,11,5,601.98,5,3,3,533,Loyal Customers,0,Germany,2011-02-17 13:16:00,2011-11-29 10:10:00,0.8293170397607839,-0.7504856294139391
14609,72,4,601.56,3,3,3,333,Loyal Customers,2,United Kingdom,2011-02-16 12:10:00,2011-09-28 12:54:00,-0.025706560845224238,0.32412371696562187
16654,141,4,601.27,2,3,3,233,At Risk,2,United Kingdom,2010-12-06 15:09:00,2011-07-21 15:23:00,-0.28010391792361444,0.7457488024597742
12420,64,1,600.39,3,1,3,313,Need Attention,1,Cyprus,2011-10-07 08:55:00,2011-10-07 08:55:00,-0.8114044935777204,-0.10066577330591862
18211,26,5,600.07,4,3,3,433,Loyal Customers,2,United Kingdom,2011-03-06 12:09:00,2011-11-14 08:10:00,0.5180389973641668,-0.23756334624708345
12872,327,2,599.97,1,1,3,113,Lost,1,United Kingdom,2010-12-09 14:44:00,2011-01-17 10:52:00,-1.063158237540982,1.080283525949054
12521,143,1,599.68,2,1,3,213,Hibernating,1,Germany,2011-07-20 10:51:00,2011-07-20 10:51:00,-1.1158157662384394,0.4031531014910779
12556,50,2,599.56,3,1,3,313,Need Attention,2,Spain,2011-07-11 13:35:00,2011-10-20 13:06:00,-0.35251174171400623,-0.09983888526740993
14710,14,4,599.48,4,3,3,433,Loyal Customers,0,United Kingdom,2011-10-11 13:49:00,2011-11-25 14:53:00,0.5771310211932634,-0.6802816781564203
17420,50,3,598.83,3,2,3,323,Need Attention,2,United Kingdom,2010-12-01 09:56:00,2011-10-20 14:52:00,-0.09277617084509436,0.009762219381297938
15720,24,1,598.73,4,1,3,413,Recent Customers,0,United Kingdom,2011-11-15 14:48:00,2011-11-15 14:48:00,-0.4477116378955937,-0.7074054642524563
13311,4,2,598.57,5,1,3,513,Recent Customers,0,United Kingdom,2011-07-12 14:26:00,2011-12-05 12:55:00,0.5338534570840185,-1.5726846830066707
16298,23,3,598.2,4,2,3,423,Potential Loyalists,0,United Kingdom,2011-06-06 10:06:00,2011-11-17 11:59:00,0.19466488608949067,-0.468463502679702
14108,31,2,597.91,4,1,3,413,Recent Customers,0,United Kingdom,2011-08-30 11:32:00,2011-11-09 10:41:00,-0.1757709005180096,-0.39631189788157717
14645,157,2,597.09,2,1,3,213,Hibernating,1,United Kingdom,2011-03-09 09:52:00,2011-07-06 09:15:00,-0.7864175358241294,0.6154954220626819
15381,214,2,596.85,1,1,3,113,Lost,1,United Kingdom,2011-03-16 13:44:00,2011-05-10 11:55:00,-0.904279650827233,0.8106287559301593
14675,16,1,596.36,4,1,3,413,Recent Customers,0,United Kingdom,2011-11-23 12:58:00,2011-11-23 12:58:00,-0.30226681023516794,-0.9533328581115839
14467,18,4,596.26,4,3,3,433,Loyal Customers,0,United Kingdom,2011-01-31 12:35:00,2011-11-22 12:48:00,0.4842815376734411,-0.5323846036692792
18246,24,2,596.1,4,1,3,413,Recent Customers,0,United Kingdom,2011-04-20 13:55:00,2011-11-16 11:49:00,-0.08290598598353009,-0.5539077101320584
14965,96,2,596.09,2,1,3,213,Hibernating,1,United Kingdom,2011-09-04 13:15:00,2011-09-04 13:20:00,-0.6008402478522965,0.30559875461758856
13888,120,2,595.67,2,1,3,213,Hibernating,1,United Kingdom,2011-05-05 14:41:00,2011-08-12 10:13:00,-0.6856258447969558,0.44549275101399755
17658,26,2,595.42,4,1,3,413,Recent Customers,0,United Kingdom,2011-05-12 15:23:00,2011-11-14 12:07:00,-0.11284524393714063,-0.5055343500017652
14284,31,2,595.25,4,1,3,413,Recent Customers,0,United Kingdom,2011-09-14 13:04:00,2011-11-09 08:11:00,-0.1778815064100466,-0.3979330783779691
13558,6,4,594.52,5,3,3,533,Loyal Customers,0,United Kingdom,2011-10-02 13:01:00,2011-12-04 11:24:00,0.8643341811195072,-1.1664504523894903
16788,123,2,594.39,2,1,3,213,Hibernating,1,United Kingdom,2011-03-30 13:05:00,2011-08-08 14:53:00,-0.6959996353262891,0.46023634290645116
16325,47,3,594.24,3,2,3,323,Need Attention,2,United Kingdom,2011-04-08 09:20:00,2011-10-24 08:48:00,-0.07325995791673565,-0.031467574552734724
13959,79,3,594.04,2,2,3,223,Hibernating,2,United Kingdom,2010-12-12 13:56:00,2011-09-21 15:06:00,-0.26855366850843043,0.2922407288943525
12917,128,1,594.0,2,1,3,213,Hibernating,1,United Kingdom,2011-08-03 16:42:00,2011-08-03 16:42:00,-1.078300568074621,0.3299593024443913
15442,249,1,594.0,1,1,3,113,Lost,1,United Kingdom,2011-04-05 12:24:00,2011-04-05 12:24:00,-1.331048978794055,0.7494020414933568
16535,5,1,593.75,5,1,3,513,Recent Customers,0,United Kingdom,2011-12-04 15:18:00,2011-12-04 15:18:00,0.0934902587713897,-1.6151426236919342
18232,82,4,592.97,2,3,3,233,At Risk,2,United Kingdom,2011-05-26 16:30:00,2011-09-19 11:49:00,-0.08155604065665455,0.40027974320906384
16203,59,4,592.9,3,3,3,333,Loyal Customers,2,United Kingdom,2010-12-02 15:39:00,2011-10-12 12:31:00,0.042344917639635334,0.19452712947030082
14692,137,4,591.55,2,3,3,233,At Risk,2,United Kingdom,2011-01-21 13:47:00,2011-07-25 15:08:00,-0.27690373841018884,0.7217092965481651
15573,32,2,591.19,4,1,3,413,Recent Customers,0,United Kingdom,2011-09-15 12:16:00,2011-11-08 11:38:00,-0.1928758925193188,-0.38091425013861074
13276,64,2,590.93,3,1,3,313,Need Attention,2,United Kingdom,2011-09-01 10:03:00,2011-10-07 12:44:00,-0.45203281017978775,0.04865808752329038
13270,366,1,590.0,1,1,3,113,Lost,1,United Kingdom,2010-12-08 14:53:00,2010-12-08 14:53:00,-1.480896730687087,0.9903139198423385
13452,259,2,590.0,1,1,3,113,Lost,1,United Kingdom,2011-03-14 11:38:00,2011-03-25 14:19:00,-0.9823400341033023,0.9269071737588335
14882,27,2,589.7,4,1,3,413,Recent Customers,0,United Kingdom,2011-11-06 10:15:00,2011-11-13 12:47:00,-0.13130697384443588,-0.4859893746489841
16838,197,2,588.85,1,1,3,113,Lost,1,United Kingdom,2011-02-24 15:01:00,2011-05-26 13:13:00,-0.8792017373901253,0.7535044027767699
14338,161,2,588.22,2,1,3,213,Hibernating,1,United Kingdom,2011-05-27 13:30:00,2011-07-01 14:08:00,-0.8030526335968231,0.6259028440200627
15624,117,4,588.13,2,3,3,233,At Risk,2,United Kingdom,2011-03-28 13:32:00,2011-08-15 11:38:00,-0.21983926497333414,0.6203463949548508
17351,36,3,587.15,3,2,3,323,Need Attention,2,United Kingdom,2011-03-11 16:05:00,2011-11-03 18:45:00,0.020486017069987057,-0.20083451129730365
17890,323,2,586.89,1,1,3,113,Lost,1,United Kingdom,2010-12-13 15:12:00,2011-01-21 11:19:00,-1.0689049560473303,1.064490699629636
12384,29,2,585.27,4,1,3,413,Recent Customers,0,Switzerland,2011-08-10 11:23:00,2011-11-11 08:39:00,-0.16123148014048672,-0.44499398898853704
13243,203,1,585.12,1,1,3,113,Lost,1,United Kingdom,2011-05-20 13:14:00,2011-05-20 13:14:00,-1.2605029621051418,0.6150204432775491
15222,319,1,585.0,1,1,3,113,Lost,1,United Kingdom,2011-01-25 08:03:00,2011-01-25 08:03:00,-1.4325759324741167,0.9003444425244421
16384,90,2,584.5,2,1,3,213,Hibernating,1,United Kingdom,2011-03-21 10:13:00,2011-09-11 11:19:00,-0.5857433551786915,0.2579820013855849
16072,288,1,584.32,1,1,3,113,Lost,1,United Kingdom,2011-02-24 14:32:00,2011-02-24 14:32:00,-1.394203044568096,0.8353271123818332
14023,7,2,584.07,5,1,3,513,Recent Customers,0,United Kingdom,2011-04-03 15:50:00,2011-12-02 13:58:00,0.34270509648234326,-1.2836486846720092
13557,28,2,584.06,4,1,3,413,Recent Customers,0,United Kingdom,2011-03-04 12:14:00,2011-11-11 15:24:00,-0.14926077388385178,-0.46723785568329296
15762,65,2,583.75,3,1,3,313,Need Attention,2,United Kingdom,2011-09-23 15:17:00,2011-10-05 16:15:00,-0.46365153861190744,0.05389194433939732
17014,8,3,583.43,5,2,3,523,Potential Loyalists,0,United Kingdom,2011-10-04 11:36:00,2011-12-01 14:09:00,0.5575055287573707,-1.099336331325169
12426,195,1,582.73,1,1,3,113,Lost,1,Germany,2011-05-29 12:26:00,2011-05-29 12:26:00,-1.2471584036119834,0.5881714872529774
13427,19,3,582.6,4,2,3,423,Potential Loyalists,0,United Kingdom,2011-05-08 15:58:00,2011-11-20 13:02:00,0.2518033152997411,-0.5936512504413521
12695,7,4,582.1,5,3,3,533,Loyal Customers,0,France,2011-05-13 13:15:00,2011-12-02 13:22:00,0.8033320227672899,-1.0894761803006
17259,148,2,581.23,2,1,3,213,Hibernating,1,United Kingdom,2010-12-06 12:55:00,2011-07-14 15:01:00,-0.7767570949499829,0.5685276487762926
18095,313,2,580.05,1,1,3,113,Lost,1,United Kingdom,2011-01-11 12:37:00,2011-01-31 12:50:00,-1.0624781795642932,1.04035417465007
17142,239,1,579.0,1,1,3,113,Lost,1,United Kingdom,2011-04-14 18:22:00,2011-04-14 18:22:00,-1.3275618154969975,0.7142241756632051
13292,39,2,578.94,3,1,3,313,Need Attention,0,United Kingdom,2011-02-28 15:00:00,2011-11-01 10:04:00,-0.2762727877815237,-0.2665757218228744
17540,25,2,578.9,4,1,3,413,Recent Customers,0,United Kingdom,2011-01-27 14:35:00,2011-11-15 11:56:00,-0.11174727908393121,-0.5396895939897652
16005,12,4,578.71,5,3,3,533,Loyal Customers,0,United Kingdom,2011-03-14 11:46:00,2011-11-27 13:47:00,0.6151043386185318,-0.7838189243705752
14529,60,3,578.61,3,2,3,323,Need Attention,2,United Kingdom,2011-08-21 14:10:00,2011-10-10 15:27:00,-0.1774314197120642,0.11077845580862684
12601,190,5,577.06,1,3,3,133,At Risk,2,Germany,2011-01-11 10:38:00,2011-06-03 10:17:00,-0.24782392239324144,0.9884757536297195
14176,297,4,576.9,1,3,3,133,At Risk,1,United Kingdom,2010-12-07 11:45:00,2011-02-15 13:12:00,-0.5828512117157221,1.2006207345403612
16723,91,2,576.4,2,1,3,213,Hibernating,1,United Kingdom,2011-08-24 11:31:00,2011-09-09 13:01:00,-0.5965236594646132,0.2598366319781675
15830,38,1,576.0,3,1,3,313,Need Attention,0,United Kingdom,2011-11-02 10:40:00,2011-11-02 10:40:00,-0.6359008181063773,-0.43957502880240157
15550,4,4,575.63,5,3,3,533,Loyal Customers,0,United Kingdom,2011-02-11 12:49:00,2011-12-05 15:38:00,0.9775818971411067,-1.3914920989484336
13487,58,3,575.4,3,2,3,323,Need Attention,2,United Kingdom,2010-12-21 14:54:00,2011-10-13 12:07:00,-0.1673302437998161,0.08762265776072324
14400,149,1,574.7,2,1,3,213,Hibernating,1,United Kingdom,2011-07-13 15:50:00,2011-07-13 15:50:00,-1.1515497546098301,0.41356181260679015
18123,24,2,574.44,4,1,3,413,Recent Customers,0,United Kingdom,2011-11-08 13:31:00,2011-11-15 14:23:00,-0.10042586223415234,-0.5673649272202268
15339,66,2,574.07,3,1,3,313,Need Attention,1,United Kingdom,2011-01-25 13:15:00,2011-10-04 12:51:00,-0.4773108824341567,0.057345465786409304
15303,290,1,574.02,1,1,3,113,Lost,1,United Kingdom,2011-02-22 13:59:00,2011-02-22 13:59:00,-1.4052556265103116,0.8332330606561137
12879,45,3,573.22,3,2,3,323,Need Attention,2,United Kingdom,2011-09-09 12:11:00,2011-10-26 12:24:00,-0.07404915230551774,-0.07154154645852193
13379,26,3,572.56,4,2,3,423,Potential Loyalists,0,United Kingdom,2011-07-26 12:26:00,2011-11-13 13:45:00,0.12893581338040974,-0.40972431231704637
13405,74,3,572.45,2,2,3,223,Hibernating,2,United Kingdom,2011-01-26 09:27:00,2011-09-26 17:01:00,-0.2614238672210269,0.23786722471974425
12816,96,2,572.2,2,1,3,213,Hibernating,1,Poland,2011-06-16 13:24:00,2011-09-05 12:41:00,-0.62020151757649,0.2907271421670269
13816,24,2,571.67,4,1,3,413,Recent Customers,0,Germany,2011-10-06 14:37:00,2011-11-16 08:38:00,-0.1027138197405315,-0.5691223335175889
17616,174,3,571.2,2,2,3,223,Hibernating,1,United Kingdom,2010-12-07 10:04:00,2011-06-19 10:11:00,-0.586124644853817,0.7742049926097323
15821,44,2,570.96,3,1,3,313,Need Attention,0,United Kingdom,2011-10-09 13:28:00,2011-10-26 15:48:00,-0.32783537768349,-0.1969550941838353
15315,64,2,570.5,3,1,3,313,Need Attention,1,United Kingdom,2011-08-15 15:17:00,2011-10-06 12:51:00,-0.4686870032824529,0.03586581155028616
13939,23,3,568.55,4,2,3,423,Potential Loyalists,0,United Kingdom,2011-02-01 11:30:00,2011-11-16 13:33:00,0.17060203350769215,-0.48694645463219394
17360,17,3,568.24,4,2,3,423,Potential Loyalists,0,United Kingdom,2011-06-08 17:09:00,2011-11-22 13:11:00,0.280237862547028,-0.6695167316618513
13321,72,2,567.36,3,1,3,313,Need Attention,1,United Kingdom,2011-09-14 15:18:00,2011-09-28 15:24:00,-0.5156386831366309,0.10744155677080157
16667,68,2,567.18,3,1,3,313,Need Attention,1,United Kingdom,2011-02-28 12:57:00,2011-10-02 15:26:00,-0.49426216309454485,0.07160204578381657
18150,32,3,566.58,4,2,3,423,Potential Loyalists,0,United Kingdom,2011-05-22 10:47:00,2011-11-07 16:49:00,0.04731045839701508,-0.2863291246579551
16278,100,1,566.38,2,1,3,213,Hibernating,1,United Kingdom,2011-08-31 17:12:00,2011-08-31 17:12:00,-1.0073663804871043,0.15752892600567434
16345,44,1,565.46,3,1,3,313,Need Attention,0,United Kingdom,2011-10-26 16:03:00,2011-10-26 16:03:00,-0.6993064904600641,-0.35557266493782513
13894,24,3,564.62,4,2,3,423,Potential Loyalists,0,United Kingdom,2011-02-02 12:54:00,2011-11-16 09:44:00,0.1517250122889517,-0.4635897144792742
15344,1,3,563.94,5,2,3,523,Potential Loyalists,0,United Kingdom,2011-09-26 14:48:00,2011-12-09 10:45:00,1.1159779275560435,-2.0651778669645617
16933,1,2,563.23,5,1,3,513,Recent Customers,0,United Kingdom,2011-04-14 13:33:00,2011-12-08 12:54:00,0.8550693752284739,-2.175679952071336
14753,87,1,563.15,2,1,3,213,Hibernating,1,United Kingdom,2011-09-13 14:50:00,2011-09-13 14:50:00,-0.9574402827075842,0.06810361341213461
17970,211,1,562.79,1,1,3,113,Lost,1,United Kingdom,2011-05-12 20:03:00,2011-05-12 20:03:00,-1.2936144890674146,0.6252589189895554
14167,39,4,562.59,3,3,3,333,Loyal Customers,2,United Kingdom,2011-01-12 15:44:00,2011-10-31 14:29:00,0.17239365312302576,-0.08159020290395377
12414,217,3,562.41,1,2,3,123,Lost,1,Austria,2011-02-02 14:51:00,2011-05-06 14:51:00,-0.677393468803275,0.9078482312964345
16916,24,2,562.41,4,1,3,413,Recent Customers,0,United Kingdom,2010-12-02 13:14:00,2011-11-16 12:08:00,-0.11044351784567326,-0.5750596029331307
12559,311,2,561.71,1,1,3,113,Lost,1,Germany,2011-01-24 10:12:00,2011-02-02 09:49:00,-1.0752446028007145,1.0246225412023087
13946,79,3,561.57,2,2,3,223,Hibernating,2,United Kingdom,2011-03-17 10:02:00,2011-09-21 13:33:00,-0.29515998754275635,0.27180411130412985
15655,243,1,560.67,1,1,3,113,Lost,1,United Kingdom,2011-04-10 15:25:00,2011-04-10 15:25:00,-1.3491028247637897,0.713006776789799
13044,291,1,560.47,1,1,3,113,Lost,1,United Kingdom,2011-02-21 15:20:00,2011-02-21 15:20:00,-1.417873024341495,0.8267228099830235
14273,51,4,559.97,3,3,3,333,Loyal Customers,2,United Kingdom,2011-04-11 13:24:00,2011-10-19 13:20:00,0.06996164875398447,0.08303487100122582
16275,197,1,559.87,1,1,3,113,Lost,1,United Kingdom,2011-05-27 12:41:00,2011-05-27 12:41:00,-1.2699788181495788,0.5800576974714666
15415,313,1,559.61,1,1,3,113,Lost,1,United Kingdom,2011-01-30 14:13:00,2011-01-30 14:13:00,-1.4463478652211101,0.8722131184304236
16906,82,4,559.59,2,3,3,233,At Risk,2,United Kingdom,2011-04-05 12:30:00,2011-09-19 11:49:00,-0.10898072994734641,0.37921452607619166
12866,283,1,559.12,1,1,3,113,Lost,1,Belgium,2011-03-01 14:11:00,2011-03-01 14:11:00,-1.408402720036726,0.8082355990297977
17503,3,2,558.96,5,1,3,513,Recent Customers,0,United Kingdom,2011-11-01 11:12:00,2011-12-07 09:18:00,0.5866865583364713,-1.7390357981496332
12987,74,2,558.7,2,1,3,213,Hibernating,1,United Kingdom,2011-05-26 12:00:00,2011-09-27 12:03:00,-0.533243811441669,0.11898397485252003
13800,310,1,558.32,1,1,3,113,Lost,1,United Kingdom,2011-02-03 12:27:00,2011-02-03 12:27:00,-1.443772976180813,0.8652882637176025
14592,35,3,557.94,3,2,3,323,Need Attention,0,United Kingdom,2011-10-06 18:08:00,2011-11-04 16:35:00,0.006798941070276532,-0.23675622943061195
13260,61,1,557.62,3,1,3,313,Need Attention,1,United Kingdom,2011-10-09 13:21:00,2011-10-09 13:21:00,-0.8283344262703347,-0.15748994872469677
17955,199,4,557.3,1,3,3,133,At Risk,2,United Kingdom,2011-05-04 12:29:00,2011-05-25 12:00:00,-0.44687997912303623,0.93525559254155
16385,60,3,554.86,3,2,3,323,Need Attention,2,United Kingdom,2010-12-08 12:56:00,2011-10-10 13:12:00,-0.1972696139439166,0.09554051219553733
17864,13,3,554.85,5,2,3,523,Potential Loyalists,0,United Kingdom,2011-03-09 11:44:00,2011-11-27 11:15:00,0.36495283255773614,-0.8375033642033326
14891,148,2,554.38,2,1,3,213,Hibernating,1,United Kingdom,2011-06-05 10:58:00,2011-07-14 18:08:00,-0.7991433987526905,0.5513324730932436
14618,9,3,553.44,5,2,3,523,Potential Loyalists,0,United Kingdom,2011-01-06 11:59:00,2011-11-30 13:45:00,0.49228025751707927,-1.051730225486226
15068,46,2,553.36,3,1,3,313,Need Attention,0,United Kingdom,2011-03-28 14:27:00,2011-10-24 14:47:00,-0.35926622352688986,-0.18077144042129692
12363,110,2,552.0,2,1,3,213,Hibernating,1,Unspecified,2011-04-11 13:29:00,2011-08-22 10:18:00,-0.6887133255262454,0.36312743969404904
17674,74,2,551.04,2,1,3,213,Hibernating,1,United Kingdom,2010-12-06 10:20:00,2011-09-26 13:35:00,-0.539777873465426,0.11396508716955871
17291,308,1,550.8,1,1,3,113,Lost,1,United Kingdom,2011-02-04 13:04:00,2011-02-04 13:04:00,-1.4477266806843248,0.8562684353096449
17235,25,2,550.06,4,1,3,413,Recent Customers,0,United Kingdom,2010-12-02 13:38:00,2011-11-14 15:51:00,-0.13593489236722275,-0.5582683760622904
17265,139,2,550.01,2,1,3,213,Hibernating,1,United Kingdom,2011-06-12 12:00:00,2011-07-24 10:49:00,-0.7790890820061093,0.5089587347763014
12390,80,1,549.84,2,1,3,213,Hibernating,1,Belgium,2011-09-21 09:33:00,2011-09-21 09:33:00,-0.9370981996750981,0.006862486465102532
14177,86,4,549.46,2,3,3,233,At Risk,2,United Kingdom,2011-06-13 11:10:00,2011-09-14 15:11:00,-0.13560689268969478,0.4024108599107622
16536,110,1,548.12,2,1,3,213,Hibernating,1,United Kingdom,2011-08-21 15:54:00,2011-08-21 15:54:00,-1.05894139909343,0.20546466155677462
16031,92,2,547.9,2,1,3,213,Hibernating,1,United Kingdom,2011-04-06 14:23:00,2011-09-08 13:07:00,-0.6246546841078334,0.24825440520288894
14474,46,1,547.66,3,1,3,313,Need Attention,1,United Kingdom,2011-10-24 13:26:00,2011-10-24 13:26:00,-0.7310563308480433,-0.3396340345290443
16811,5,2,547.07,5,1,3,513,Recent Customers,0,United Kingdom,2011-11-22 17:19:00,2011-12-05 11:39:00,0.4216232106308919,-1.4898135894161801
17637,31,2,547.06,4,1,3,413,Recent Customers,0,United Kingdom,2011-08-16 13:25:00,2011-11-08 12:51:00,-0.21784109519204287,-0.42862649500379507
16211,89,1,547.02,2,1,3,213,Hibernating,1,United Kingdom,2011-09-12 12:11:00,2011-09-12 12:11:00,-0.9797793585824167,0.07178498252193216
17295,29,3,547.0,4,2,3,423,Potential Loyalists,0,United Kingdom,2011-10-06 12:22:00,2011-11-11 10:49:00,0.06707285176158476,-0.35953557804817354
17520,54,1,546.81,3,1,3,313,Need Attention,1,United Kingdom,2011-10-17 12:04:00,2011-10-17 12:04:00,-0.7918360549821745,-0.24055312519075345
14805,15,4,546.4,4,3,3,433,Loyal Customers,0,United Kingdom,2011-01-30 10:43:00,2011-11-24 16:20:00,0.5085945567369419,-0.6730753334470405
14997,46,3,546.2,3,2,3,323,Need Attention,2,United Kingdom,2011-06-14 16:52:00,2011-10-24 13:28:00,-0.10511793930010586,-0.07546199446933743
17806,11,1,546.04,5,1,3,513,Recent Customers,0,United Kingdom,2011-11-28 14:12:00,2011-11-28 14:12:00,-0.21093909940281352,-1.206186229910373
12793,335,2,545.48,1,1,3,113,Lost,1,Portugal,2010-12-03 15:14:00,2011-01-09 12:12:00,-1.1174306626347947,1.0609431910555231
16475,88,4,544.3,2,3,3,233,At Risk,2,United Kingdom,2011-03-11 09:39:00,2011-09-12 14:37:00,-0.14875472652825622,0.41338896853366514
13617,40,3,544.18,3,2,3,323,Need Attention,2,United Kingdom,2011-06-12 12:55:00,2011-10-30 13:50:00,-0.054699951353992714,-0.1633890830808276
13390,75,1,544.08,2,1,3,213,Hibernating,1,United Kingdom,2011-09-26 08:38:00,2011-09-26 08:38:00,-0.9177431203885011,-0.037357702513845306
16927,116,3,543.05,2,2,3,223,Hibernating,2,United Kingdom,2010-12-13 11:57:00,2011-08-16 11:10:00,-0.4562475775696595,0.5006016017806963
13278,41,1,542.73,3,1,3,313,Need Attention,0,United Kingdom,2011-10-30 11:49:00,2011-10-30 11:49:00,-0.6923697610851013,-0.41422522465453726
16230,190,2,542.03,1,1,3,113,Lost,1,United Kingdom,2011-05-03 15:12:00,2011-06-03 10:06:00,-0.9046666722773341,0.7005657228929715
17897,173,3,541.81,2,2,3,223,Hibernating,1,United Kingdom,2010-12-01 12:31:00,2011-06-20 11:23:00,-0.6089373959971144,0.7513678999312339
17447,40,2,541.53,3,1,3,313,Need Attention,0,United Kingdom,2011-09-29 10:10:00,2011-10-30 14:18:00,-0.3173226096489668,-0.27520779256242694
17557,14,3,541.46,4,2,3,423,Potential Loyalists,0,United Kingdom,2011-09-19 14:23:00,2011-11-25 12:57:00,0.32703582564155603,-0.8026471095723402
13874,358,1,540.45,1,1,3,113,Lost,1,United Kingdom,2010-12-16 18:20:00,2010-12-16 18:20:00,-1.513997270793079,0.9444506596885177
12743,134,2,540.13,2,1,3,213,Hibernating,1,Unspecified,2011-07-28 16:06:00,2011-07-28 16:21:00,-0.7737758064813478,0.47931428140960763
13812,42,3,539.0,3,2,3,323,Need Attention,2,Germany,2011-08-26 12:54:00,2011-10-28 14:27:00,-0.07742047517799015,-0.1366729667041393
14496,312,2,538.81,1,1,3,113,Lost,1,United Kingdom,2010-12-01 15:35:00,2011-02-01 09:01:00,-1.096166819984729,1.011519479050632
15469,50,2,538.55,3,1,3,313,Need Attention,0,United Kingdom,2011-08-11 16:54:00,2011-10-20 16:21:00,-0.403306649048497,-0.13885503385175632
15539,7,1,538.46,5,1,3,513,Recent Customers,0,United Kingdom,2011-12-02 13:36:00,2011-12-02 13:36:00,-0.06266826633275518,-1.4683069609663468
14539,16,2,537.48,4,1,3,413,Recent Customers,0,United Kingdom,2011-10-26 12:03:00,2011-11-24 09:50:00,0.015419803412138881,-0.8360277755514104
16206,55,4,537.06,3,3,3,333,Loyal Customers,2,United Kingdom,2011-01-16 11:07:00,2011-10-16 10:41:00,0.021881521085316505,0.11482822001921814
15043,31,1,537.0,4,1,3,413,Recent Customers,0,United Kingdom,2011-11-08 14:26:00,2011-11-08 14:26:00,-0.5935149426398383,-0.5904722342691114
16804,23,3,536.99,4,2,3,423,Potential Loyalists,0,United Kingdom,2011-03-14 15:48:00,2011-11-16 16:43:00,0.14357203594059986,-0.5077085045433687
16233,71,3,536.68,3,2,3,323,Need Attention,2,United Kingdom,2010-12-08 12:51:00,2011-09-29 17:27:00,-0.2763689603291444,0.18853133218204593
16142,250,1,535.34,1,1,3,113,Lost,1,United Kingdom,2011-04-04 10:16:00,2011-04-04 10:16:00,-1.3817880064407404,0.7141308273142214
13000,107,3,534.85,2,2,3,223,Hibernating,2,United Kingdom,2010-12-10 10:26:00,2011-08-25 10:43:00,-0.43287236820709335,0.4443285284824342
13385,330,1,534.57,1,1,3,113,Lost,1,United Kingdom,2011-01-14 09:52:00,2011-01-14 09:52:00,-1.4881548641480953,0.8889957288191952
16340,107,1,534.31,2,1,3,213,Hibernating,1,United Kingdom,2011-08-24 14:53:00,2011-08-24 14:53:00,-1.060552251728611,0.178818828543712
13434,74,2,534.24,2,1,3,213,Hibernating,1,United Kingdom,2011-09-04 10:35:00,2011-09-26 14:30:00,-0.5544317757051765,0.10270925745888276
17443,220,1,534.24,1,1,3,113,Lost,1,Canada,2011-05-04 10:47:00,2011-05-04 10:47:00,-1.3341368520683707,0.632689249871358
13217,122,3,533.98,2,2,3,223,Hibernating,2,United Kingdom,2011-07-06 12:08:00,2011-08-09 15:32:00,-0.4833228626839144,0.5261820755081358
17062,314,4,533.33,1,3,3,133,At Risk,1,United Kingdom,2010-12-05 11:59:00,2011-01-30 11:01:00,-0.641211872113708,1.2072419984704745
15433,214,2,533.3,1,1,3,113,Lost,1,United Kingdom,2011-03-17 14:12:00,2011-05-10 10:45:00,-0.9575663940087382,0.7696985997659841
15825,172,1,532.94,2,1,3,213,Hibernating,1,United Kingdom,2011-06-20 13:27:00,2011-06-20 13:27:00,-1.24174961613945,0.47657100520859175
12784,9,2,532.82,5,1,3,513,Recent Customers,0,Portugal,2011-11-24 12:53:00,2011-11-30 15:38:00,0.2139975403382219,-1.175577605090791
16706,37,3,531.35,3,2,3,323,Need Attention,0,United Kingdom,2011-08-17 15:53:00,2011-11-02 13:50:00,-0.03696542901984129,-0.22023274655401914
14265,109,2,530.18,2,1,3,213,Hibernating,1,Unspecified,2011-07-14 09:10:00,2011-08-22 13:32:00,-0.7043444126854106,0.3427286316942065
18159,301,1,530.15,1,1,3,113,Lost,1,United Kingdom,2011-02-11 14:26:00,2011-02-11 14:26:00,-1.4570583387294653,0.8278510766993347
14002,134,2,529.73,2,1,3,213,Hibernating,1,United Kingdom,2011-07-06 14:59:00,2011-07-28 15:55:00,-0.7829773301276427,0.47224648598235935
14463,98,3,529.62,2,2,3,223,Hibernating,2,United Kingdom,2011-05-18 14:42:00,2011-09-02 15:20:00,-0.4042847786497842,0.38559672812120577
16185,17,2,529.41,4,1,3,413,Recent Customers,0,United Kingdom,2011-04-21 11:59:00,2011-11-23 09:41:00,-0.01357437547677886,-0.8052925136304627
18043,25,3,529.29,4,2,3,423,Potential Loyalists,0,United Kingdom,2010-12-08 12:35:00,2011-11-15 12:48:00,0.10616048057935301,-0.46221690895230105
15452,30,3,528.48,4,2,3,423,Potential Loyalists,0,United Kingdom,2011-03-20 15:21:00,2011-11-10 12:13:00,0.03824578703089898,-0.3512702378547769
17631,2,3,528.33,5,2,3,523,Potential Loyalists,0,United Kingdom,2011-04-21 13:22:00,2011-12-08 09:47:00,0.9302199948930776,-1.8318514053435466
16602,36,1,528.08,3,1,3,313,Need Attention,0,United Kingdom,2011-11-03 15:54:00,2011-11-03 15:54:00,-0.6569015450340671,-0.5045252469959294
15756,61,4,528.01,3,3,3,333,Loyal Customers,2,United Kingdom,2011-04-04 14:00:00,2011-10-09 13:30:00,-0.025042243669826738,0.17317401898640494
12479,11,1,527.2,5,1,3,513,Recent Customers,0,Germany,2011-11-28 13:26:00,2011-11-28 13:26:00,-0.22755679419800506,-1.2189504711164645
17623,33,1,527.05,4,1,3,413,Recent Customers,0,United Kingdom,2011-11-07 11:32:00,2011-11-07 11:32:00,-0.6255247658033359,-0.5588389250786996
15919,20,2,525.69,4,1,3,413,Recent Customers,0,United Kingdom,2010-12-06 11:26:00,2011-11-20 11:28:00,-0.07579680630155144,-0.710134190583994
17429,128,3,524.92,2,2,3,223,Hibernating,1,United Kingdom,2011-05-05 09:53:00,2011-08-03 13:22:00,-0.5096153792304942,0.5501545034695915
15467,9,3,524.88,5,2,3,523,Potential Loyalists,0,United Kingdom,2011-07-10 14:42:00,2011-11-30 14:17:00,0.4672042821298669,-1.0709913686390664
13721,36,1,524.14,3,1,3,313,Need Attention,0,United Kingdom,2011-11-03 14:05:00,2011-11-03 14:05:00,-0.6604457418808212,-0.5072475850814098
17329,14,2,523.11,4,1,3,413,Recent Customers,0,United Kingdom,2011-01-28 15:29:00,2011-11-25 14:24:00,0.050406549511050266,-0.9252244622194166
18017,81,3,523.0,2,2,3,223,Hibernating,2,United Kingdom,2011-02-02 13:57:00,2011-09-19 16:15:00,-0.3382688868091192,0.26159043969239004
17712,45,1,522.91,3,1,3,313,Need Attention,1,United Kingdom,2011-10-26 12:28:00,2011-10-26 12:28:00,-0.7447275631126321,-0.3700789064033048
12863,52,1,521.2,3,1,3,313,Need Attention,1,United Kingdom,2011-10-18 14:15:00,2011-10-18 14:15:00,-0.8003879143820194,-0.2814722375203061
15149,134,1,520.8,2,1,3,213,Hibernating,1,United Kingdom,2011-07-29 10:58:00,2011-07-29 10:58:00,-1.1579128390409075,0.31096787297990036
17345,15,4,519.69,4,3,3,433,Loyal Customers,0,United Kingdom,2011-05-27 12:26:00,2011-11-24 15:03:00,0.4848749526275089,-0.6912946323267751
14873,210,1,519.68,1,1,3,113,Lost,1,United Kingdom,2011-05-13 13:52:00,2011-05-13 13:52:00,-1.3295256177577497,0.5932905152666722
12571,40,2,519.61,3,1,3,313,Need Attention,0,France,2011-08-10 12:35:00,2011-10-31 10:19:00,-0.33687781971175607,-0.29022837280256103
13643,31,3,519.44,4,2,3,423,Potential Loyalists,0,United Kingdom,2011-06-07 11:40:00,2011-11-08 15:37:00,0.017952516648459753,-0.3374154825881813
16955,185,4,518.67,1,3,3,133,At Risk,2,United Kingdom,2010-12-01 13:31:00,2011-06-08 10:36:00,-0.4531562382386846,0.8631360823532042
16650,72,1,518.42,3,1,3,313,Need Attention,1,United Kingdom,2011-09-29 09:51:00,2011-09-29 09:51:00,-0.925222242595868,-0.08045061966150319
15030,72,2,518.28,3,1,3,313,Need Attention,1,United Kingdom,2011-03-16 15:34:00,2011-09-29 10:50:00,-0.5584605175670224,0.07454961656529265
18252,51,2,518.27,3,1,3,313,Need Attention,0,United Kingdom,2011-06-21 11:47:00,2011-10-20 12:43:00,-0.4288899201316883,-0.140498418014844
16892,1,5,518.19,5,3,3,533,Loyal Customers,0,United Kingdom,2011-06-09 11:35:00,2011-12-08 13:18:00,1.4428252100095456,-1.94083637004653
16135,263,1,517.55,1,1,3,113,Lost,1,United Kingdom,2011-03-22 12:30:00,2011-03-22 12:30:00,-1.4170715765079855,0.7338568791981521
17454,192,4,517.53,1,3,3,133,At Risk,2,United Kingdom,2010-12-15 10:54:00,2011-05-31 13:58:00,-0.4683098848011361,0.8857560699857341
18205,36,2,517.36,3,1,3,313,Need Attention,0,United Kingdom,2011-09-26 12:02:00,2011-11-03 13:22:00,-0.2997178096423121,-0.3568819740245093
13043,273,1,516.42,1,1,3,113,Lost,1,United Kingdom,2011-03-11 14:52:00,2011-03-11 14:52:00,-1.4323082666466993,0.7566314606418182
15882,199,4,516.36,1,3,3,133,At Risk,2,United Kingdom,2010-12-06 13:01:00,2011-05-25 11:35:00,-0.4829904788063553,0.9075187052228737
15809,36,5,515.77,3,3,3,333,Loyal Customers,2,United Kingdom,2011-02-10 11:16:00,2011-11-03 16:40:00,0.3260273612390354,-0.09285834896608577
12811,261,3,514.85,1,2,3,123,Lost,1,Portugal,2011-02-28 15:39:00,2011-03-24 09:42:00,-0.7894401155505208,0.9922772377714228
15246,238,2,514.15,1,1,3,113,Lost,1,United Kingdom,2010-12-16 09:46:00,2011-04-15 14:45:00,-1.0152979065081777,0.823491973961245
13005,174,2,513.7,2,1,3,213,Hibernating,1,United Kingdom,2011-04-07 13:32:00,2011-06-19 10:53:00,-0.8966520652425792,0.6255900881190346
17513,72,1,513.2,3,1,3,313,Need Attention,1,United Kingdom,2011-09-28 16:42:00,2011-09-28 16:42:00,-0.9300114553808285,-0.08412926871168441
17290,4,2,513.01,5,1,3,513,Recent Customers,0,United Kingdom,2011-11-23 15:53:00,2011-12-06 12:38:00,0.46084772043054917,-1.6287612233185635
17805,74,1,512.31,2,1,3,213,Hibernating,1,United Kingdom,2011-09-27 11:49:00,2011-09-27 11:49:00,-0.9411577546328754,-0.06762575025128119
17480,78,1,511.82,2,1,3,213,Hibernating,1,United Kingdom,2011-09-23 11:39:00,2011-09-23 11:39:00,-0.961459110910447,-0.03503443833338177
15891,227,1,511.68,1,1,3,113,Lost,1,United Kingdom,2011-04-27 12:35:00,2011-04-27 12:35:00,-1.3664674069808358,0.6367733601059812
12582,239,2,511.36,1,1,3,113,Lost,1,Finland,2011-02-24 11:42:00,2011-04-15 08:45:00,-1.019467847489269,0.8241610375250676
14851,23,2,511.35,4,1,3,413,Recent Customers,0,United Kingdom,2011-03-28 14:59:00,2011-11-16 14:20:00,-0.13989419509954296,-0.6355374003591782
16561,6,2,511.12,5,1,3,513,Recent Customers,0,United Kingdom,2011-10-11 09:53:00,2011-12-04 11:50:00,0.3305693284768343,-1.4168010334947145
15406,31,2,510.71,4,1,3,413,Recent Customers,0,United Kingdom,2011-02-11 16:19:00,2011-11-08 13:22:00,-0.2503808320198799,-0.4536206385822075
12436,100,1,509.01,2,1,3,213,Hibernating,1,Norway,2011-09-01 12:09:00,2011-09-01 12:09:00,-1.0579108603950351,0.11870513358845135
15417,85,1,508.8,2,1,3,213,Hibernating,1,United Kingdom,2011-09-15 15:26:00,2011-09-15 15:26:00,-0.9966910881272628,0.016635224542210808
17391,164,2,508.8,2,1,3,213,Hibernating,1,United Kingdom,2011-06-28 12:21:00,2011-06-29 09:58:00,-0.8787107485563411,0.5848051089442331
14317,65,1,508.58,3,1,3,313,Need Attention,1,United Kingdom,2011-10-06 10:44:00,2011-10-06 10:44:00,-0.8957837231514968,-0.1513200886036085
17958,117,1,508.46,2,1,3,213,Hibernating,1,United Kingdom,2011-08-15 12:19:00,2011-08-15 12:19:00,-1.117847648932803,0.21692983097989485
17415,80,1,507.84,2,1,3,213,Hibernating,1,United Kingdom,2011-09-21 12:50:00,2011-09-21 12:50:00,-0.9747038376728664,-0.022022833672764835
14158,40,1,507.66,3,1,3,313,Need Attention,0,United Kingdom,2011-10-30 15:08:00,2011-10-30 15:08:00,-0.7147779101094018,-0.4537841147093673
14820,21,4,507.29,4,3,3,433,Loyal Customers,0,United Kingdom,2011-06-19 14:56:00,2011-11-18 15:41:00,0.35179783216000815,-0.49819369152727183
16960,39,3,507.05,3,2,3,323,Need Attention,0,United Kingdom,2011-04-01 11:54:00,2011-11-01 11:35:00,-0.07871252906182659,-0.20473218470189955
13885,189,2,506.8,1,1,3,113,Lost,1,United Kingdom,2011-05-23 08:52:00,2011-06-03 15:07:00,-0.934466312751201,0.6728082731197609
16614,183,1,506.19,1,1,3,113,Lost,1,United Kingdom,2011-06-10 11:36:00,2011-06-10 11:36:00,-1.289668109396628,0.496930157761925
12988,292,1,505.82,1,1,3,113,Lost,1,United Kingdom,2011-02-20 14:31:00,2011-02-20 14:31:00,-1.4677336847549343,0.7915947075505925
14014,77,1,505.18,2,1,3,213,Hibernating,1,United Kingdom,2011-09-23 13:18:00,2011-09-23 13:18:00,-0.96277229361398,-0.047856681714404985
15081,22,5,504.8,4,3,3,433,Loyal Customers,0,United Kingdom,2010-12-07 16:20:00,2011-11-17 17:08:00,0.49746451335113934,-0.4020610671056586
12991,23,2,503.76,4,1,3,413,Recent Customers,0,United Kingdom,2011-08-19 14:39:00,2011-11-16 15:34:00,-0.14697092720423754,-0.6409731191305539
17630,170,2,503.6,2,1,3,213,Hibernating,1,United Kingdom,2011-04-21 14:03:00,2011-06-23 11:58:00,-0.8972162436527205,0.6037140949381627
15535,173,4,502.9,2,3,3,233,At Risk,2,United Kingdom,2011-01-16 12:35:00,2011-06-19 16:02:00,-0.4422919194904646,0.8096346488524007
16863,31,2,502.8,4,1,3,413,Recent Customers,0,United Kingdom,2010-12-08 08:58:00,2011-11-08 15:26:00,-0.25776755656969663,-0.4592944660919113
13865,58,4,501.56,3,3,3,333,Loyal Customers,2,United Kingdom,2011-02-23 12:04:00,2011-10-12 13:31:00,-0.030416840131906347,0.12305186188713436
15881,312,5,501.39,1,3,3,133,At Risk,2,United Kingdom,2010-12-10 13:32:00,2011-01-31 16:59:00,-0.5030285848173129,1.2504973442985807
14871,3,4,501.28,5,3,3,533,Loyal Customers,0,United Kingdom,2010-12-14 12:18:00,2011-12-06 13:42:00,0.9973683944098305,-1.583226688122497
13116,138,1,501.14,2,1,3,213,Hibernating,1,United Kingdom,2011-07-24 14:33:00,2011-07-24 14:33:00,-1.1872769952381061,0.315490850508679
13247,18,4,501.12,4,3,3,433,Loyal Customers,0,United Kingdom,2011-09-18 11:31:00,2011-11-22 10:59:00,0.4020091971331873,-0.5955789282845909
16898,26,3,501.03,4,2,3,423,Potential Loyalists,0,United Kingdom,2010-12-06 12:23:00,2011-11-13 15:44:00,0.0657770255370736,-0.4582372987602673
16616,15,2,500.42,4,1,3,413,Recent Customers,0,United Kingdom,2011-07-05 13:38:00,2011-11-24 16:31:00,0.004768017660484515,-0.9004299538987235
15389,172,1,500.0,2,1,3,213,Hibernating,1,United Kingdom,2011-06-20 16:18:00,2011-06-20 16:18:00,-1.2719425960490285,0.45337943242750695
14077,41,5,499.42,3,3,3,333,Loyal Customers,2,United Kingdom,2011-03-10 15:52:00,2011-10-30 12:35:00,0.26236428791938093,-0.024215118579503765
15193,61,1,499.32,3,1,3,313,Need Attention,1,United Kingdom,2011-10-10 08:23:00,2011-10-10 08:23:00,-0.8805965930460291,-0.19763311604721717
14681,71,3,498.95,3,2,3,323,Need Attention,2,United Kingdom,2011-05-12 10:45:00,2011-09-29 15:52:00,-0.31086638235659075,0.16203346823800008
16488,33,3,498.8,4,2,3,423,Potential Loyalists,0,United Kingdom,2011-07-14 11:46:00,2011-11-06 13:42:00,-0.024393426037919684,-0.3137214648789941
15142,46,1,498.74,3,1,3,313,Need Attention,1,United Kingdom,2011-10-24 12:51:00,2011-10-24 12:51:00,-0.7753381825179079,-0.373647430654846
17053,131,1,498.48,2,1,3,213,Hibernating,1,United Kingdom,2011-08-01 10:23:00,2011-08-01 10:23:00,-1.1700568240495577,0.2807996708847906
17298,101,2,498.42,2,1,3,213,Hibernating,1,United Kingdom,2011-08-07 12:21:00,2011-08-30 16:43:00,-0.7047340384877043,0.2724072064084461
16820,96,1,497.61,2,1,3,213,Hibernating,1,United Kingdom,2011-09-05 12:06:00,2011-09-05 12:06:00,-1.0531933084318161,0.08485483579310457
17495,8,2,497.56,5,1,3,513,Recent Customers,0,United Kingdom,2011-11-01 12:06:00,2011-12-02 12:08:00,0.22184374046598854,-1.2672572309268444
15300,64,1,496.44,3,1,3,313,Need Attention,1,United Kingdom,2011-10-06 17:08:00,2011-10-06 17:08:00,-0.9013843757859162,-0.1697803487242528
15018,39,3,496.21,3,2,3,323,Need Attention,0,United Kingdom,2010-12-07 10:47:00,2011-11-01 12:47:00,-0.08893882970105005,-0.21258712304405922
12904,18,2,496.06,4,1,3,413,Recent Customers,0,United Kingdom,2011-06-20 13:18:00,2011-11-21 14:34:00,-0.06501939427470897,-0.7946686247670022
17374,219,2,495.77,1,1,3,113,Lost,1,United Kingdom,2011-03-03 12:53:00,2011-05-05 09:05:00,-1.0008812530242286,0.7577473585860971
15448,313,1,494.64,1,1,3,113,Lost,1,United Kingdom,2011-01-31 10:42:00,2011-01-31 10:42:00,-1.5047522700841525,0.8273520278665376
16352,18,2,494.44,4,1,3,413,Recent Customers,0,United Kingdom,2011-11-02 08:44:00,2011-11-22 10:32:00,-0.0665672687078,-0.7958575648013584
17333,86,1,494.25,2,1,3,213,Hibernating,1,United Kingdom,2011-09-15 10:11:00,2011-09-15 10:11:00,-1.0148368557421872,0.013418215551631734
12763,138,2,494.08,2,1,3,213,Hibernating,1,Japan,2010-12-05 15:46:00,2011-07-24 14:12:00,-0.8271013060326357,0.4654322773832987
14270,332,1,492.65,1,1,3,113,Lost,1,United Kingdom,2011-01-12 09:33:00,2011-01-12 09:33:00,-1.5291020350687556,0.8631302193352361
13732,28,1,491.86,4,1,3,413,Recent Customers,0,United Kingdom,2011-11-11 15:49:00,2011-11-11 15:49:00,-0.5974628961747712,-0.6847933913896429
14236,81,2,490.86,2,1,3,213,Hibernating,1,United Kingdom,2010-12-02 18:49:00,2011-09-20 09:13:00,-0.6285940500704371,0.12849311968379507
15000,48,1,490.52,3,1,3,313,Need Attention,1,United Kingdom,2011-10-23 11:42:00,2011-10-23 11:42:00,-0.7991210969881332,-0.3532700622790981
15877,2,2,490.33,5,1,3,513,Recent Customers,0,United Kingdom,2011-11-22 11:18:00,2011-12-08 11:53:00,0.6345850030127352,-1.9690272653717749
14416,22,2,490.22,4,1,3,413,Recent Customers,0,United Kingdom,2011-10-28 15:10:00,2011-11-17 15:22:00,-0.1436059919954317,-0.6778562566373173
18074,374,1,489.6,1,1,3,113,Lost,1,United Kingdom,2010-12-01 09:53:00,2010-12-01 09:53:00,-1.5774157503583748,0.9361741615830856
12809,178,1,489.31,2,1,3,213,Hibernating,1,Portugal,2011-06-15 10:51:00,2011-06-15 10:51:00,-1.295193225620537,0.46713772467169024
17361,49,3,488.2,3,2,3,323,Need Attention,2,United Kingdom,2011-02-21 09:55:00,2011-10-21 15:43:00,-0.1818800134356396,-0.07704348423433359
14396,65,2,487.99,3,1,3,313,Need Attention,1,United Kingdom,2010-12-03 15:19:00,2011-10-05 16:09:00,-0.5484506406463296,-0.011243214644298795
15165,373,1,487.75,1,1,3,113,Lost,1,United Kingdom,2010-12-01 14:03:00,2010-12-01 14:03:00,-1.5781870978161034,0.9331054365424478
16643,246,1,487.51,1,1,3,113,Lost,1,United Kingdom,2011-04-08 08:24:00,2011-04-08 08:24:00,-1.4199414469699412,0.6699271777629845
13338,158,1,487.02,2,1,2,212,Hibernating,1,United Kingdom,2011-07-05 09:06:00,2011-07-05 09:06:00,-1.2521532278189615,0.39032297764070123
13675,151,2,486.82,2,1,2,212,Hibernating,1,United Kingdom,2011-02-28 12:14:00,2011-07-11 12:57:00,-0.8682590873015726,0.5167299755532997
17453,18,2,486.72,4,1,2,412,Recent Customers,0,United Kingdom,2011-10-06 17:02:00,2011-11-22 09:42:00,-0.07401378026002621,-0.8015773153905957
15287,22,2,486.69,4,1,2,412,Recent Customers,0,United Kingdom,2011-09-30 12:30:00,2011-11-17 15:34:00,-0.14702566566849992,-0.6804829470505865
13153,6,1,486.22,5,1,2,512,Recent Customers,0,United Kingdom,2011-12-04 12:14:00,2011-12-04 12:14:00,-0.059953646841209185,-1.5900525575076716
12639,239,1,486.1,1,1,2,112,Lost,1,Sweden,2011-04-15 12:48:00,2011-04-15 12:48:00,-1.410329775767067,0.6506491598716602
15109,246,1,484.95,1,1,2,112,Lost,1,United Kingdom,2011-04-08 09:58:00,2011-04-08 09:58:00,-1.4224327570761368,0.6680135740106845
16999,23,2,484.82,4,1,2,412,Recent Customers,0,United Kingdom,2011-09-26 15:43:00,2011-11-16 13:53:00,-0.1651049514816672,-0.6549020703338947
16518,61,2,484.32,3,1,2,312,Need Attention,1,United Kingdom,2011-02-28 16:36:00,2011-10-09 15:04:00,-0.5281400742733593,-0.053620872162750105
13531,205,2,483.8,1,1,2,112,Lost,1,United Kingdom,2010-12-08 15:03:00,2011-05-18 16:56:00,-0.9873293476895131,0.7071819999470336
14958,147,3,483.73,2,2,2,222,Hibernating,1,United Kingdom,2011-04-08 11:28:00,2011-07-15 14:20:00,-0.6007725954115374,0.6075537743945122
12808,37,3,483.65,3,2,2,322,Need Attention,0,Portugal,2010-12-06 10:27:00,2011-11-03 10:05:00,-0.08147639652981042,-0.254422129173933
14147,78,2,483.4,2,1,2,212,Hibernating,1,United Kingdom,2011-02-27 11:42:00,2011-09-22 18:10:00,-0.6216030239576619,0.0992992699279338
14450,181,3,483.25,1,2,2,122,Lost,1,United Kingdom,2011-01-23 11:53:00,2011-06-12 10:46:00,-0.6802374096606769,0.7382873456990828
16603,75,2,482.47,2,1,2,212,Hibernating,1,United Kingdom,2011-09-09 13:02:00,2011-09-26 10:06:00,-0.6077253643063489,0.0740568429445685
17950,72,3,482.2,3,2,2,322,Need Attention,2,United Kingdom,2010-12-09 15:16:00,2011-09-28 15:18:00,-0.3322934146939609,0.15836639747362324
12504,18,2,482.05,4,1,2,412,Recent Customers,0,Germany,2011-11-09 14:56:00,2011-11-21 16:02:00,-0.07857577443171375,-0.8050814352282675
18216,31,1,481.75,4,1,2,412,Recent Customers,0,United Kingdom,2011-11-08 16:55:00,2011-11-08 16:55:00,-0.6448942677521892,-0.6299372808247874
13176,46,1,481.49,3,1,2,312,Need Attention,1,United Kingdom,2011-10-24 15:43:00,2011-10-24 15:43:00,-0.791994208983356,-0.38644111485474747
14130,319,1,480.91,1,1,2,112,Lost,1,United Kingdom,2011-01-24 16:05:00,2011-01-24 16:05:00,-1.525302938617374,0.8291197698295412
15091,68,1,480.71,3,1,2,312,Need Attention,1,United Kingdom,2011-10-03 12:47:00,2011-10-03 12:47:00,-0.9394328897317822,-0.1436250402914875
15006,51,1,480.38,3,1,2,312,Need Attention,1,United Kingdom,2011-10-19 15:08:00,2011-10-19 15:08:00,-0.831704806475914,-0.32319149930489155
17555,20,2,480.31,4,1,2,412,Recent Customers,0,United Kingdom,2011-01-09 12:31:00,2011-11-20 12:22:00,-0.11851850048568119,-0.742949211922387
16368,2,2,479.91,5,1,2,512,Recent Customers,0,United Kingdom,2011-11-11 15:08:00,2011-12-07 13:12:00,0.6244210720752718,-1.976834296833526
16812,361,1,479.35,1,1,2,112,Lost,1,United Kingdom,2010-12-14 12:35:00,2010-12-14 12:35:00,-1.5739495484911088,0.9061178974846527
16008,24,3,478.78,4,2,2,422,Potential Loyalists,0,United Kingdom,2011-05-19 10:54:00,2011-11-16 10:32:00,0.0736814685874229,-0.523535851934676
15589,256,3,478.53,1,2,2,122,Lost,1,United Kingdom,2011-02-02 10:46:00,2011-03-29 09:54:00,-0.8166975105433889,0.9534718968120873
16768,48,3,478.09,3,2,2,322,Need Attention,2,United Kingdom,2011-03-13 10:25:00,2011-10-23 10:38:00,-0.18406437817064591,-0.097456359351531
12644,130,1,477.91,2,1,2,212,Hibernating,1,Germany,2011-08-02 10:33:00,2011-08-02 10:33:00,-1.1870924321503777,0.2606622782537288
16693,69,2,477.86,3,1,2,312,Need Attention,1,United Kingdom,2011-03-13 11:06:00,2011-10-02 11:10:00,-0.5808534529296364,0.018433724560047292
13092,71,5,477.83,3,3,2,332,Loyal Customers,2,United Kingdom,2010-12-15 12:27:00,2011-09-30 11:18:00,0.035557436970563586,0.30141192676321893
14320,207,2,477.79,1,1,2,112,Lost,1,United Kingdom,2011-01-11 09:12:00,2011-05-17 09:24:00,-0.99693495925616,0.708763821263122
12447,243,1,476.49,1,1,2,112,Lost,1,Belgium,2011-04-10 13:25:00,2011-04-10 13:25:00,-1.4260920657479845,0.6538704612955143
18176,358,1,476.35,1,1,2,112,Lost,1,United Kingdom,2010-12-16 15:45:00,2010-12-16 15:45:00,-1.5737412275922424,0.8985606439799911
15507,172,1,475.86,2,1,2,212,Hibernating,1,United Kingdom,2011-06-21 11:19:00,2011-06-21 11:19:00,-1.2953578931833747,0.43539387521161776
14853,24,2,475.8,4,1,2,412,Recent Customers,0,United Kingdom,2011-05-12 15:17:00,2011-11-15 16:56:00,-0.18958505398637565,-0.6358491209240886
14497,309,1,475.37,1,1,2,112,Lost,1,United Kingdom,2011-02-03 17:01:00,2011-02-03 17:01:00,-1.5186574283320098,0.8047820141258251
15780,184,3,475.28,1,2,2,122,Lost,1,United Kingdom,2010-12-17 11:43:00,2011-06-09 12:01:00,-0.6943515421070569,0.7426075401883983
14013,110,3,473.02,2,2,2,222,Hibernating,1,United Kingdom,2011-03-09 08:59:00,2011-08-21 15:01:00,-0.5014724483432245,0.4170445419722118
16038,8,3,471.78,5,2,2,522,Potential Loyalists,0,United Kingdom,2011-05-22 11:29:00,2011-12-02 12:40:00,0.45698130268142223,-1.1765501377226948
15721,12,1,471.4,5,1,2,512,Recent Customers,0,United Kingdom,2011-11-28 12:14:00,2011-11-28 12:14:00,-0.3110719026065829,-1.2088715412896194
13066,24,2,470.8,4,1,2,412,Recent Customers,0,United Kingdom,2011-11-07 17:06:00,2011-11-15 12:57:00,-0.19458357759989822,-0.6396885440127718
15963,20,2,470.76,4,1,2,412,Recent Customers,0,United Kingdom,2011-10-25 13:05:00,2011-11-20 11:33:00,-0.12802113333987739,-0.7502482927719757
14431,303,1,470.36,1,1,2,112,Lost,1,United Kingdom,2011-02-10 10:40:00,2011-02-10 10:40:00,-1.5162045503353396,0.7885413595087671
15026,80,3,469.0,2,2,2,222,Hibernating,2,United Kingdom,2011-03-07 13:45:00,2011-09-20 13:52:00,-0.3851504154416612,0.21420149580740977
15557,29,1,468.91,4,1,2,412,Recent Customers,0,United Kingdom,2011-11-11 12:46:00,2011-11-11 12:46:00,-0.6330228411457206,-0.6806686884253889
14896,205,2,468.77,1,1,2,112,Lost,1,United Kingdom,2010-12-09 12:24:00,2011-05-19 10:20:00,-1.002262033742477,0.6957120332047134
13171,22,3,468.41,4,2,2,422,Potential Loyalists,0,United Kingdom,2011-02-13 14:16:00,2011-11-18 10:27:00,0.09517226632722119,-0.5843527031633551
14029,63,2,467.66,3,1,2,312,Need Attention,1,United Kingdom,2011-07-18 16:57:00,2011-10-07 14:46:00,-0.5568306979817486,-0.04621621991382606
15468,51,2,467.51,3,1,2,312,Need Attention,0,United Kingdom,2011-10-19 13:38:00,2011-10-19 13:49:00,-0.477664658539522,-0.17796285176902257
13579,15,2,467.04,4,1,2,412,Recent Customers,0,United Kingdom,2010-12-05 16:10:00,2011-11-25 08:41:00,-0.027896706196132708,-0.9255201014417439
16374,66,2,466.73,3,1,2,312,Need Attention,1,United Kingdom,2011-03-22 13:46:00,2011-10-04 15:21:00,-0.5752716893319869,-0.017899349056927496
14205,17,2,466.7,4,1,2,412,Recent Customers,0,United Kingdom,2011-03-20 15:07:00,2011-11-23 10:55:00,-0.07323415829735169,-0.851117874344464
16504,25,1,465.88,4,1,2,412,Recent Customers,0,United Kingdom,2011-11-14 15:18:00,2011-11-14 15:18:00,-0.5814258798445977,-0.773741458147436
13248,125,2,465.68,2,1,2,212,Hibernating,1,United Kingdom,2011-06-03 13:05:00,2011-08-07 12:40:00,-0.8176031569625009,0.38166925204684926
16742,47,1,464.9,3,1,2,312,Need Attention,1,United Kingdom,2011-10-24 12:02:00,2011-10-24 12:02:00,-0.8166268817150205,-0.38583781169056214
13928,11,4,464.57,5,3,2,532,Loyal Customers,0,United Kingdom,2011-07-29 15:59:00,2011-11-29 10:33:00,0.5417145292797135,-0.9144183139382774
16586,249,1,463.95,1,1,2,112,Lost,1,United Kingdom,2011-04-05 09:32:00,2011-04-05 09:32:00,-1.4479906909631513,0.6595777764808832
15349,158,2,463.91,2,1,2,212,Hibernating,1,United Kingdom,2011-06-05 15:46:00,2011-07-04 16:06:00,-0.9082661810788596,0.5277529121627289
14967,50,1,463.8,3,1,2,312,Need Attention,1,United Kingdom,2011-10-21 11:06:00,2011-10-21 11:06:00,-0.8409061813790949,-0.34826659908983226
12787,10,3,463.66,5,2,2,522,Potential Loyalists,0,Netherlands,2011-05-31 09:36:00,2011-11-30 08:44:00,0.37211112795169177,-1.0556473331782883
17418,42,2,463.46,3,1,2,312,Need Attention,0,United Kingdom,2011-01-20 11:39:00,2011-10-28 13:00:00,-0.4091850030647662,-0.3016003360682913
14489,207,1,463.38,1,1,2,112,Lost,1,United Kingdom,2011-05-16 14:51:00,2011-05-16 14:51:00,-1.3783141761629056,0.5425357225405251
17964,32,2,463.21,4,1,2,412,Recent Customers,0,United Kingdom,2010-12-02 13:32:00,2011-11-08 10:44:00,-0.3083282634294277,-0.46959453511641663
12945,288,1,462.95,1,1,2,112,Lost,1,United Kingdom,2011-02-24 14:15:00,2011-02-24 14:15:00,-1.504388222955146,0.7506926181512916
14331,124,2,462.66,2,1,2,212,Hibernating,1,United Kingdom,2011-07-27 15:14:00,2011-08-07 13:17:00,-0.8176376793784699,0.37425342959823893
14470,12,2,461.19,5,1,2,512,Recent Customers,0,United Kingdom,2011-02-25 11:56:00,2011-11-28 10:31:00,0.04545732989220695,-1.0617309994670652
16824,16,2,460.64,4,1,2,412,Recent Customers,0,United Kingdom,2011-06-28 13:36:00,2011-11-24 12:38:00,-0.05758355205483778,-0.8921024868467563
16805,174,2,460.59,2,1,2,212,Hibernating,1,United Kingdom,2010-12-14 13:35:00,2011-06-19 11:23:00,-0.9482909984059679,0.5859256336536979
12491,39,1,460.4,3,1,2,312,Need Attention,0,France,2011-11-01 12:18:00,2011-11-01 12:18:00,-0.7515824099948142,-0.5049528378848446
12355,214,1,459.4,1,1,2,112,Lost,1,Bahrain,2011-05-09 13:49:00,2011-05-09 13:49:00,-1.3950395870425478,0.5603840771850208
16589,71,3,459.24,3,2,2,322,Need Attention,2,United Kingdom,2011-07-01 13:31:00,2011-09-29 14:50:00,-0.35010749681431724,0.1318919199482093
17880,365,1,458.92,1,1,2,112,Lost,1,United Kingdom,2010-12-10 10:21:00,2010-12-10 10:21:00,-1.5987553301897084,0.897255087165522
15754,51,3,458.57,3,2,2,322,Need Attention,2,United Kingdom,2011-04-07 12:24:00,2011-10-19 14:40:00,-0.2264875504370143,-0.07493560013964852
13506,316,2,458.52,1,1,2,112,Lost,1,United Kingdom,2010-12-05 12:15:00,2011-01-27 13:53:00,-1.1773731797752525,0.9609200147566089
15092,215,2,457.81,1,1,2,112,Lost,1,United Kingdom,2011-03-01 12:24:00,2011-05-08 14:10:00,-1.031562999882102,0.7171642310158993
15121,50,2,457.72,3,1,2,312,Need Attention,0,United Kingdom,2011-02-24 12:41:00,2011-10-20 14:51:00,-0.4802599419996279,-0.1979637372511886
12375,11,2,457.5,5,1,2,512,Recent Customers,0,Finland,2011-09-02 14:23:00,2011-11-29 10:36:00,0.07223276233889428,-1.1153923225716238
13398,192,1,457.34,1,1,2,112,Lost,1,United Kingdom,2011-05-31 13:17:00,2011-05-31 13:17:00,-1.3559300360127384,0.4903188262554343
12564,261,1,456.9,1,1,2,112,Lost,1,France,2011-03-23 14:55:00,2011-03-23 14:55:00,-1.4731447751781417,0.6837342673009474
12999,196,3,455.88,1,2,2,122,Lost,1,United Kingdom,2011-04-08 10:26:00,2011-05-27 13:24:00,-0.7380771421361818,0.7673035942399627
14513,101,3,455.59,2,2,2,222,Hibernating,1,United Kingdom,2011-02-24 09:36:00,2011-08-31 11:25:00,-0.48693530809067814,0.34979614482099064
15585,177,1,455.3,2,1,2,212,Hibernating,1,United Kingdom,2011-06-16 08:38:00,2011-06-16 08:38:00,-1.3271389647359408,0.4374045694834386
16529,190,1,455.25,1,1,2,112,Lost,1,United Kingdom,2011-06-02 17:23:00,2011-06-02 17:23:00,-1.3541179166624802,0.48205072223657447
14335,16,2,454.86,4,1,2,412,Recent Customers,0,Germany,2011-09-04 13:07:00,2011-11-23 13:41:00,-0.06355773273279336,-0.8966913232721468
15471,2,1,454.48,5,1,2,512,Recent Customers,0,United Kingdom,2011-12-07 14:12:00,2011-12-07 14:12:00,0.2317714482194412,-2.15171932388234
13485,233,1,454.24,1,1,2,112,Lost,1,United Kingdom,2011-04-20 13:58:00,2011-04-20 13:58:00,-1.4327325287094816,0.6099628062691486
17140,247,1,454.12,1,1,2,112,Lost,1,United Kingdom,2011-04-06 13:33:00,2011-04-06 13:33:00,-1.4550545301905544,0.6467033030031619
15475,77,1,454.11,2,1,2,212,Hibernating,1,United Kingdom,2011-09-23 15:20:00,2011-09-23 15:20:00,-1.0132002495084733,-0.08659097070578281
17564,24,3,454.01,4,2,2,422,Potential Loyalists,0,United Kingdom,2011-09-20 14:00:00,2011-11-15 13:27:00,0.04854730328731583,-0.5428416914243492
18158,9,2,453.4,5,1,2,512,Recent Customers,0,United Kingdom,2011-09-12 09:03:00,2011-11-30 16:19:00,0.13762016649494754,-1.2342439384444088
12729,114,1,453.01,2,1,2,212,Hibernating,1,France,2011-08-18 11:40:00,2011-08-18 11:40:00,-1.1626481956869417,0.1586363667917748
18071,258,2,453.0,1,1,2,112,Lost,1,United Kingdom,2010-12-09 10:33:00,2011-03-27 11:59:00,-1.105911722484247,0.8284167295244999
14184,67,1,452.89,3,1,2,312,Need Attention,1,United Kingdom,2011-10-04 12:43:00,2011-10-04 12:43:00,-0.9620624566671604,-0.17454530842879856
12591,317,1,452.85,1,1,2,112,Lost,1,Italy,2011-01-26 14:35:00,2011-01-26 14:35:00,-1.5513528485449808,0.8032963924986435
16574,71,1,451.44,3,1,2,312,Need Attention,1,United Kingdom,2011-09-29 13:39:00,2011-09-29 13:39:00,-0.9854140217514578,-0.13947589038555686
15802,143,1,451.42,2,1,2,212,Hibernating,1,United Kingdom,2011-07-20 11:38:00,2011-07-20 11:38:00,-1.250215820773015,0.29991888427055285
14173,11,4,450.84,5,3,2,532,Loyal Customers,0,United Kingdom,2011-05-04 14:03:00,2011-11-29 11:54:00,0.5275210019768976,-0.9253205244007546
16885,15,3,450.41,4,2,2,422,Potential Loyalists,0,United Kingdom,2010-12-17 17:23:00,2011-11-24 13:40:00,0.2152616877239941,-0.8286521157784432
17040,138,1,449.73,2,1,2,212,Hibernating,1,United Kingdom,2011-07-25 10:19:00,2011-07-25 10:19:00,-1.2384907622108583,0.2761529710512987
13489,105,4,449.52,2,3,2,232,At Risk,2,United Kingdom,2011-02-18 10:42:00,2011-08-26 13:16:00,-0.3060612605113061,0.45466383954920697
12448,44,1,449.45,3,1,2,312,Need Attention,1,Spain,2011-10-26 13:46:00,2011-10-26 13:46:00,-0.8079636871250977,-0.4390334989526334
15739,66,1,449.12,3,1,2,312,Need Attention,1,United Kingdom,2011-10-04 13:42:00,2011-10-04 13:42:00,-0.9603578957108744,-0.18697482874024304
17579,5,3,448.9,5,2,2,522,Potential Loyalists,0,United Kingdom,2011-06-13 14:12:00,2011-12-05 12:28:00,0.5883477591695875,-1.4516553135400638
14780,55,2,447.68,3,1,2,312,Need Attention,1,United Kingdom,2011-09-21 15:15:00,2011-10-16 12:46:00,-0.5264798019283807,-0.14673407672223468
15646,158,3,447.64,2,2,2,222,Hibernating,1,United Kingdom,2010-12-02 16:59:00,2011-07-05 09:53:00,-0.6648447774084654,0.6248229186197283
15368,21,1,446.94,4,1,2,412,Recent Customers,0,United Kingdom,2011-11-18 14:42:00,2011-11-18 14:42:00,-0.5372477432923035,-0.8947258199003373
14149,221,1,446.62,1,1,2,112,Lost,1,United Kingdom,2011-05-03 09:44:00,2011-05-03 09:44:00,-1.4206265181659654,0.5704422513253933
17370,73,4,446.18,2,3,2,232,At Risk,2,United Kingdom,2011-06-23 11:50:00,2011-09-28 10:14:00,-0.17230943088760695,0.22413361890789357
17190,59,2,444.74,3,1,2,312,Need Attention,1,United Kingdom,2011-05-16 15:29:00,2011-10-12 11:33:00,-0.555952094872824,-0.10539134082051407
18006,23,1,444.68,4,1,2,412,Recent Customers,0,United Kingdom,2011-11-16 16:52:00,2011-11-16 16:52:00,-0.5728842366170745,-0.8414083630467568
14638,51,1,443.6,3,1,2,312,Need Attention,1,United Kingdom,2011-10-20 10:10:00,2011-10-20 10:10:00,-0.8693916279150742,-0.3521391773714991
16404,70,1,443.05,3,1,2,312,Need Attention,1,United Kingdom,2011-09-30 14:55:00,2011-09-30 14:55:00,-0.9889465437646963,-0.15515944322492384
18222,93,1,443.0,2,1,2,212,Hibernating,1,United Kingdom,2011-09-08 10:45:00,2011-09-08 10:45:00,-1.0961942700107383,0.022691404684686056
12579,78,1,440.42,2,1,2,212,Hibernating,1,France,2011-09-22 17:15:00,2011-09-22 17:15:00,-1.0325483544798522,-0.08963889841415361
14022,225,1,440.0,1,1,2,112,Lost,1,United Kingdom,2011-04-28 14:39:00,2011-04-28 14:39:00,-1.43451290716131,0.5763362709351503
15524,25,1,440.0,4,1,2,412,Recent Customers,0,United Kingdom,2011-11-15 12:09:00,2011-11-15 12:09:00,-0.608465733763943,-0.7945110788353713
18233,326,1,440.0,1,1,2,112,Lost,1,United Kingdom,2011-01-18 08:44:00,2011-01-18 08:44:00,-1.5756325849097943,0.8105281457724478
13954,2,2,439.92,5,1,2,512,Recent Customers,0,United Kingdom,2011-09-30 10:52:00,2011-12-08 12:50:00,0.5832564562389112,-2.0084533085055565
12391,22,1,439.66,4,1,2,412,Recent Customers,0,Cyprus,2011-11-18 12:07:00,2011-11-18 12:07:00,-0.5619975946857375,-0.8725139916949721
16025,30,1,439.66,4,1,2,412,Recent Customers,0,United Kingdom,2011-11-10 11:45:00,2011-11-10 11:45:00,-0.6760213201669206,-0.6832885734371102
13359,64,1,439.56,3,1,2,312,Need Attention,1,United Kingdom,2011-10-07 09:30:00,2011-10-07 09:30:00,-0.9589602798702407,-0.21400505837554362
16968,4,2,439.43,5,1,2,512,Recent Customers,0,United Kingdom,2011-08-24 10:51:00,2011-12-05 15:02:00,0.38759486006526384,-1.6850275821765446
13358,269,1,439.03,1,1,2,112,Lost,1,United Kingdom,2011-03-16 11:52:00,2011-03-16 11:52:00,-1.503509446363554,0.6883032324123382
14272,74,2,437.96,2,1,2,212,Hibernating,1,United Kingdom,2011-03-30 13:57:00,2011-09-27 10:08:00,-0.6484601191968417,0.030485012680711878
12552,39,2,437.82,3,1,2,312,Need Attention,0,Italy,2011-10-31 12:11:00,2011-11-01 10:02:00,-0.40848411598807693,-0.36812875334771056
16034,196,3,437.7,1,2,2,122,Lost,1,United Kingdom,2011-01-11 11:54:00,2011-05-27 16:17:00,-0.7573302125676311,0.7525150909021833
12592,92,2,437.6,2,1,2,212,Hibernating,1,Germany,2011-05-10 13:44:00,2011-09-08 15:04:00,-0.731021260729022,0.16655302261088611
16084,299,1,436.18,1,1,2,112,Lost,1,United Kingdom,2011-02-13 16:05:00,2011-02-13 16:05:00,-1.5468379668102057,0.7527284826756068
15551,37,1,436.06,3,1,2,312,Need Attention,0,United Kingdom,2011-11-03 12:37:00,2011-11-03 12:37:00,-0.7576852682500244,-0.5572074993238432
16948,139,3,435.02,2,2,2,222,Hibernating,1,United Kingdom,2011-01-18 10:58:00,2011-07-24 12:46:00,-0.6297599561116795,0.5337553878009998
15456,283,3,434.59,1,2,2,122,Lost,1,United Kingdom,2010-12-15 15:34:00,2011-03-01 13:51:00,-0.9004271367369934,0.9817990585140743
14910,3,4,434.35,5,3,2,532,Loyal Customers,0,United Kingdom,2011-10-16 11:06:00,2011-12-07 10:06:00,0.929560627546149,-1.6353106084593239
14460,110,3,434.34,2,2,2,222,Hibernating,1,United Kingdom,2011-02-02 11:55:00,2011-08-21 14:19:00,-0.5418336031256737,0.3860426779141084
14093,12,1,433.86,5,1,2,512,Recent Customers,0,United Kingdom,2011-11-27 16:27:00,2011-11-27 16:27:00,-0.3503329046892021,-1.2390283654912784
12493,166,2,433.74,2,1,2,212,Hibernating,1,France,2011-05-26 14:53:00,2011-06-27 10:17:00,-0.9588321072011211,0.5344360399918323
17035,246,2,433.53,1,1,2,112,Lost,1,United Kingdom,2011-02-01 12:27:00,2011-04-08 11:23:00,-1.1085731286776663,0.7823791054832766
16236,78,1,432.2,2,1,2,212,Hibernating,1,United Kingdom,2011-09-22 14:10:00,2011-09-22 14:10:00,-1.0414611930970379,-0.09648495157272086
16881,67,1,432.0,3,1,2,312,Need Attention,1,United Kingdom,2011-10-04 10:33:00,2011-10-04 10:33:00,-0.9844033152228625,-0.19170557709847424
12452,17,2,430.57,4,1,2,412,Recent Customers,0,Switzerland,2011-11-23 08:05:00,2011-11-23 10:28:00,-0.11135500518921057,-0.8803989323194228
13245,51,1,430.5,3,1,2,312,Need Attention,1,United Kingdom,2011-10-20 11:40:00,2011-10-20 11:40:00,-0.8835724310257768,-0.363031614236658
12795,19,1,430.48,4,1,2,412,Recent Customers,0,Portugal,2011-11-21 10:27:00,2011-11-21 10:27:00,-0.5185909449551984,-0.9687814934610277
12827,6,3,430.15,5,2,2,522,Potential Loyalists,0,United Kingdom,2011-10-26 15:44:00,2011-12-04 12:17:00,0.5092780473329468,-1.3694375794954174
15450,30,1,429.84,4,1,2,412,Recent Customers,0,United Kingdom,2011-11-09 17:11:00,2011-11-09 17:11:00,-0.6867072746427453,-0.691496577142065
16884,38,2,429.84,3,1,2,312,Need Attention,0,United Kingdom,2011-11-02 10:16:00,2011-11-02 11:52:00,-0.4075147107804201,-0.39086268528095697
15230,239,2,429.6,1,1,2,112,Lost,1,United Kingdom,2011-04-13 11:04:00,2011-04-14 14:39:00,-1.101898804211173,0.7608448780086626
15036,72,3,429.56,3,2,2,322,Need Attention,2,United Kingdom,2011-06-13 12:19:00,2011-09-28 15:42:00,-0.38698439433282333,0.11635763124511576
15553,60,1,428.93,3,1,2,312,Need Attention,1,United Kingdom,2011-10-10 14:02:00,2011-10-10 14:02:00,-0.946279175000725,-0.26316389907979537
13602,65,1,428.89,3,1,2,312,Need Attention,1,United Kingdom,2011-10-06 11:47:00,2011-10-06 11:47:00,-0.9764174297278423,-0.21325575975214264
15957,32,1,428.89,4,1,2,412,Recent Customers,0,United Kingdom,2011-11-08 12:14:00,2011-11-08 12:14:00,-0.7116365911005511,-0.6526666343265307
17869,107,5,428.18,2,3,2,232,At Risk,2,United Kingdom,2010-12-06 17:16:00,2011-08-24 16:16:00,-0.17123486230125237,0.518581651103778
15360,40,1,427.93,3,1,2,312,Need Attention,0,United Kingdom,2011-10-31 09:35:00,2011-10-31 09:35:00,-0.7956148333417599,-0.5158758788928506
12725,371,1,427.8,1,1,2,112,Lost,1,Italy,2010-12-03 15:45:00,2010-12-03 15:45:00,-1.6381870804795562,0.8820463508169375
12403,50,1,427.7,3,1,2,312,Need Attention,1,Denmark,2011-10-21 10:51:00,2011-10-21 10:51:00,-0.8792415786189586,-0.377712455638031
15976,165,2,427.64,2,1,2,212,Hibernating,1,United Kingdom,2011-05-03 17:12:00,2011-06-27 13:00:00,-0.9632379895097215,0.5254821275132608
12740,64,1,427.6,3,1,2,312,Need Attention,1,France,2011-10-07 10:44:00,2011-10-07 10:44:00,-0.9720102555946797,-0.2240288938071933
12802,187,1,427.58,1,1,2,112,Lost,1,Netherlands,2011-06-06 09:36:00,2011-06-06 09:36:00,-1.3777351534711986,0.4492286973626626
15930,67,1,426.63,3,1,2,312,Need Attention,1,United Kingdom,2011-10-03 14:52:00,2011-10-03 14:52:00,-0.9903204884455435,-0.196250625446238
14288,213,1,426.6,1,1,2,112,Lost,1,United Kingdom,2011-05-10 13:22:00,2011-05-10 13:22:00,-1.4283023582173926,0.530511231201005
15639,134,1,425.32,2,1,2,212,Hibernating,1,United Kingdom,2011-07-28 14:30:00,2011-07-28 14:30:00,-1.253736896417527,0.2373643198531781
14157,20,2,424.89,4,1,2,412,Recent Customers,0,United Kingdom,2011-02-27 13:04:00,2011-11-20 11:32:00,-0.17652216630024722,-0.7875024902452555
16119,8,2,423.36,5,1,2,512,Recent Customers,0,United Kingdom,2011-09-28 10:15:00,2011-12-01 15:11:00,0.1454374641987138,-1.3259457645625068
17525,360,1,422.7,1,1,2,112,Lost,1,United Kingdom,2010-12-15 12:05:00,2010-12-15 12:05:00,-1.6323943167382917,0.8586605100918472
13473,61,2,422.64,3,1,2,312,Need Attention,1,United Kingdom,2011-01-11 08:45:00,2011-10-10 11:20:00,-0.5925893979598543,-0.1031251339296672
16689,76,2,422.6,2,1,2,212,Hibernating,1,United Kingdom,2011-09-18 13:29:00,2011-09-25 11:39:00,-0.6754020730696897,0.034196022836046246
18240,46,1,422.58,3,1,2,312,Need Attention,1,United Kingdom,2011-10-24 13:06:00,2011-10-24 13:06:00,-0.8537377012465449,-0.4338669965950861
13140,108,3,422.47,2,2,2,222,Hibernating,1,United Kingdom,2010-12-08 15:12:00,2011-08-23 15:33:00,-0.5479958635451052,0.3644479486072639
16780,100,2,422.24,2,1,2,212,Hibernating,1,United Kingdom,2011-03-25 17:34:00,2011-08-31 16:09:00,-0.7794470338799839,0.20588274528689232
18106,330,1,421.9,1,1,2,112,Lost,1,United Kingdom,2011-01-14 12:23:00,2011-01-14 12:23:00,-1.6001484421522008,0.8029721821843585
14757,75,1,420.5,2,1,2,212,Hibernating,1,United Kingdom,2011-09-25 14:36:00,2011-09-25 14:36:00,-1.039654581586186,-0.1309992885276047
15206,10,4,420.3,5,3,2,532,Loyal Customers,0,United Kingdom,2011-03-09 08:59:00,2011-11-29 13:41:00,0.5275763619150787,-1.0059682562732248
15889,157,2,420.07,2,1,2,212,Hibernating,1,United Kingdom,2010-12-05 15:12:00,2011-07-06 11:10:00,-0.9528187087981775,0.48768078020080835
14124,84,1,419.58,2,1,2,212,Hibernating,1,United Kingdom,2011-09-16 13:32:00,2011-09-16 13:32:00,-1.0834430634448098,-0.060846315339051785
15361,362,1,418.92,1,1,2,112,Lost,1,United Kingdom,2010-12-13 09:52:00,2010-12-13 09:52:00,-1.638753925227418,0.8588991319866246
18034,22,2,418.68,4,1,2,412,Recent Customers,0,United Kingdom,2011-11-18 12:08:00,2011-11-18 12:22:00,-0.21823787614547174,-0.7351818594177851
17371,17,3,418.4,4,2,2,422,Potential Loyalists,0,United Kingdom,2010-12-13 15:20:00,2011-11-22 13:30:00,0.13539423573609843,-0.7807727760510405
12593,109,3,418.1,2,2,2,222,Hibernating,1,France,2011-05-05 09:29:00,2011-08-23 12:43:00,-0.5564029257781338,0.36645942336103937
17701,253,1,417.95,1,1,2,112,Lost,1,United Kingdom,2011-04-01 12:25:00,2011-04-01 12:25:00,-1.5034509948333392,0.6316982802027751
17232,3,2,417.77,5,1,2,512,Recent Customers,0,United Kingdom,2011-11-25 12:24:00,2011-12-07 12:21:00,0.44892373827312176,-1.8448529939876992
13615,319,1,417.69,1,1,2,112,Lost,1,United Kingdom,2011-01-25 08:21:00,2011-01-25 08:21:00,-1.5919818157688412,0.777902962576651
16737,53,1,417.6,3,1,2,312,Need Attention,1,United Kingdom,2011-10-17 13:03:00,2011-10-17 13:03:00,-0.912380588457377,-0.350160885718287
12833,145,1,417.38,2,1,2,212,Hibernating,1,United Kingdom,2011-07-17 13:46:00,2011-07-17 13:46:00,-1.2925736890764943,0.2801745992951012
17392,307,2,417.27,1,1,2,112,Lost,1,United Kingdom,2010-12-16 19:04:00,2011-02-06 12:48:00,-1.2109677245629094,0.9084060507851224
13166,283,1,417.2,1,1,2,112,Lost,1,United Kingdom,2011-03-01 15:16:00,2011-03-01 15:16:00,-1.5469468299596474,0.7018182855254513
16816,103,4,417.06,2,3,2,232,At Risk,2,United Kingdom,2010-12-16 17:01:00,2011-08-28 14:16:00,-0.33424105930270803,0.41535421496716657
13889,93,1,416.9,2,1,2,212,Hibernating,1,United Kingdom,2011-09-08 09:13:00,2011-09-08 09:13:00,-1.124919748407147,0.0006270365800179378
17223,310,2,416.89,1,1,2,112,Lost,1,United Kingdom,2010-12-06 14:08:00,2011-02-02 15:57:00,-1.2151014486162064,0.9142198417848804
15935,239,2,416.86,1,1,2,112,Lost,1,United Kingdom,2011-04-12 09:35:00,2011-04-14 13:27:00,-1.1161391829429792,0.7499066804283661
16957,239,2,416.64,1,1,2,112,Lost,1,United Kingdom,2011-03-03 09:25:00,2011-04-14 13:56:00,-1.1163888878510533,0.7497148792359452
13085,158,2,416.08,2,1,2,212,Hibernating,1,United Kingdom,2011-02-17 13:57:00,2011-07-05 12:11:00,-0.9597432532139976,0.4882127850022272
14139,46,1,415.82,3,1,2,312,Need Attention,1,United Kingdom,2011-10-24 13:34:00,2011-10-24 13:34:00,-0.8613658799956448,-0.4397262878335356
15803,51,1,415.82,3,1,2,312,Need Attention,1,United Kingdom,2011-10-19 14:56:00,2011-10-19 14:56:00,-0.8999843947323556,-0.37563783104339643
12930,78,2,415.8,2,1,2,212,Hibernating,1,United Kingdom,2011-06-21 13:25:00,2011-09-22 15:18:00,-0.6928707482170589,0.04455771679028719
12580,247,1,415.7,1,1,2,112,Lost,1,Germany,2011-04-07 10:24:00,2011-04-07 10:24:00,-1.4968724815089869,0.6145824568839082
15725,15,1,415.25,4,1,2,412,Recent Customers,0,United Kingdom,2011-11-24 14:51:00,2011-11-24 14:51:00,-0.45038939007005113,-1.1233279238056442
14333,68,1,415.2,3,1,2,312,Need Attention,1,United Kingdom,2011-10-03 10:38:00,2011-10-03 10:38:00,-1.00874322304564,-0.19686309908341348
18001,12,2,415.13,5,1,2,512,Recent Customers,0,United Kingdom,2011-09-14 11:21:00,2011-11-27 16:02:00,-0.00431873855505852,-1.0999645662633255
16795,365,1,414.88,1,1,2,112,Lost,1,United Kingdom,2010-12-09 14:08:00,2010-12-09 14:08:00,-1.646481839279644,0.8605958103249738
14998,170,2,414.87,2,1,2,212,Hibernating,1,United Kingdom,2011-04-12 16:28:00,2011-06-22 17:30:00,-0.9889147636348726,0.5332794142126216
12993,23,4,414.76,4,3,2,432,Loyal Customers,0,United Kingdom,2011-02-14 14:29:00,2011-11-16 15:49:00,0.2232809547373739,-0.5162187187276536
15994,55,1,414.27,3,1,2,312,Need Attention,1,United Kingdom,2011-10-16 12:28:00,2011-10-16 12:28:00,-0.9300599884188292,-0.3300149937970789
16239,57,2,414.2,3,1,2,312,Need Attention,1,United Kingdom,2011-06-03 09:30:00,2011-10-14 08:29:00,-0.576655193219064,-0.15273233008322562
17483,65,3,414.04,3,2,2,322,Need Attention,2,United Kingdom,2011-06-09 19:40:00,2011-10-05 13:10:00,-0.3658842979290569,0.03908332431070895
13974,49,1,413.59,3,1,2,312,Need Attention,1,United Kingdom,2011-10-21 14:41:00,2011-10-21 14:41:00,-0.8875457178051903,-0.4024549840452848
16834,228,1,413.46,1,1,2,112,Lost,1,United Kingdom,2011-04-26 09:37:00,2011-04-26 09:37:00,-1.4689803968253272,0.5620904053005591
17134,107,2,413.2,2,1,2,212,Hibernating,1,United Kingdom,2011-03-20 11:56:00,2011-08-25 09:53:00,-0.815282220924097,0.24049990656423129
14620,206,2,412.78,1,1,2,112,Lost,1,United Kingdom,2011-03-01 08:30:00,2011-05-18 11:58:00,-1.0642864108821002,0.652561222527307
15523,84,1,412.01,2,1,2,212,Hibernating,1,United Kingdom,2011-09-16 16:29:00,2011-09-16 16:29:00,-1.0920551059462345,-0.06746132356492833
16272,117,1,411.7,2,1,2,212,Hibernating,1,United Kingdom,2011-08-15 10:53:00,2011-08-15 10:54:00,-1.2177192260707597,0.14021733168724124
15186,14,2,411.41,4,1,2,412,Recent Customers,0,United Kingdom,2011-06-24 14:54:00,2011-11-25 14:58:00,-0.0632407550517299,-1.0125182551154825
15099,84,1,410.48,2,1,2,212,Hibernating,1,United Kingdom,2011-09-16 13:13:00,2011-09-16 13:13:00,-1.0938148818991305,-0.06881302757732506
15695,267,2,409.98,1,1,2,112,Lost,1,United Kingdom,2011-03-18 08:31:00,2011-03-18 08:32:00,-1.1661638019941114,0.8138137920409295
14048,305,1,409.93,1,1,2,112,Lost,1,United Kingdom,2011-02-07 14:53:00,2011-02-07 14:53:00,-1.5837632511023243,0.7427297742262792
13827,58,3,409.8,3,2,2,322,Need Attention,2,United Kingdom,2011-07-19 15:38:00,2011-10-13 12:38:00,-0.3279245438470394,-0.035731658670660214
14348,260,1,409.57,1,1,2,112,Lost,1,United Kingdom,2011-03-24 16:23:00,2011-03-24 16:23:00,-1.5234164269811699,0.6415737502715138
12990,31,3,409.5,4,2,2,422,Potential Loyalists,0,United Kingdom,2011-02-02 15:39:00,2011-11-08 13:01:00,-0.09456397097456629,-0.42384068207482134
15225,234,1,409.4,1,1,2,112,Lost,1,United Kingdom,2011-04-19 14:51:00,2011-04-19 14:51:00,-1.4835278761601356,0.5749009222907081
16243,34,2,409.1,3,1,2,312,Need Attention,0,United Kingdom,2011-10-16 12:09:00,2011-11-06 12:32:00,-0.3895701619887557,-0.47743145599888903
16018,39,2,408.9,3,1,2,312,Need Attention,0,United Kingdom,2011-06-12 13:52:00,2011-10-31 14:13:00,-0.4408101826828887,-0.39295877445606414
15269,24,1,408.8,4,1,2,412,Recent Customers,0,United Kingdom,2011-11-16 09:32:00,2011-11-16 09:32:00,-0.6282749670877691,-0.846098220088287
17913,59,2,408.65,3,1,2,312,Need Attention,1,United Kingdom,2010-12-19 11:35:00,2011-10-12 10:45:00,-0.5959863221916185,-0.13614208815909554
16629,74,2,408.63,2,1,2,212,Hibernating,1,United Kingdom,2011-09-04 16:12:00,2011-09-27 10:34:00,-0.6812498629997509,0.005298835888766672
16324,128,3,408.59,2,2,2,222,Hibernating,1,United Kingdom,2011-06-15 14:26:00,2011-08-03 12:58:00,-0.628150689318653,0.4591061776908602
17931,134,2,408.36,2,1,2,212,Hibernating,1,United Kingdom,2011-03-29 12:31:00,2011-07-28 18:33:00,-0.9060958289380814,0.3776777605895283
16399,19,2,408.02,4,1,2,412,Recent Customers,0,United Kingdom,2011-04-18 13:46:00,2011-11-20 16:12:00,-0.17704838633654227,-0.8331523870475781
15127,66,1,406.53,3,1,2,312,Need Attention,1,United Kingdom,2011-10-05 10:30:00,2011-10-05 10:30:00,-1.0074887990720245,-0.22317661401654929
16947,236,1,406.48,1,1,2,112,Lost,1,United Kingdom,2011-04-18 09:38:00,2011-04-18 09:38:00,-1.490150847075739,0.5776727127532665
15342,130,1,406.09,2,1,2,212,Hibernating,1,United Kingdom,2011-08-02 10:19:00,2011-08-02 10:19:00,-1.2641324673204222,0.20148694716504054
14616,243,3,406.08,1,2,2,122,Lost,1,United Kingdom,2011-01-26 12:42:00,2011-04-11 09:54:00,-0.8745339424648468,0.8609101676105657
12970,7,4,405.47,5,3,2,532,Loyal Customers,0,United Kingdom,2011-01-21 14:04:00,2011-12-02 14:30:00,0.632233666133872,-1.2208987825899846
12922,161,1,405.38,2,1,2,212,Hibernating,1,United Kingdom,2011-07-01 15:35:00,2011-07-01 15:35:00,-1.346096155813731,0.3354985456003063
15012,54,2,405.04,3,1,2,312,Need Attention,1,United Kingdom,2010-12-01 12:49:00,2011-10-17 12:22:00,-0.5669451187666574,-0.19452546252667605
15938,112,5,404.58,2,3,2,232,At Risk,2,United Kingdom,2011-01-20 10:11:00,2011-08-19 12:56:00,-0.2153402079959686,0.5266726635657046
16319,218,1,404.4,1,1,2,112,Lost,1,United Kingdom,2011-05-06 11:27:00,2011-05-06 11:27:00,-1.462403978589062,0.5257352655709683
16484,174,2,404.3,2,1,2,212,Hibernating,1,United Kingdom,2011-06-02 10:39:00,2011-06-19 12:06:00,-1.0099547000707187,0.5385610399835153
12498,21,3,403.7,4,2,2,422,Potential Loyalists,0,Germany,2011-10-13 09:30:00,2011-11-18 12:53:00,0.041821003092327,-0.6665548897106641
17431,313,1,403.3,1,1,2,112,Lost,1,United Kingdom,2011-01-30 14:36:00,2011-01-30 14:36:00,-1.6013342866422418,0.7531662776339058
15221,366,1,403.25,1,1,2,112,Lost,1,United Kingdom,2010-12-08 13:08:00,2010-12-08 13:08:00,-1.6609727231837441,0.8519954928894752
18036,32,3,403.12,4,2,2,422,Potential Loyalists,0,United Kingdom,2011-04-08 11:26:00,2011-11-07 14:40:00,-0.1137458867795246,-0.4100383432313854
15184,29,2,402.2,4,1,2,412,Recent Customers,0,United Kingdom,2011-06-02 12:06:00,2011-11-10 13:41:00,-0.33873053134760955,-0.5813330378989616
12386,338,2,401.9,1,1,2,112,Lost,1,Australia,2010-12-08 09:53:00,2011-01-06 12:37:00,-1.265353255407888,0.9555653490758026
15158,45,1,401.4,3,1,2,312,Need Attention,1,United Kingdom,2011-10-25 13:53:00,2011-10-25 13:53:00,-0.8698445527849227,-0.46618269545708524
16500,5,6,400.86,5,3,2,532,Loyal Customers,0,United Kingdom,2011-01-13 10:28:00,2011-12-05 12:04:00,1.0411798429976513,-1.2787177395126457
16198,75,1,400.68,2,1,2,212,Hibernating,1,United Kingdom,2011-09-25 14:58:00,2011-09-25 14:58:00,-1.0624918221136084,-0.14854083386022793
12792,257,1,400.54,1,1,2,112,Lost,1,Portugal,2011-03-28 11:36:00,2011-03-28 11:36:00,-1.5295450957046712,0.6261452874090871
17375,199,3,400.1,1,2,2,122,Lost,1,United Kingdom,2010-12-13 15:16:00,2011-05-24 15:45:00,-0.8055903176562903,0.7294616290255126
18164,37,1,399.65,3,1,2,312,Need Attention,0,United Kingdom,2011-11-02 12:56:00,2011-11-02 12:56:00,-0.7989283890273288,-0.588886811537822
13255,9,2,399.51,5,1,2,512,Recent Customers,0,United Kingdom,2010-12-01 11:58:00,2011-11-30 13:14:00,0.07776318011867477,-1.2802207734623179
18154,3,2,399.19,5,1,2,512,Recent Customers,0,United Kingdom,2011-10-27 10:40:00,2011-12-06 16:41:00,0.4274054168394315,-1.8613814624976222
17052,28,1,399.09,4,1,2,412,Recent Customers,0,United Kingdom,2011-11-11 14:50:00,2011-11-11 14:50:00,-0.6963412273142786,-0.7607429670844422
17830,2,3,398.7,5,2,2,522,Potential Loyalists,0,United Kingdom,2011-02-24 10:15:00,2011-12-08 12:28:00,0.7970307462266181,-1.9341555887450093
15522,33,2,397.99,4,1,2,412,Recent Customers,0,United Kingdom,2011-09-13 12:26:00,2011-11-07 11:26:00,-0.3915195107683435,-0.5058104500110471
13352,60,1,397.98,3,1,2,312,Need Attention,1,United Kingdom,2011-10-10 13:55:00,2011-10-10 13:55:00,-0.9817038652064688,-0.2903740083043326
12508,26,2,397.88,4,1,2,412,Recent Customers,0,France,2011-11-10 16:27:00,2011-11-13 15:37:00,-0.30359067445524895,-0.6520480941823016
15967,23,2,397.68,4,1,2,412,Recent Customers,0,United Kingdom,2011-01-25 11:57:00,2011-11-16 15:41:00,-0.2588355931533871,-0.726897646943339
15429,27,2,397.35,4,1,2,412,Recent Customers,0,United Kingdom,2011-09-25 13:42:00,2011-11-13 12:28:00,-0.31811348099879544,-0.6294775867971387
17926,133,2,397.29,2,1,2,212,Hibernating,1,United Kingdom,2011-05-20 09:24:00,2011-07-29 14:39:00,-0.9162544581338585,0.36297995244996517
12824,60,1,397.12,3,1,2,312,Need Attention,1,United Kingdom,2011-10-11 12:49:00,2011-10-11 12:49:00,-0.982727008949526,-0.2911598967013601
13594,53,1,396.97,3,1,2,312,Need Attention,1,United Kingdom,2011-10-18 10:19:00,2011-10-18 10:19:00,-0.9363440237031844,-0.36856747407930024
17486,261,1,396.87,1,1,2,112,Lost,1,United Kingdom,2011-03-23 14:00:00,2011-03-23 14:00:00,-1.5397757225840822,0.6325542754331267
15883,2,2,396.48,5,1,2,512,Recent Customers,0,United Kingdom,2011-11-06 14:50:00,2011-12-07 17:05:00,0.5340775941979572,-2.046228154238882
18067,40,1,396.33,3,1,2,312,Need Attention,0,United Kingdom,2011-10-30 15:58:00,2011-10-30 15:58:00,-0.8319003299077863,-0.5437471833162287
16354,63,2,395.8,3,1,2,312,Need Attention,1,United Kingdom,2011-09-27 16:28:00,2011-10-07 14:28:00,-0.6357516069459606,-0.10683627165016499
17603,78,1,394.72,2,1,2,212,Hibernating,1,United Kingdom,2011-09-22 14:18:00,2011-09-22 14:18:00,-1.0843687741160515,-0.12944275471248512
14619,246,1,394.44,1,1,2,112,Lost,1,United Kingdom,2011-04-08 07:37:00,2011-04-08 07:37:00,-1.520159379865972,0.5929486386559243
16207,25,1,394.38,4,1,2,412,Recent Customers,0,United Kingdom,2011-11-14 13:51:00,2011-11-14 13:51:00,-0.6602423580038637,-0.8342812953895201
15386,186,1,394.14,1,1,2,112,Lost,1,United Kingdom,2011-06-06 13:47:00,2011-06-06 13:47:00,-1.4142169366566366,0.4162607289841273
15264,64,1,393.74,3,1,2,312,Need Attention,1,United Kingdom,2011-10-06 13:49:00,2011-10-06 13:49:00,-1.011031723106966,-0.25400172876903254
15345,46,1,393.54,3,1,2,312,Need Attention,1,United Kingdom,2011-10-25 11:28:00,2011-10-25 11:28:00,-0.887413115202951,-0.4597334667494741
17226,309,1,393.49,1,1,2,112,Lost,1,United Kingdom,2011-02-04 11:52:00,2011-02-04 11:52:00,-1.6080836749149778,0.7360926925557405
14600,306,1,393.33,1,1,2,112,Lost,1,United Kingdom,2011-02-07 09:48:00,2011-02-07 09:48:00,-1.6045612665998805,0.7297802048888417
14670,280,2,392.86,1,1,2,112,Lost,1,United Kingdom,2011-03-04 13:58:00,2011-03-04 14:13:00,-1.204433026135114,0.8283453283216092
16010,246,3,392.4,1,2,2,122,Lost,1,United Kingdom,2010-12-12 12:18:00,2011-04-08 10:14:00,-0.8954099748823402,0.8562074045530806
15837,65,1,391.98,3,1,2,312,Need Attention,1,United Kingdom,2011-10-06 09:01:00,2011-10-06 09:01:00,-1.0189826786587104,-0.24595061370433746
16917,277,1,391.52,1,1,2,112,Lost,1,United Kingdom,2011-03-08 11:55:00,2011-03-08 11:55:00,-1.5688383053177901,0.6652013109070432
12982,243,1,390.54,1,1,2,112,Lost,1,United Kingdom,2011-04-11 11:51:00,2011-04-11 11:51:00,-1.5201908612918384,0.5815921014912411
18024,153,2,389.78,2,1,2,212,Hibernating,1,United Kingdom,2011-07-10 12:28:00,2011-07-10 12:40:00,-0.9784211260168864,0.44423568817323467
17379,11,1,389.72,5,1,2,512,Recent Customers,0,United Kingdom,2011-11-28 13:56:00,2011-11-28 13:56:00,-0.3705070180970017,-1.3287521710995196
14752,44,1,389.64,3,1,2,312,Need Attention,1,United Kingdom,2011-10-27 11:55:00,2011-10-27 11:55:00,-0.8755122025607537,-0.4909182853060091
13873,120,3,389.6,2,2,2,222,Hibernating,1,United Kingdom,2011-02-03 09:37:00,2011-08-12 10:08:00,-0.6262038837186856,0.40123068367987924
13345,288,1,389.5,1,1,2,112,Lost,1,United Kingdom,2011-02-25 09:01:00,2011-02-25 09:01:00,-1.586108373309652,0.6879224371256528
16250,261,2,389.44,1,1,2,112,Lost,1,United Kingdom,2010-12-01 09:59:00,2011-03-23 15:07:00,-1.1818244919139576,0.780787070295422
15847,38,2,389.27,3,1,2,312,Need Attention,0,United Kingdom,2011-02-24 16:46:00,2011-11-01 14:41:00,-0.4544077397439501,-0.42688175651506904
12690,206,1,389.01,1,1,2,112,Lost,1,France,2011-05-18 09:09:00,2011-05-18 09:09:00,-1.4592279686777647,0.47591573483716854
15592,47,1,388.58,3,1,2,312,Need Attention,1,United Kingdom,2011-10-24 08:59:00,2011-10-24 08:59:00,-0.9014541566398635,-0.4509946105932263
13899,16,2,388.52,4,1,2,412,Recent Customers,0,United Kingdom,2011-03-10 09:30:00,2011-11-23 13:40:00,-0.13812843017039736,-0.9539699278398199
13856,169,3,388.5,2,2,2,222,Hibernating,1,United Kingdom,2011-05-20 13:13:00,2011-06-24 10:03:00,-0.7574234104776878,0.6157467769394132
17438,254,1,388.45,1,1,2,112,Lost,1,United Kingdom,2011-03-31 10:26:00,2011-03-31 10:26:00,-1.5395729579421997,0.607596415250195
14538,65,2,388.25,3,1,2,312,Need Attention,1,United Kingdom,2011-03-28 14:57:00,2011-10-06 10:31:00,-0.6566151151384969,-0.09432558312946723
17817,4,3,387.68,5,2,2,522,Potential Loyalists,0,United Kingdom,2011-03-07 17:30:00,2011-12-05 14:39:00,0.588639992647371,-1.620507273632046
14420,99,1,387.52,2,1,2,212,Hibernating,1,United Kingdom,2011-09-01 18:07:00,2011-09-01 18:07:00,-1.1831207938177337,0.01330248501242914
13673,19,2,387.44,4,1,2,412,Recent Customers,0,United Kingdom,2011-11-07 15:40:00,2011-11-21 12:11:00,-0.20152682679177153,-0.851954556793162
17508,281,1,387.31,1,1,2,112,Lost,1,Greece,2011-03-04 08:10:00,2011-03-04 08:10:00,-1.5794085697046896,0.6703302942410329
17595,12,2,386.69,5,1,2,512,Recent Customers,0,United Kingdom,2011-11-02 16:19:00,2011-11-27 16:08:00,-0.03788499777400265,-1.125747193416929
14114,274,2,386.53,1,1,2,112,Lost,1,United Kingdom,2011-01-13 11:05:00,2011-03-11 09:42:00,-1.2038705322664631,0.8087617980909321
15664,51,1,386.43,3,1,2,312,Need Attention,1,United Kingdom,2011-10-20 10:57:00,2011-10-20 10:57:00,-0.9346543109386429,-0.4022681897367146
17614,57,1,386.32,3,1,2,312,Need Attention,1,United Kingdom,2011-10-13 16:01:00,2011-10-13 16:01:00,-0.9765028648088221,-0.3331462598240909
14779,281,3,386.15,1,2,2,122,Lost,1,United Kingdom,2011-01-20 12:04:00,2011-03-04 12:42:00,-0.9536253215418748,0.9343831668943311
13821,145,2,385.64,2,1,2,212,Hibernating,1,United Kingdom,2011-03-23 11:30:00,2011-07-18 09:49:00,-0.9630931632961865,0.4065387204935721
17711,11,2,385.1,5,1,2,512,Recent Customers,0,United Kingdom,2011-02-23 11:32:00,2011-11-29 11:40:00,-0.009257455716327278,-1.1779858899715276
13919,59,2,384.81,3,1,2,312,Need Attention,1,Denmark,2011-08-10 10:15:00,2011-10-11 14:24:00,-0.6244157963242225,-0.1579790920073009
17357,24,2,384.39,4,1,2,412,Recent Customers,0,United Kingdom,2011-11-15 16:29:00,2011-11-15 16:30:00,-0.29050494292699963,-0.7133668404878662
16204,23,1,384.18,4,1,2,412,Recent Customers,0,United Kingdom,2011-11-16 13:40:00,2011-11-16 13:40:00,-0.6420590036155085,-0.8945422918031503
17205,54,1,384.08,3,1,2,312,Need Attention,1,United Kingdom,2011-10-17 12:46:00,2011-10-17 12:46:00,-0.9589651766701265,-0.3689269127755718
16982,61,1,384.06,3,1,2,312,Need Attention,1,United Kingdom,2011-10-10 12:28:00,2011-10-10 12:28:00,-1.0047536227127638,-0.29299954885453067
12733,234,1,383.95,1,1,2,112,Lost,1,USA,2011-04-19 16:19:00,2011-04-19 16:19:00,-1.5138827641289119,0.5515849860797807
13833,159,1,383.85,2,1,2,212,Hibernating,1,United Kingdom,2011-07-03 13:27:00,2011-07-03 13:27:00,-1.3671614521742717,0.3077979906371303
17189,106,2,383.75,2,1,2,212,Hibernating,1,United Kingdom,2010-12-15 17:28:00,2011-08-25 19:39:00,-0.8467001523117754,0.20774083356654716
12515,353,1,383.7,1,1,2,112,Lost,1,Italy,2010-12-21 15:43:00,2010-12-21 15:43:00,-1.6706997335173854,0.8110791424475196
15440,55,3,383.68,3,2,2,322,Need Attention,2,United Kingdom,2011-05-15 11:30:00,2011-10-16 12:16:00,-0.3391391777348831,-0.09274035762585474
14304,223,1,383.45,1,1,2,112,Lost,1,United Kingdom,2011-05-01 11:50:00,2011-05-01 11:50:00,-1.4961862520132194,0.5207210788848675
15424,254,2,383.34,1,1,2,112,Lost,1,United Kingdom,2011-03-30 13:00:00,2011-03-30 13:02:00,-1.1789460197565633,0.7578844516213684
12832,32,2,383.03,4,1,2,412,Recent Customers,0,United Kingdom,2011-09-02 13:48:00,2011-11-07 13:30:00,-0.39823591528018093,-0.5386536295720684
13817,29,2,382.98,4,1,2,412,Recent Customers,0,Germany,2010-12-23 11:46:00,2011-11-10 17:49:00,-0.3618893551487228,-0.5991215950177456
17239,313,1,382.5,1,1,2,112,Lost,1,United Kingdom,2011-01-31 09:41:00,2011-01-31 09:41:00,-1.6263780243460046,0.7339298966139932
13657,11,2,382.14,5,1,2,512,Recent Customers,0,United Kingdom,2011-05-22 12:35:00,2011-11-29 12:32:00,-0.012906531118588659,-1.1807887864735838
17250,4,2,381.97,5,1,2,512,Recent Customers,0,United Kingdom,2011-03-23 16:45:00,2011-12-06 12:15:00,0.32131034759632926,-1.7359414734117167
15090,308,1,381.32,1,1,2,112,Lost,1,United Kingdom,2011-02-04 14:03:00,2011-02-04 14:03:00,-1.6217074928813995,0.7226317859737948
16441,67,2,381.2,3,1,2,312,Need Attention,1,United Kingdom,2011-02-21 17:35:00,2011-10-03 17:48:00,-0.6766853979114462,-0.08205756407230182
15048,65,4,381.0,3,3,2,332,Loyal Customers,2,United Kingdom,2010-12-06 12:15:00,2011-10-05 14:55:00,-0.20330365149294172,0.09422783081970354
12871,84,2,380.64,2,1,2,212,Hibernating,1,United Kingdom,2011-05-16 13:32:00,2011-09-16 15:07:00,-0.7626210317328167,0.05886711765437019
17573,29,3,380.6,4,2,2,422,Potential Loyalists,0,United Kingdom,2011-09-07 10:36:00,2011-11-10 13:01:00,-0.10452515799039581,-0.49134196960576376
17138,276,1,380.5,1,1,2,112,Lost,1,United Kingdom,2011-03-09 11:54:00,2011-03-09 11:54:00,-1.5809640918917416,0.6525455397808521
17999,37,2,380.39,3,1,2,312,Need Attention,0,United Kingdom,2010-12-08 15:17:00,2011-11-02 15:56:00,-0.45539847836003017,-0.45173119731309436
17031,12,2,380.35,5,1,2,512,Recent Customers,0,United Kingdom,2011-07-08 09:38:00,2011-11-28 10:23:00,-0.04570309396955531,-1.13175236241554
17936,5,1,380.13,5,1,2,512,Recent Customers,0,United Kingdom,2011-12-04 13:32:00,2011-12-04 13:32:00,-0.11750926119923759,-1.777213765355575
14731,47,3,380.02,3,2,2,322,Need Attention,0,United Kingdom,2011-05-11 13:06:00,2011-10-23 15:54:00,-0.2847868306032917,-0.19394378186174718
16552,243,2,379.73,1,1,2,112,Lost,1,United Kingdom,2010-12-01 12:36:00,2011-04-11 10:04:00,-1.1665763561777984,0.7264938079128879
13589,15,2,379.65,4,1,2,412,Recent Customers,0,United Kingdom,2011-06-13 12:44:00,2011-11-25 12:10:00,-0.12589206880994885,-1.0007914589252802
13656,165,2,379.65,2,1,2,212,Hibernating,1,United Kingdom,2011-01-06 15:42:00,2011-06-28 10:31:00,-1.0195378398421642,0.48223756932591855
17878,44,1,379.45,3,1,2,312,Need Attention,1,United Kingdom,2011-10-27 11:24:00,2011-10-27 11:24:00,-0.8880449197177904,-0.5005448085230818
15885,93,3,379.35,2,2,2,222,Hibernating,1,United Kingdom,2011-02-03 15:28:00,2011-09-08 10:43:00,-0.5423598159885944,0.23147958664426094
16909,72,1,379.14,3,1,2,312,Need Attention,1,United Kingdom,2011-09-28 16:45:00,2011-09-28 16:45:00,-1.0732408999903136,-0.19414544131217149
16930,26,3,378.89,4,2,2,422,Potential Loyalists,0,United Kingdom,2011-10-02 14:25:00,2011-11-13 16:13:00,-0.06640718003838059,-0.5597694970823182
13372,90,1,378.64,2,1,2,212,Hibernating,1,United Kingdom,2011-09-11 12:46:00,2011-09-11 12:46:00,-1.1580573544152266,-0.05490528480718035
17078,36,2,378.2,3,1,2,312,Need Attention,0,United Kingdom,2011-11-03 18:49:00,2011-11-03 19:17:00,-0.44794178239335347,-0.4707345007460195
17736,9,3,377.44,5,2,2,522,Potential Loyalists,0,United Kingdom,2011-08-18 14:33:00,2011-11-30 15:36:00,0.31119974913395343,-1.190820232566674
12890,24,1,376.72,4,1,2,412,Recent Customers,0,United Kingdom,2011-11-15 17:26:00,2011-11-15 17:26:00,-0.6669262578922615,-0.8757867180921188
17489,59,2,376.64,3,1,2,312,Need Attention,1,United Kingdom,2011-05-11 11:34:00,2011-10-12 08:56:00,-0.6345644604251824,-0.1657743968375316
13936,180,1,376.58,1,1,2,112,Lost,1,United Kingdom,2011-06-13 08:47:00,2011-06-13 08:47:00,-1.4233133809839325,0.3790311970797926
16858,369,1,375.69,1,1,2,112,Lost,1,United Kingdom,2010-12-06 09:52:00,2010-12-06 09:52:00,-1.6975631942994014,0.8314396602832553
14448,9,2,375.35,5,1,2,512,Recent Customers,0,United Kingdom,2010-12-10 17:26:00,2011-11-30 13:50:00,0.04826161313693185,-1.302881264075107
14079,125,1,375.1,2,1,2,212,Hibernating,1,United Kingdom,2011-08-07 12:10:00,2011-08-07 12:10:00,-1.28681012606187,0.14797965355595263
16147,134,1,375.0,2,1,2,212,Hibernating,1,United Kingdom,2011-07-29 09:57:00,2011-07-29 09:57:00,-1.3132913536134874,0.19161986095463948
14067,64,2,374.7,3,1,2,312,Need Attention,1,United Kingdom,2011-09-04 12:00:00,2011-10-07 10:21:00,-0.6675827096141402,-0.11690825258815452
17492,248,1,374.57,1,1,2,112,Lost,1,United Kingdom,2011-04-05 15:21:00,2011-04-05 15:21:00,-1.5476847347324199,0.5792847922527156
12873,282,1,374.0,1,1,2,112,Lost,1,United Kingdom,2011-03-02 14:58:00,2011-03-02 14:58:00,-1.5972983568135792,0.6598716130261252
13351,66,1,373.94,3,1,2,312,Need Attention,1,United Kingdom,2011-10-04 12:55:00,2011-10-04 12:55:00,-1.0470089709404755,-0.2535325094913578
16321,72,5,373.65,3,3,2,332,Loyal Customers,2,Australia,2011-01-20 12:11:00,2011-09-28 14:55:00,-0.08604724952920614,0.2207972554472122
12895,42,2,372.8,3,1,2,312,Need Attention,0,United Kingdom,2011-09-14 08:35:00,2011-10-28 13:51:00,-0.5121500378970012,-0.38068895555434473
12544,36,1,372.7,3,1,2,312,Need Attention,0,Spain,2011-11-03 16:15:00,2011-11-03 16:15:00,-0.82175894290533,-0.6311540975658837
12981,30,2,372.22,4,1,2,412,Recent Customers,0,United Kingdom,2011-07-29 14:14:00,2011-11-10 12:00:00,-0.3878916455774399,-0.5886865134139139
13300,169,1,371.89,2,1,2,212,Hibernating,1,United Kingdom,2011-06-23 13:09:00,2011-06-23 13:09:00,-1.4052891120185855,0.3347321195852861
18155,75,3,371.62,2,2,2,222,Hibernating,1,United Kingdom,2011-02-21 10:36:00,2011-09-25 13:32:00,-0.47089748620756094,0.08925114472817519
15472,113,1,371.56,2,1,2,212,Hibernating,1,United Kingdom,2011-08-18 15:17:00,2011-08-18 15:17:00,-1.2530625181574688,0.08108888922883668
16776,60,1,371.54,3,1,2,312,Need Attention,1,United Kingdom,2011-10-10 13:04:00,2011-10-10 13:04:00,-1.0142152304768355,-0.3153463593653468
14950,19,1,371.2,4,1,2,412,Recent Customers,0,United Kingdom,2011-11-20 13:48:00,2011-11-20 13:48:00,-0.5886663074140515,-1.0226071798786118
15975,84,1,371.01,2,1,2,212,Hibernating,1,United Kingdom,2011-09-16 13:33:00,2011-09-16 13:33:00,-1.1416285770182522,-0.10553927300286943
15063,213,1,370.8,1,1,2,112,Lost,1,United Kingdom,2011-05-10 13:25:00,2011-05-10 13:25:00,-1.4946045275637203,0.479583777516602
15922,373,1,369.5,1,1,2,112,Lost,1,United Kingdom,2010-12-01 13:51:00,2010-12-01 13:51:00,-1.7095270811932275,0.8322216949349914
16758,65,1,369.34,3,1,2,312,Need Attention,1,United Kingdom,2011-10-05 14:47:00,2011-10-05 14:47:00,-1.0471177501231765,-0.2675614835000078
14888,207,1,369.2,1,1,2,112,Lost,1,United Kingdom,2011-05-16 14:58:00,2011-05-16 14:58:00,-1.4857861719619563,0.4599852548501394
17765,159,3,367.63,2,2,2,222,Hibernating,1,United Kingdom,2011-03-28 11:58:00,2011-07-04 12:41:00,-0.7603768785943241,0.5572577643100614
16065,365,1,367.14,1,1,2,112,Lost,1,United Kingdom,2010-12-09 13:03:00,2010-12-09 13:03:00,-1.7042972654859145,0.8161871209956112
18181,24,1,366.85,4,1,2,412,Recent Customers,0,United Kingdom,2011-11-15 15:08:00,2011-11-15 15:08:00,-0.6794809174919073,-0.8854300955500213
17911,9,1,366.23,5,1,2,512,Recent Customers,0,United Kingdom,2011-11-30 14:52:00,2011-11-30 14:52:00,-0.3302595369626797,-1.4669140490337313
17432,18,2,365.76,4,1,2,412,Recent Customers,0,United Kingdom,2011-11-02 17:30:00,2011-11-21 17:33:00,-0.20916413505536777,-0.9053878468125456
16499,360,2,365.45,1,1,2,112,Lost,1,United Kingdom,2010-12-10 10:27:00,2010-12-14 13:31:00,-1.3343348889207987,0.9608897270030127
16202,361,1,365.27,1,1,2,112,Lost,1,United Kingdom,2010-12-14 10:43:00,2010-12-14 10:43:00,-1.7025140964171481,0.80736599955264
14886,253,1,364.8,1,1,2,112,Lost,1,United Kingdom,2011-04-01 08:56:00,2011-04-01 08:56:00,-1.5677772352731512,0.5822885600836891
15949,17,2,364.72,4,1,2,412,Recent Customers,0,United Kingdom,2011-09-29 17:34:00,2011-11-23 09:09:00,-0.18985700977400463,-0.9406972188165346
12373,311,1,364.6,1,1,2,112,Lost,1,Austria,2011-02-01 13:10:00,2011-02-01 13:10:00,-1.6466016662125194,0.7124702883481713
15343,87,1,364.5,2,1,2,212,Hibernating,1,United Kingdom,2011-09-13 13:55:00,2011-09-13 13:55:00,-1.1632493495558427,-0.0899806819145523
14528,37,1,364.22,3,1,2,312,Need Attention,0,United Kingdom,2011-11-02 17:09:00,2011-11-02 17:09:00,-0.8428296539715691,-0.622607874652001
12538,29,1,363.95,4,1,2,412,Recent Customers,0,Spain,2011-11-10 17:16:00,2011-11-10 17:16:00,-0.7528802764268259,-0.7727325536682522
17330,23,2,363.9,4,1,2,412,Recent Customers,0,United Kingdom,2011-10-03 11:26:00,2011-11-17 08:56:00,-0.300815309583704,-0.7591427466929711
14171,98,1,363.79,2,1,2,212,Hibernating,1,United Kingdom,2011-09-02 16:43:00,2011-09-02 16:43:00,-1.2091641979634993,-0.016021959516192497
16509,297,1,363.7,1,1,2,112,Lost,1,United Kingdom,2011-02-16 09:25:00,2011-02-16 09:25:00,-1.6302329230138226,0.6824688114553994
12915,149,2,363.65,2,1,2,212,Hibernating,1,United Kingdom,2010-12-02 12:33:00,2011-07-14 11:34:00,-1.0011827331368257,0.4023468050257209
16485,77,1,363.65,2,1,2,212,Hibernating,1,United Kingdom,2011-09-23 15:50:00,2011-09-23 15:50:00,-1.1182736706696206,-0.16729906581643658
18056,288,1,363.65,1,1,2,112,Lost,1,United Kingdom,2011-02-24 14:27:00,2011-02-24 14:27:00,-1.6185832779777485,0.6629780918697536
14932,366,1,363.53,1,1,2,112,Lost,1,Channel Islands,2010-12-09 11:48:00,2010-12-09 11:48:00,-1.7100120939397943,0.8143277920055775
14427,50,2,363.34,3,1,2,312,Need Attention,1,United Kingdom,2011-10-07 09:10:00,2011-10-20 14:23:00,-0.5894828625083562,-0.2818591102129419
14594,7,2,363.33,5,1,2,512,Recent Customers,0,United Kingdom,2010-12-01 13:54:00,2011-12-02 13:28:00,0.1181111464334884,-1.4561618633760736
16903,29,1,363.2,4,1,2,412,Recent Customers,0,United Kingdom,2011-11-10 15:32:00,2011-11-10 15:32:00,-0.7538557047872975,-0.7734817913348343
16378,247,3,362.95,1,2,2,122,Lost,1,United Kingdom,2011-02-02 12:42:00,2011-04-06 15:07:00,-0.9338476418756717,0.8304298790187166
16052,54,1,362.06,3,1,2,312,Need Attention,1,United Kingdom,2011-10-16 15:13:00,2011-10-16 15:13:00,-0.9868848760909888,-0.3903723528442259
15025,33,1,361.96,4,1,2,412,Recent Customers,0,United Kingdom,2011-11-06 15:20:00,2011-11-06 15:20:00,-0.8032848980979423,-0.6953785133549063
13844,11,1,361.62,5,1,2,512,Recent Customers,0,United Kingdom,2011-11-28 13:21:00,2011-11-28 13:21:00,-0.4058959676453603,-1.3559348275168324
16769,260,1,361.54,1,1,2,112,Lost,1,United Kingdom,2011-03-24 13:41:00,2011-03-24 13:41:00,-1.5824068905889106,0.5962625012909241
16305,139,1,361.22,2,1,2,212,Hibernating,1,United Kingdom,2011-07-24 12:18:00,2011-07-24 12:18:00,-1.344887447973661,0.20107618092943316
13291,156,1,361.11,2,1,2,212,Hibernating,1,United Kingdom,2011-07-07 10:36:00,2011-07-07 10:36:00,-1.3888097260726662,0.2736167589285466
17358,303,2,360.81,1,1,2,112,Lost,1,United Kingdom,2010-12-19 14:16:00,2011-02-09 16:57:00,-1.2747305386355592,0.8473066718907349
16595,61,1,360.16,3,1,2,312,Need Attention,1,United Kingdom,2011-10-09 13:15:00,2011-10-09 13:15:00,-1.0351366066408754,-0.3163370658927807
13780,7,2,360.01,5,1,2,512,Recent Customers,0,United Kingdom,2011-06-22 11:43:00,2011-12-02 13:49:00,0.11377054078996961,-1.4594959321562049
13298,1,1,360.0,5,1,2,512,Recent Customers,0,United Kingdom,2011-12-08 13:11:00,2011-12-08 13:11:00,0.2764295416567049,-2.4934261838807985
15120,134,1,358.82,2,1,2,212,Hibernating,1,United Kingdom,2011-07-29 09:48:00,2011-07-29 09:48:00,-1.3341471982335928,0.17560024845310152
17948,147,1,358.56,2,1,2,212,Hibernating,1,United Kingdom,2011-07-15 12:58:00,2011-07-15 12:58:00,-1.3696098786655704,0.2336194631955161
16823,227,1,358.38,1,1,2,112,Lost,1,United Kingdom,2011-04-26 15:00:00,2011-04-26 15:00:00,-1.5349213846260135,0.5073819355257928
13228,81,1,358.0,2,1,2,212,Hibernating,1,United Kingdom,2011-09-19 14:28:00,2011-09-19 14:28:00,-1.1447817754395457,-0.14128293438727496
13976,207,1,357.98,1,1,2,112,Lost,1,United Kingdom,2011-05-17 09:13:00,2011-05-17 09:13:00,-1.5003791264957498,0.4487762397686513
17025,61,3,357.77,3,2,2,322,Need Attention,1,United Kingdom,2010-12-01 15:45:00,2011-10-10 09:06:00,-0.41108297550751205,-0.05361273183825806
16971,38,1,357.21,3,1,2,312,Need Attention,0,United Kingdom,2011-11-01 15:06:00,2011-11-01 15:06:00,-0.8619416121405943,-0.6131995448997901
18040,19,2,357.2,4,1,2,412,Recent Customers,0,United Kingdom,2011-04-08 08:27:00,2011-11-20 14:20:00,-0.23995582052092299,-0.8814723058739916
13453,166,2,356.98,2,1,2,212,Hibernating,1,United Kingdom,2011-02-23 09:44:00,2011-06-27 09:34:00,-1.0509467970934936,0.4636816944040922
14500,88,3,356.85,2,2,2,222,Hibernating,1,United Kingdom,2011-06-03 10:08:00,2011-09-12 16:45:00,-0.5503934584442763,0.1746212156635131
15713,143,2,356.7,2,1,2,212,Hibernating,1,United Kingdom,2010-12-08 15:16:00,2011-07-19 13:34:00,-0.9947131508911758,0.3694597692599452
15247,122,1,356.0,2,1,2,212,Hibernating,1,United Kingdom,2011-08-09 12:52:00,2011-08-09 12:52:00,-1.302317557571771,0.11372128345497198
16372,33,2,355.73,4,1,2,412,Recent Customers,0,United Kingdom,2011-11-06 12:50:00,2011-11-06 13:08:00,-0.44460462091044756,-0.546585729534283
14537,58,1,355.56,3,1,2,312,Need Attention,1,United Kingdom,2011-10-13 10:54:00,2011-10-13 10:54:00,-1.0222686584533267,-0.3524469160511314
15840,59,2,355.56,3,1,2,312,Need Attention,1,United Kingdom,2011-06-20 11:42:00,2011-10-12 09:08:00,-0.6617994020164275,-0.1866938665948567
17742,113,2,355.11,2,1,2,212,Hibernating,1,United Kingdom,2011-01-11 10:04:00,2011-08-18 15:28:00,-0.9075850951778417,0.21974040990826624
14690,44,2,355.05,3,1,2,312,Need Attention,0,United Kingdom,2011-07-11 11:58:00,2011-10-26 15:39:00,-0.5525841113475934,-0.3695871639509583
12888,214,2,354.12,1,1,2,112,Lost,1,United Kingdom,2011-03-29 14:31:00,2011-05-09 16:02:00,-1.1512597545875702,0.6209205168298305
12845,267,4,354.09,1,3,2,132,At Risk,1,United Kingdom,2011-02-22 14:10:00,2011-03-17 13:34:00,-0.7732465138180012,0.9559777498930923
13173,4,2,353.65,5,1,2,512,Recent Customers,0,United Kingdom,2010-12-07 14:30:00,2011-12-05 15:51:00,0.28488321901427954,-1.76392156700455
13210,94,1,353.48,2,1,2,212,Hibernating,1,United Kingdom,2011-09-07 08:18:00,2011-09-07 08:18:00,-1.2070034714731004,-0.05260905881738193
13343,178,1,353.43,2,1,2,212,Hibernating,1,United Kingdom,2011-06-15 12:24:00,2011-06-15 12:24:00,-1.4490694966312299,0.3489436030873449
14804,9,1,353.27,5,1,2,512,Recent Customers,0,United Kingdom,2011-12-01 11:20:00,2011-12-01 11:20:00,-0.3472954817429623,-1.4799995528312921
12617,29,1,352.98,4,1,2,412,Recent Customers,0,France,2011-11-10 14:39:00,2011-11-10 14:39:00,-0.7673514773083829,-0.7838480483785925
15678,53,1,352.7,3,1,2,312,Need Attention,1,United Kingdom,2011-10-18 09:25:00,2011-10-18 09:25:00,-0.9922600172795133,-0.41151718750724553
18112,12,2,352.69,5,1,2,512,Recent Customers,0,United Kingdom,2011-06-26 13:56:00,2011-11-27 14:43:00,-0.08140547381833918,-1.1591757682271115
16274,373,1,351.75,1,1,2,112,Lost,1,United Kingdom,2010-12-01 15:35:00,2010-12-01 15:35:00,-1.7328052049720244,0.8143415021405133
15901,17,3,351.73,4,2,2,422,Potential Loyalists,0,United Kingdom,2011-07-08 12:18:00,2011-11-23 12:43:00,0.05330736958407517,-0.843824635669967
12566,86,1,351.65,2,1,2,212,Hibernating,1,Germany,2011-09-14 14:30:00,2011-09-14 14:30:00,-1.1758537402235583,-0.11026069281105652
15870,33,1,351.44,4,1,2,412,Recent Customers,0,United Kingdom,2011-11-07 10:58:00,2011-11-07 10:58:00,-0.8172308753602138,-0.7060905778033285
15789,358,1,351.3,1,1,2,112,Lost,1,United Kingdom,2010-12-16 14:35:00,2010-12-16 14:35:00,-1.717773986638479,0.7879274363838921
13923,54,1,351.13,3,1,2,312,Need Attention,1,United Kingdom,2011-10-17 12:33:00,2011-10-17 12:33:00,-1.0013787135043504,-0.4015052349332358
13332,14,1,350.9,4,1,2,412,Recent Customers,0,United Kingdom,2011-11-25 13:30:00,2011-11-25 13:30:00,-0.5053650128433155,-1.2254053136687988
15334,157,3,350.82,2,2,2,222,Hibernating,1,United Kingdom,2011-06-19 13:51:00,2011-07-06 11:22:00,-0.7777024268279971,0.5322848423894576
13740,241,1,350.75,1,1,2,112,Lost,1,United Kingdom,2011-04-13 10:32:00,2011-04-13 10:32:00,-1.5678606488855071,0.5373438156774729
13108,373,1,350.06,1,1,2,112,Lost,1,United Kingdom,2010-12-02 10:35:00,2010-12-02 10:35:00,-1.7350823094021572,0.8125924322149971
12532,30,1,349.83,4,1,2,412,Recent Customers,0,France,2011-11-09 13:47:00,2011-11-09 13:47:00,-0.784115429370319,-0.7663168935401503
13670,75,1,349.7,2,1,2,212,Hibernating,1,United Kingdom,2011-09-25 15:25:00,2011-09-25 15:25:00,-1.1268463931004493,-0.19797231499612378
13887,204,1,349.55,1,1,2,112,Lost,1,United Kingdom,2011-05-19 17:22:00,2011-05-19 17:22:00,-1.5060969346779547,0.43091164951541805
18250,310,1,349.27,1,1,2,112,Lost,1,United Kingdom,2011-02-02 13:16:00,2011-02-02 13:16:00,-1.6656860633404758,0.6948342864238329
15405,189,1,349.1,1,1,2,112,Lost,1,United Kingdom,2011-06-03 14:44:00,2011-06-03 14:44:00,-1.4776795330715176,0.3822736276482129
13927,75,1,348.99,2,1,2,212,Hibernating,1,United Kingdom,2011-09-26 12:00:00,2011-09-26 12:00:00,-1.12780730466468,-0.19871040214567895
17252,117,2,348.91,2,1,2,212,Hibernating,1,United Kingdom,2011-06-06 16:41:00,2011-08-15 09:45:00,-0.9290866683868941,0.23520566195997006
13790,4,1,348.8,5,1,2,512,Recent Customers,0,United Kingdom,2011-12-05 15:48:00,2011-12-05 15:48:00,-0.08853536215014733,-1.92403501047435
12527,82,3,348.71,2,2,2,222,Hibernating,1,Germany,2011-01-18 12:05:00,2011-09-19 11:55:00,-0.5346417771494019,0.12199495841350537
16159,282,1,348.2,1,1,2,112,Lost,1,United Kingdom,2011-03-03 12:27:00,2011-03-03 12:27:00,-1.6310967349825496,0.6339106926553724
13052,212,1,348.15,1,1,2,112,Lost,1,United Kingdom,2011-05-11 14:12:00,2011-05-11 14:12:00,-1.5226180914452034,0.4537226577495108
14379,44,2,348.1,3,1,2,312,Need Attention,0,United Kingdom,2011-02-17 15:03:00,2011-10-26 16:43:00,-0.5619310243347394,-0.3767666345917841
13497,283,2,348.05,1,1,2,112,Lost,1,United Kingdom,2010-12-06 11:37:00,2011-03-02 09:04:00,-1.2657583487742876,0.7910887356015225
17668,1,2,347.75,5,1,2,512,Recent Customers,0,United Kingdom,2011-11-01 14:45:00,2011-12-08 13:25:00,0.626949989081602,-2.3509010585154604
18127,19,3,347.08,4,2,2,422,Potential Loyalists,0,United Kingdom,2011-07-29 10:06:00,2011-11-20 14:05:00,0.006767556395353455,-0.7818660160464073
13062,191,1,346.98,1,1,2,112,Lost,1,United Kingdom,2011-06-01 15:12:00,2011-06-01 15:12:00,-1.4845594847463746,0.3866996486749119
13649,257,2,346.6,1,1,2,112,Lost,1,United Kingdom,2010-12-08 14:46:00,2011-03-28 11:51:00,-1.2310547506560656,0.7287054967680965
16423,25,1,346.12,4,1,2,412,Recent Customers,0,United Kingdom,2011-11-15 09:21:00,2011-11-15 09:21:00,-0.7219664048448308,-0.8816922408789135
13091,28,1,345.82,4,1,2,412,Recent Customers,0,United Kingdom,2011-11-11 15:54:00,2011-11-11 15:54:00,-0.7640902845129767,-0.8127817918569196
15781,25,3,345.46,4,2,2,422,Potential Loyalists,0,United Kingdom,2011-02-07 09:15:00,2011-11-14 14:57:00,-0.09566698846678383,-0.6172428935229961
17123,162,1,345.3,2,1,2,212,Hibernating,1,United Kingdom,2011-07-01 10:47:00,2011-07-01 10:47:00,-1.424303858489017,0.2811331209679445
13774,82,1,345.0,2,1,2,212,Hibernating,1,United Kingdom,2011-09-19 12:06:00,2011-09-19 12:06:00,-1.1669006812911613,-0.14703193957252642
14633,266,1,344.9,1,1,2,112,Lost,1,United Kingdom,2011-03-18 17:07:00,2011-03-18 17:07:00,-1.6133672820749096,0.5935585809012894
16978,78,1,344.33,2,1,2,212,Hibernating,1,United Kingdom,2011-09-23 12:50:00,2011-09-23 12:50:00,-1.148951800021888,-0.17904971468143907
17569,332,1,344.14,1,1,2,112,Lost,1,United Kingdom,2011-01-11 14:15:00,2011-01-11 14:15:00,-1.6987912296109027,0.7327900105458612
13068,10,2,344.0,5,1,2,512,Recent Customers,0,United Kingdom,2011-01-24 08:20:00,2011-11-29 15:00:00,-0.029386433414248472,-1.2741374421600957
15047,270,1,343.62,1,1,2,112,Lost,1,United Kingdom,2011-03-15 10:49:00,2011-03-15 10:49:00,-1.6208055175334226,0.6016350758616266
15520,2,1,343.5,5,1,2,512,Recent Customers,0,United Kingdom,2011-12-08 10:58:00,2011-12-08 10:58:00,0.09935984913292392,-2.253426185757891
18081,36,3,343.45,3,2,2,322,Need Attention,0,United Kingdom,2011-07-29 11:56:00,2011-11-03 16:30:00,-0.23320288976003822,-0.3956958586741452
12715,106,1,343.36,2,1,2,212,Hibernating,1,Sweden,2011-08-25 15:22:00,2011-08-25 15:22:00,-1.2661764623473095,0.012249922405759216
12875,143,2,343.23,2,1,2,212,Hibernating,1,United Kingdom,2010-12-12 12:03:00,2011-07-19 15:30:00,-1.0129134259842618,0.3554799300482759
17795,180,2,342.83,1,1,2,112,Lost,1,United Kingdom,2011-03-20 12:02:00,2011-06-13 12:36:00,-1.100821450421947,0.500027298456151
16851,4,3,342.45,5,2,2,522,Potential Loyalists,0,United Kingdom,2011-10-19 09:48:00,2011-12-05 13:32:00,0.5299799124587358,-1.6655647513342524
17835,3,3,342.24,5,2,2,522,Potential Loyalists,0,United Kingdom,2011-11-16 16:30:00,2011-12-07 11:48:00,0.6149302957685693,-1.8072462152339446
16826,51,1,341.7,3,1,2,312,Need Attention,1,United Kingdom,2011-10-19 14:05:00,2011-10-19 14:05:00,-0.9928236003526465,-0.4469486854383289
13347,70,1,341.36,3,1,2,312,Need Attention,1,United Kingdom,2011-09-30 13:28:00,2011-09-30 13:28:00,-1.1122622442700048,-0.24987964149233768
14491,175,2,340.93,2,1,2,212,Hibernating,1,United Kingdom,2010-12-02 12:10:00,2011-06-17 15:22:00,-1.0927479701461154,0.4802506599568997
15115,18,1,340.11,4,1,2,412,Recent Customers,0,United Kingdom,2011-11-21 14:59:00,2011-11-21 14:59:00,-0.6104312245784075,-1.0868920476828277
13737,200,1,339.6,1,1,2,112,Lost,1,United Kingdom,2011-05-23 16:32:00,2011-05-23 16:32:00,-1.5122227477262633,0.4079327873415301
17045,113,3,339.44,2,2,2,222,Hibernating,1,United Kingdom,2011-04-06 12:08:00,2011-08-18 17:09:00,-0.6686101892040203,0.31339501068951503
16545,165,1,339.3,2,1,2,212,Hibernating,1,United Kingdom,2011-06-28 10:37:00,2011-06-28 10:37:00,-1.4395578096789843,0.2863290668612106
17697,236,1,338.95,1,1,2,112,Lost,1,United Kingdom,2011-04-17 15:40:00,2011-04-17 15:40:00,-1.5760646592667964,0.5116813321642554
16183,67,1,338.71,3,1,2,312,Need Attention,1,United Kingdom,2011-10-03 14:59:00,2011-10-03 14:59:00,-1.0994549878150361,-0.28007808112085664
13569,17,2,338.62,4,1,2,412,Recent Customers,0,United Kingdom,2010-12-07 12:29:00,2011-11-22 13:07:00,-0.2249638039786263,-0.967663148491093
15652,91,1,337.74,2,1,2,212,Hibernating,1,United Kingdom,2011-09-09 14:22:00,2011-09-09 14:22:00,-1.2162815064909898,-0.08949281568153396
15942,134,1,337.44,2,1,2,212,Hibernating,1,United Kingdom,2011-07-29 09:01:00,2011-07-29 09:01:00,-1.3631925843470643,0.1532901555764595
13930,58,2,337.34,3,1,2,312,Need Attention,1,United Kingdom,2011-07-26 11:00:00,2011-10-13 09:45:00,-0.6802491546701482,-0.21645146260838113
15900,24,1,337.28,4,1,2,412,Recent Customers,0,United Kingdom,2011-11-16 12:19:00,2011-11-16 12:19:00,-0.7192157656747379,-0.9159508863542813
17973,52,1,337.04,3,1,2,312,Need Attention,1,United Kingdom,2011-10-19 10:34:00,2011-10-19 10:34:00,-1.0065917300496956,-0.4398597439246407
16105,249,1,336.96,1,1,2,112,Lost,1,United Kingdom,2011-04-05 10:13:00,2011-04-05 10:13:00,-1.5992474178852498,0.5433957566356121
15619,11,1,336.4,5,1,2,512,Recent Customers,0,United Kingdom,2011-11-29 08:14:00,2011-11-29 08:14:00,-0.44007607986342046,-1.382188962171468
17384,19,2,336.4,4,1,2,412,Recent Customers,0,United Kingdom,2011-05-04 16:07:00,2011-11-20 15:48:00,-0.2683209058594601,-0.9032598519539224
18078,217,2,336.13,1,1,2,112,Lost,1,United Kingdom,2011-03-25 15:08:00,2011-05-06 14:32:00,-1.1812031093077062,0.6107710455560431
18276,44,1,335.86,3,1,2,312,Need Attention,1,United Kingdom,2011-10-27 10:54:00,2011-10-27 10:54:00,-0.945743652612373,-0.5448638643866793
14196,107,1,335.52,2,1,2,212,Hibernating,1,United Kingdom,2011-08-25 10:25:00,2011-08-25 10:25:00,-1.2806497788278208,0.00975940367260898
16063,260,1,335.32,1,1,2,112,Lost,1,United Kingdom,2011-03-24 14:55:00,2011-03-24 14:56:00,-1.6180025664709026,0.5689210560151885
17917,45,3,335.03,3,2,2,322,Need Attention,0,United Kingdom,2010-12-12 12:08:00,2011-10-25 13:20:00,-0.32810746476545216,-0.266686638519639
12489,336,1,334.93,1,1,2,112,Lost,1,France,2011-01-07 13:13:00,2011-01-07 13:13:00,-1.7161770943832426,0.7305087314430184
14988,212,1,334.54,1,1,2,112,Lost,1,United Kingdom,2011-05-12 12:05:00,2011-05-12 12:05:00,-1.5414707321802705,0.43924172903587155
15466,85,1,334.53,2,1,2,212,Hibernating,1,United Kingdom,2011-09-15 14:08:00,2011-09-15 14:08:00,-1.1950337347186561,-0.13571402809177652
17221,7,2,334.48,5,1,2,512,Recent Customers,0,United Kingdom,2011-11-03 17:39:00,2011-12-02 13:35:00,0.07899439949250724,-1.4862078835555275
12350,310,1,334.4,1,1,2,112,Lost,1,Norway,2011-02-02 16:01:00,2011-02-02 16:01:00,-1.6862551383401991,0.6790349449436519
15918,191,2,334.23,1,1,2,112,Lost,1,United Kingdom,2011-03-13 15:55:00,2011-06-02 11:42:00,-1.135369289395724,0.5282029922257525
14264,155,2,333.97,2,1,2,212,Hibernating,1,United Kingdom,2011-04-08 12:20:00,2011-07-08 10:20:00,-1.0564193582750112,0.39629036510006593
13216,268,1,333.74,1,1,2,112,Lost,1,United Kingdom,2011-03-17 12:18:00,2011-03-17 12:18:00,-1.6317682450170694,0.5863451673532208
13727,29,2,333.48,4,1,2,412,Recent Customers,0,United Kingdom,2011-11-06 12:16:00,2011-11-11 09:46:00,-0.42732916686810796,-0.6493866619576651
16625,275,1,333.08,1,1,2,112,Lost,1,United Kingdom,2011-03-10 12:50:00,2011-03-10 12:50:00,-1.6425173830652335,0.6019118515717972
14902,26,1,332.66,4,1,2,412,Recent Customers,0,United Kingdom,2011-11-14 10:34:00,2011-11-14 10:34:00,-0.7551350535277906,-0.8721708555032216
13904,37,2,332.64,3,1,2,312,Need Attention,0,United Kingdom,2011-02-18 11:18:00,2011-11-02 13:41:00,-0.5188214814569221,-0.5004471305108611
16850,334,1,332.41,1,1,2,112,Lost,1,United Kingdom,2011-01-10 11:09:00,2011-01-10 11:09:00,-1.7174736060281657,0.7239928918859309
16803,65,1,332.3,3,1,2,312,Need Attention,1,United Kingdom,2011-10-05 14:28:00,2011-10-05 14:28:00,-1.097083559877714,-0.3059407927619125
16177,50,1,331.95,3,1,2,312,Need Attention,1,United Kingdom,2011-10-20 12:57:00,2011-10-20 12:57:00,-0.9990915297997849,-0.4697705722579747
16030,310,1,331.24,1,1,2,112,Lost,1,United Kingdom,2011-02-03 11:28:00,2011-02-03 11:28:00,-1.6907436134303229,0.675587295952382
15210,225,1,331.18,1,1,2,112,Lost,1,United Kingdom,2011-04-28 16:11:00,2011-04-28 16:11:00,-1.568873364914721,0.4731324684545755
12891,186,3,331.0,1,2,2,122,Lost,1,United Kingdom,2011-02-20 11:28:00,2011-06-07 12:31:00,-0.8695680529375887,0.6179933694616094
16478,25,3,331.0,4,2,2,422,Potential Loyalists,0,United Kingdom,2011-10-05 12:02:00,2011-11-14 15:51:00,-0.11588137930330872,-0.6327697980456543
17862,324,1,330.9,1,1,2,112,Lost,1,United Kingdom,2011-01-20 12:23:00,2011-01-20 12:23:00,-1.708049331363422,0.7031280305867722
12519,64,1,330.84,3,1,2,312,Need Attention,1,Germany,2011-10-07 09:26:00,2011-10-07 09:26:00,-1.093332987497506,-0.3172182701241636
13706,303,1,330.79,1,1,2,112,Lost,1,United Kingdom,2011-02-10 09:21:00,2011-02-10 09:21:00,-1.6826900001716907,0.6606619836262133
14517,33,2,330.45,4,1,2,412,Recent Customers,0,United Kingdom,2011-07-21 11:42:00,2011-11-06 14:20:00,-0.47945610920857323,-0.5733555558255491
15130,170,1,330.11,2,1,2,212,Hibernating,1,United Kingdom,2011-06-23 10:15:00,2011-06-23 10:15:00,-1.4638748197815372,0.2951708038397299
15714,12,2,330.03,5,1,2,512,Recent Customers,0,United Kingdom,2011-09-23 11:25:00,2011-11-28 11:26:00,-0.11280017516983501,-1.1832903969757187
16593,51,3,330.03,3,2,2,322,Need Attention,0,United Kingdom,2011-01-16 12:11:00,2011-10-20 12:41:00,-0.3820495796492954,-0.19442457185606174
12953,10,1,329.85,5,1,2,512,Recent Customers,0,United Kingdom,2011-11-30 09:24:00,2011-11-30 09:24:00,-0.4161332862331861,-1.444488483344575
17866,143,1,329.65,2,1,2,212,Hibernating,1,United Kingdom,2011-07-20 11:07:00,2011-07-20 11:07:00,-1.3988875512415233,0.18572242973125094
17615,130,3,329.6,2,2,2,222,Hibernating,1,United Kingdom,2011-05-01 15:33:00,2011-08-01 14:06:00,-0.7356143283352985,0.39082937834121334
13239,262,1,329.56,1,1,2,112,Lost,1,United Kingdom,2011-03-23 10:25:00,2011-03-23 10:25:00,-1.6291095866157843,0.5674686912547915
17914,4,1,329.36,5,1,2,512,Recent Customers,0,United Kingdom,2011-12-06 11:58:00,2011-12-06 11:58:00,-0.11564691017015899,-1.944859700220012
17154,75,1,329.34,2,1,2,212,Hibernating,1,United Kingdom,2011-09-25 13:42:00,2011-09-25 13:42:00,-1.1552050349202485,-0.21975491173570377
15153,31,1,329.25,4,1,2,412,Recent Customers,0,United Kingdom,2011-11-08 17:09:00,2011-11-08 17:09:00,-0.8249069410211246,-0.7682070715555042
15880,369,1,329.03,1,1,2,112,Lost,1,United Kingdom,2010-12-05 13:00:00,2010-12-05 13:00:00,-1.7602650553193313,0.7832776445528421
14012,278,1,328.8,1,1,2,112,Lost,1,United Kingdom,2011-03-07 12:26:00,2011-03-07 12:26:00,-1.6527609288235254,0.6040692016674432
17222,65,1,328.65,3,1,2,312,Need Attention,1,United Kingdom,2011-10-05 13:58:00,2011-10-05 13:58:00,-1.1023047236970382,-0.30995122833602473
16343,16,2,328.58,4,1,2,412,Recent Customers,0,United Kingdom,2011-11-23 17:43:00,2011-11-23 17:45:00,-0.21735797260767828,-1.0148270444725287
16855,24,2,328.4,4,1,2,412,Recent Customers,0,United Kingdom,2011-10-27 16:31:00,2011-11-16 12:03:00,-0.36493930066791325,-0.7705407209770213
15213,319,2,328.35,1,1,2,112,Lost,1,United Kingdom,2011-01-14 11:05:00,2011-01-25 12:21:00,-1.3388942423086974,0.8455887844154429
14747,249,1,328.2,1,1,2,112,Lost,1,United Kingdom,2011-04-04 14:09:00,2011-04-04 14:09:00,-1.6116997274348295,0.5338309954203717
14206,239,1,328.16,1,1,2,112,Lost,1,United Kingdom,2011-04-14 16:38:00,2011-04-14 16:38:00,-1.5961634236269544,0.5079082120611454
16318,35,1,328.15,3,1,2,312,Need Attention,0,United Kingdom,2011-11-04 13:05:00,2011-11-04 13:05:00,-0.8714817835459874,-0.6947552981780789
15314,199,1,327.97,1,1,2,112,Lost,1,United Kingdom,2011-05-24 14:39:00,2011-05-24 14:39:00,-1.5267907274191157,0.39211774453972026
14024,122,2,327.7,2,1,2,212,Hibernating,1,United Kingdom,2011-08-07 13:31:00,2011-08-10 11:30:00,-0.9745886658794713,0.23873995450047583
15579,69,2,327.6,3,1,2,312,Need Attention,1,United Kingdom,2011-01-30 12:09:00,2011-10-02 12:45:00,-0.7594048240987421,-0.118713623334459
16366,19,1,327.3,4,1,2,412,Recent Customers,0,United Kingdom,2011-11-21 08:19:00,2011-11-21 08:19:00,-0.6481744989297116,-1.0683161015795912
14870,262,1,327.25,1,1,2,112,Lost,1,United Kingdom,2011-03-23 10:51:00,2011-03-23 10:51:00,-1.6324346843815052,0.5649146456763532
16322,1,2,326.75,5,1,2,512,Recent Customers,0,United Kingdom,2011-11-03 14:33:00,2011-12-08 15:41:00,0.5975029324517225,-2.373519679104279
14987,16,2,326.4,4,1,2,412,Recent Customers,0,United Kingdom,2010-12-09 12:13:00,2011-11-24 09:59:00,-0.22050468304615764,-1.0172440687070872
17715,201,1,326.4,1,1,2,112,Lost,1,United Kingdom,2011-05-23 12:32:00,2011-05-23 12:32:00,-1.5328600449369225,0.39668330078663677
16071,45,1,326.24,3,1,2,312,Need Attention,1,United Kingdom,2011-10-26 11:14:00,2011-10-26 11:14:00,-0.9678775289935053,-0.5414829443724444
15363,373,1,326.0,1,1,2,112,Lost,1,United Kingdom,2010-12-02 12:28:00,2010-12-02 12:28:00,-1.7687459212413172,0.7867350274016885
12844,29,2,325.96,4,1,2,412,Recent Customers,0,United Kingdom,2011-08-01 13:11:00,2011-11-10 13:31:00,-0.43811110761187066,-0.6576683938115319
16830,39,1,325.91,3,1,2,312,Need Attention,0,United Kingdom,2011-11-01 11:35:00,2011-11-01 11:35:00,-0.9149671420639056,-0.6304505170290053
14850,312,1,325.75,1,1,2,112,Lost,1,United Kingdom,2011-02-01 11:21:00,2011-02-01 11:21:00,-1.7010928239126681,0.6735825395078894
15944,277,1,325.1,1,1,2,112,Lost,1,United Kingdom,2011-03-08 10:33:00,2011-03-08 10:33:00,-1.6567388789887194,0.5976838761293733
12790,192,1,324.92,1,1,2,112,Lost,1,Netherlands,2011-05-31 14:14:00,2011-05-31 14:14:00,-1.517597790215836,0.36613997742421245
13801,67,1,324.8,3,1,2,312,Need Attention,1,United Kingdom,2011-10-04 10:15:00,2011-10-04 10:15:00,-1.1192787756417657,-0.2953049590095982
15597,35,1,324.57,3,1,2,312,Need Attention,0,United Kingdom,2011-11-04 13:26:00,2011-11-04 13:26:00,-0.8766671874388747,-0.6987382661441877
16685,61,2,324.24,3,1,2,312,Need Attention,1,United Kingdom,2011-10-09 13:44:00,2011-10-09 13:58:00,-0.7179185113523322,-0.19939185763614012
18261,43,2,324.24,3,1,2,312,Need Attention,0,United Kingdom,2011-09-05 09:34:00,2011-10-27 15:36:00,-0.5869143013477056,-0.41679684354635
15675,81,3,323.69,2,2,2,222,Hibernating,1,United Kingdom,2011-03-04 14:21:00,2011-09-19 13:48:00,-0.5652096012753813,0.08727468443081615
15921,173,1,323.03,2,1,2,212,Hibernating,1,United Kingdom,2011-06-20 11:03:00,2011-06-20 11:03:00,-1.4807670861712308,0.2983239444328202
16739,177,1,323.0,2,1,2,212,Hibernating,1,United Kingdom,2011-06-16 09:17:00,2011-06-16 09:17:00,-1.4894931339502693,0.3126984774407596
13955,154,2,322.96,2,1,2,212,Hibernating,1,United Kingdom,2011-02-07 12:24:00,2011-07-08 17:19:00,-1.0698094880002207,0.38004154857242767
16627,79,1,322.8,2,1,2,212,Hibernating,1,United Kingdom,2011-09-21 14:38:00,2011-09-21 14:38:00,-1.18428036844035,-0.19452102126092843
16342,75,4,322.41,2,3,2,232,At Risk,2,United Kingdom,2011-06-13 10:10:00,2011-09-25 14:36:00,-0.3361421717566906,0.12302269587382945
14424,18,1,322.08,4,1,2,412,Recent Customers,0,United Kingdom,2011-11-22 11:48:00,2011-11-22 11:48:00,-0.636180258954385,-1.1066701751336956
15224,358,2,322.08,1,1,2,112,Lost,1,United Kingdom,2010-12-12 12:34:00,2010-12-16 15:02:00,-1.391938309740064,0.911491907518884
14484,50,1,321.92,3,1,2,312,Need Attention,1,United Kingdom,2011-10-20 14:11:00,2011-10-20 14:11:00,-1.0135948644381663,-0.480910749274015
17976,372,1,321.79,1,1,2,112,Lost,1,United Kingdom,2010-12-02 13:49:00,2010-12-02 13:49:00,-1.7738673774404237,0.7803183042976428
14823,180,3,321.43,1,2,2,122,Lost,1,United Kingdom,2011-05-29 12:48:00,2011-06-12 13:12:00,-0.8709790258786407,0.5866671359248027
15236,299,1,321.05,1,1,2,112,Lost,1,United Kingdom,2011-02-14 10:52:00,2011-02-14 10:52:00,-1.6917580167155417,0.6414137368345773
16096,264,1,320.62,1,1,2,112,Lost,1,United Kingdom,2011-03-20 13:38:00,2011-03-20 13:38:00,-1.6450036665014267,0.562285701432149
14622,185,1,320.58,1,1,2,112,Lost,1,United Kingdom,2011-06-08 12:42:00,2011-06-08 12:42:00,-1.5098417838768061,0.33783777782838653
13986,17,1,320.46,4,1,2,412,Recent Customers,0,United Kingdom,2011-11-22 15:00:00,2011-11-22 15:00:00,-0.6179101979619452,-1.1427761280650148
15107,311,6,319.5,1,3,2,132,At Risk,1,United Kingdom,2010-12-02 13:45:00,2011-02-01 14:46:00,-0.575451544493768,1.1437266217392874
16967,189,1,319.02,1,1,2,112,Lost,1,United Kingdom,2011-06-03 14:24:00,2011-06-03 14:24:00,-1.5202754561215874,0.34955521255465044
17157,8,2,319.0,5,1,2,512,Recent Customers,0,United Kingdom,2011-06-16 15:08:00,2011-12-02 09:10:00,0.011601768142641718,-1.4287464915886874
17229,96,2,318.76,2,1,2,212,Hibernating,1,United Kingdom,2011-07-20 12:38:00,2011-09-04 13:56:00,-0.8969490389032528,0.07815420958284336
17248,120,1,318.65,2,1,2,212,Hibernating,1,United Kingdom,2011-08-11 13:34:00,2011-08-11 13:34:00,-1.3484536754326653,0.0630807569296854
14703,15,1,318.17,4,1,2,412,Recent Customers,0,United Kingdom,2011-11-25 09:23:00,2011-11-25 09:23:00,-0.576307166859742,-1.220046806592172
17839,42,1,318.15,3,1,2,312,Need Attention,1,United Kingdom,2011-10-28 17:27:00,2011-10-28 17:27:00,-0.953984457432632,-0.5933533860322657
12648,155,1,318.05,2,1,2,212,Hibernating,1,Germany,2011-07-08 11:55:00,2011-07-08 11:55:00,-1.4463970258433811,0.2234576981990108
18066,75,1,318.0,2,1,2,212,Hibernating,1,United Kingdom,2011-09-25 15:30:00,2011-09-25 15:30:00,-1.1717679165173616,-0.2324770502981872
17172,79,1,317.76,2,1,2,212,Hibernating,1,United Kingdom,2011-09-22 09:36:00,2011-09-22 09:36:00,-1.191718718246848,-0.20023450272003535
15101,9,2,317.53,5,1,2,512,Recent Customers,0,United Kingdom,2010-12-15 12:54:00,2011-12-01 10:18:00,-0.030828908829538582,-1.3636315974960718
17267,127,2,317.2,2,1,2,212,Hibernating,1,United Kingdom,2011-08-04 17:19:00,2011-08-04 17:22:00,-1.005203356537321,0.25217568049406086
15257,283,1,317.15,1,1,2,112,Lost,1,United Kingdom,2011-03-01 12:58:00,2011-03-01 12:58:00,-1.6765984168719064,0.6022314205302244
15385,40,1,316.88,3,1,2,312,Need Attention,1,United Kingdom,2011-10-30 15:11:00,2011-10-30 15:11:00,-0.9376812186848494,-0.624998692384495
15243,74,1,316.68,2,1,2,212,Hibernating,1,United Kingdom,2011-09-26 14:12:00,2011-09-26 14:12:00,-1.1686743599450724,-0.24238385385036457
16761,97,1,316.62,2,1,2,212,Hibernating,1,United Kingdom,2011-09-04 11:15:00,2011-09-04 11:15:00,-1.270940505106904,-0.07288787805700128
15204,357,1,316.58,1,1,2,112,Lost,1,United Kingdom,2010-12-17 13:49:00,2010-12-17 13:49:00,-1.7659036588942205,0.7483717251407838
17458,15,1,316.5,4,1,2,412,Recent Customers,0,United Kingdom,2011-11-24 13:01:00,2011-11-24 13:01:00,-0.5787946143575997,-1.2219574434308826
13494,312,1,316.26,1,1,2,112,Lost,1,United Kingdom,2011-02-01 11:58:00,2011-02-01 11:58:00,-1.715067954708582,0.6628480818972381
14479,254,2,316.25,1,1,2,112,Lost,1,United Kingdom,2010-12-09 12:59:00,2011-03-31 09:07:00,-1.2699068229755701,0.6880164195689806
15872,15,2,316.25,4,1,2,412,Recent Customers,0,United Kingdom,2011-11-25 11:54:00,2011-11-25 11:55:00,-0.2122785701902786,-1.0671459174803837
16473,165,3,316.11,2,2,2,222,Hibernating,1,United Kingdom,2011-01-07 10:55:00,2011-06-28 09:10:00,-0.8458213558529787,0.5257664306946327
18117,26,1,315.65,4,1,2,412,Recent Customers,0,United Kingdom,2011-11-14 12:47:00,2011-11-14 12:47:00,-0.7799454553103323,-0.8912280085365077
12614,278,1,315.6,1,1,2,112,Lost,1,Germany,2011-03-07 10:22:00,2011-03-07 10:22:00,-1.6721288854845537,0.5891924529043097
15766,64,1,315.06,3,1,2,312,Need Attention,1,United Kingdom,2011-10-06 17:03:00,2011-10-06 17:03:00,-1.1164342522282007,-0.3349626154634274
16091,155,2,315.06,2,1,2,212,Hibernating,1,United Kingdom,2011-05-25 09:18:00,2011-07-08 08:45:00,-1.0839720193532472,0.37512685137528257
17237,11,2,314.69,5,1,2,512,Recent Customers,0,United Kingdom,2011-11-17 12:55:00,2011-11-28 15:02:00,-0.10472188939934957,-1.2513132120310004
16193,237,1,314.45,1,1,2,112,Lost,1,United Kingdom,2011-04-17 11:45:00,2011-04-17 11:45:00,-1.6131391311212948,0.48710865644872114
12650,3,1,314.44,5,1,2,512,Recent Customers,0,France,2011-12-06 16:34:00,2011-12-06 16:34:00,-0.05231937152026168,-2.1031499181137376
16227,225,1,314.22,1,1,2,112,Lost,1,United Kingdom,2011-04-28 13:33:00,2011-04-28 13:33:00,-1.5937220478636414,0.4540459112200853
15970,304,1,314.1,1,1,2,112,Lost,1,United Kingdom,2011-02-09 12:08:00,2011-02-09 12:08:00,-1.708416717083389,0.6439464951999964
13484,241,1,313.8,1,1,2,112,Lost,1,United Kingdom,2011-04-12 16:30:00,2011-04-12 16:30:00,-1.6204839403561935,0.49692326435138484
16582,113,1,313.62,2,1,2,212,Hibernating,1,United Kingdom,2011-08-18 17:02:00,2011-08-18 17:02:00,-1.3332102353276172,0.019526512094951282
14729,374,1,313.49,1,1,2,112,Lost,1,United Kingdom,2010-12-01 12:43:00,2010-12-01 12:43:00,-1.7882617519341957,0.7742209391522283
13845,65,1,312.98,3,1,2,312,Need Attention,1,United Kingdom,2011-10-06 08:25:00,2011-10-06 08:25:00,-1.1253971406313934,-0.3276887775818464
15318,4,1,312.62,5,1,2,512,Recent Customers,0,United Kingdom,2011-12-06 11:30:00,2011-12-06 11:30:00,-0.14030342928220496,-1.9637986542161963
14555,57,2,312.54,3,1,2,312,Need Attention,1,United Kingdom,2011-02-10 17:19:00,2011-10-13 16:24:00,-0.70981390533755,-0.25501305801335256
12834,283,1,312.38,1,1,2,112,Lost,1,United Kingdom,2011-03-02 09:49:00,2011-03-02 09:49:00,-1.6837612279076672,0.5967295835485653
13642,216,1,312.28,1,1,2,112,Lost,1,United Kingdom,2011-05-08 12:34:00,2011-05-08 12:34:00,-1.581125723233529,0.4260358526564115
17362,239,2,312.23,1,1,2,112,Lost,1,United Kingdom,2011-02-03 10:26:00,2011-04-14 14:43:00,-1.252794941672668,0.6449398310473112
12785,364,1,311.95,1,1,2,112,Lost,1,Portugal,2010-12-10 13:48:00,2010-12-10 13:48:00,-1.7802644095687172,0.7552986709348266
16450,150,1,311.92,2,1,2,212,Hibernating,1,United Kingdom,2011-07-13 11:47:00,2011-07-13 11:47:00,-1.4431517365777748,0.19574083520100782
14142,373,1,311.81,1,1,2,112,Lost,1,United Kingdom,2010-12-01 16:33:00,2010-12-01 16:33:00,-1.789781450166943,0.7705773973324385
15326,334,1,311.71,1,1,2,112,Lost,1,United Kingdom,2011-01-10 11:38:00,2011-01-10 11:38:00,-1.7478654222987215,0.7006485906245523
14951,79,1,311.69,2,1,2,212,Hibernating,1,United Kingdom,2011-09-21 15:15:00,2011-09-21 15:15:00,-1.200834920317315,-0.20723676167021066
14327,163,1,311.65,2,1,2,212,Hibernating,1,United Kingdom,2011-06-29 13:58:00,2011-06-29 13:58:00,-1.4751089465514509,0.24778105343057105
12852,295,1,311.55,1,1,2,112,Lost,1,United Kingdom,2011-02-18 08:47:00,2011-02-18 08:47:00,-1.7008277845897526,0.6219992674286533
13990,213,1,311.3,1,1,2,112,Lost,1,United Kingdom,2011-05-10 15:19:00,2011-05-10 15:19:00,-1.5772933741586768,0.41606952984267437
17854,185,2,311.26,1,1,2,112,Lost,1,United Kingdom,2011-04-26 16:53:00,2011-06-07 16:21:00,-1.1568972384454772,0.48222488056439117
16781,372,1,311.25,1,1,2,112,Lost,1,United Kingdom,2010-12-02 14:26:00,2010-12-02 14:26:00,-1.7896083026323566,0.7682275198396797
13897,50,1,311.16,3,1,2,312,Need Attention,1,United Kingdom,2011-10-20 14:30:00,2011-10-20 14:30:00,-1.0296633977767597,-0.4932531732918926
15185,70,1,310.62,3,1,2,312,Need Attention,1,United Kingdom,2011-09-30 14:06:00,2011-09-30 14:06:00,-1.1568700018190547,-0.28414336964696024
15308,274,1,310.47,1,1,2,112,Lost,1,United Kingdom,2011-03-10 13:08:00,2011-03-10 13:08:00,-1.6743584360544728,0.5740882990328047
14311,243,1,310.26,1,1,2,112,Lost,1,United Kingdom,2011-04-11 10:14:00,2011-04-11 10:14:00,-1.628990171717052,0.49802210827378773
17912,310,5,310.06,1,3,2,132,At Risk,1,United Kingdom,2010-12-10 11:11:00,2011-02-02 14:25:00,-0.7278857270377358,1.0718374143286908
14924,246,1,310.05,1,1,2,112,Lost,1,United Kingdom,2011-04-08 09:25:00,2011-04-08 09:25:00,-1.6339782397111444,0.5055230721876738
15661,317,2,309.8,1,1,2,112,Lost,1,United Kingdom,2011-01-05 12:32:00,2011-01-26 13:56:00,-1.3639867226054843,0.8205008197212715
15699,18,1,309.65,4,1,2,412,Recent Customers,0,United Kingdom,2011-11-22 08:26:00,2011-11-22 08:26:00,-0.6547828485941446,-1.1209590367445454
16810,192,1,309.54,1,1,2,112,Lost,1,United Kingdom,2011-05-31 15:32:00,2011-05-31 15:32:00,-1.5405181071641396,0.3485346201436785
14339,243,1,309.52,1,1,2,112,Lost,1,United Kingdom,2011-04-11 11:06:00,2011-04-11 11:06:00,-1.630118787237581,0.49715520579961664
14847,149,1,309.4,2,1,2,212,Hibernating,1,United Kingdom,2011-07-14 10:52:00,2011-07-14 10:52:00,-1.444447451356406,0.18858374578949766
17604,217,2,309.36,1,1,2,112,Lost,1,United Kingdom,2011-01-31 15:09:00,2011-05-06 13:43:00,-1.2204327007191549,0.580638348249733
12884,88,1,309.05,2,1,2,212,Hibernating,1,United Kingdom,2011-09-12 13:10:00,2011-09-12 13:10:00,-1.24557985348913,-0.142741006943696
13787,76,2,309.04,2,1,2,212,Hibernating,1,United Kingdom,2010-12-10 14:45:00,2011-09-25 12:06:00,-0.8233804717083693,-0.07946787560441833
15010,36,1,308.94,3,1,2,312,Need Attention,0,United Kingdom,2011-11-04 12:42:00,2011-11-04 12:42:00,-0.9104614073142309,-0.699287473779869
16956,18,1,308.74,4,1,2,412,Recent Customers,0,United Kingdom,2011-11-22 08:56:00,2011-11-22 08:56:00,-0.6561738506024483,-1.1220274812773747
13699,155,1,308.58,2,1,2,212,Hibernating,1,United Kingdom,2011-07-07 16:51:00,2011-07-07 16:51:00,-1.4606839445708075,0.21248375271642408
17510,25,1,308.48,4,1,2,412,Recent Customers,0,United Kingdom,2011-11-15 10:00:00,2011-11-15 10:00:00,-0.7763885914663776,-0.9234945441202368
13369,366,1,308.28,1,1,2,112,Lost,1,United Kingdom,2010-12-09 11:30:00,2010-12-09 11:30:00,-1.7879451726697606,0.7544665039567404
13466,184,1,307.9,1,1,2,112,Lost,1,United Kingdom,2011-06-08 16:39:00,2011-06-08 16:39:00,-1.5268571741902355,0.3197688429319596
15973,367,1,307.82,1,1,2,112,Lost,1,United Kingdom,2010-12-08 11:42:00,2010-12-08 11:42:00,-1.7896903722346054,0.7556494070960563
16123,52,1,307.78,3,1,2,312,Need Attention,1,United Kingdom,2011-10-19 09:18:00,2011-10-19 09:18:00,-1.0495194900817344,-0.4728330467948266
13529,79,2,307.76,2,1,2,212,Hibernating,1,United Kingdom,2011-05-19 11:50:00,2011-09-22 09:15:00,-0.8399425017116962,-0.05674480675570667
13395,185,1,307.72,1,1,2,112,Lost,1,United Kingdom,2011-06-07 15:04:00,2011-06-07 15:04:00,-1.5291928446722574,0.3229740069726146
13060,254,1,307.53,1,1,2,112,Lost,1,United Kingdom,2011-03-31 11:37:00,2011-03-31 11:37:00,-1.6500115656432586,0.522767259068488
14716,43,2,307.51,3,1,2,312,Need Attention,0,United Kingdom,2011-07-14 12:42:00,2011-10-27 17:29:00,-0.6119540361208402,-0.436030149869519
14915,91,2,307.48,2,1,2,212,Hibernating,1,United Kingdom,2011-03-07 09:39:00,2011-09-09 13:34:00,-0.8937614691494513,0.031524874833279815
17120,233,1,307.46,1,1,2,112,Lost,1,United Kingdom,2011-04-20 15:21:00,2011-04-20 15:21:00,-1.6172893188181634,0.46820262748364777
13932,295,1,307.4,1,1,2,112,Lost,1,United Kingdom,2011-02-18 12:02:00,2011-02-18 12:02:00,-1.707165734077894,0.6171310160246096
13142,19,1,307.09,4,1,2,412,Recent Customers,0,United Kingdom,2011-11-20 16:07:00,2011-11-20 16:07:00,-0.6783003879207298,-1.09145614105971
17334,302,2,307.02,1,1,2,112,Lost,1,United Kingdom,2011-02-04 09:03:00,2011-02-10 14:59:00,-1.3497893640850656,0.7865975992918346
15087,282,1,306.94,1,1,2,112,Lost,1,United Kingdom,2011-03-03 10:34:00,2011-03-03 10:34:00,-1.6907169910133233,0.5881156929201541
13762,219,1,306.72,1,1,2,112,Lost,1,United Kingdom,2011-05-05 09:15:00,2011-05-05 09:15:00,-1.5948613713461275,0.42821807881877705
16668,15,6,306.72,4,3,2,432,Loyal Customers,0,United Kingdom,2011-02-28 12:46:00,2011-11-24 17:43:00,0.539946511930303,-0.7541459157695822
13718,246,2,306.55,1,1,2,112,Lost,1,United Kingdom,2011-02-17 11:58:00,2011-04-07 13:24:00,-1.2724542397224585,0.656500151977445
18059,23,3,306.46,4,2,2,422,Potential Loyalists,0,United Kingdom,2011-10-03 09:30:00,2011-11-16 16:49:00,-0.12171561664750462,-0.7114789810364276
15659,44,1,306.45,3,1,2,312,Need Attention,1,United Kingdom,2011-10-27 09:23:00,2011-10-27 09:23:00,-0.9890601058876436,-0.5781357269772679
17176,202,1,306.13,1,1,2,112,Lost,1,United Kingdom,2011-05-22 12:41:00,2011-05-22 12:41:00,-1.5650504773624048,0.3765369918062599
13863,248,1,305.78,1,1,2,112,Lost,1,United Kingdom,2011-04-06 10:20:00,2011-04-06 10:20:00,-1.6436130394312902,0.5056011655668927
15219,176,1,305.75,2,1,2,212,Hibernating,1,United Kingdom,2011-06-16 16:57:00,2011-06-16 16:57:00,-1.513282282386586,0.2892012234606389
16796,89,1,305.62,2,1,2,212,Hibernating,1,United Kingdom,2011-09-11 14:01:00,2011-09-11 14:01:00,-1.255122718102539,-0.13970939733798732
16181,73,1,305.54,2,1,2,212,Hibernating,1,United Kingdom,2011-09-27 13:38:00,2011-09-27 13:38:00,-1.1804724083011826,-0.26389394666122024
13045,99,1,305.28,2,1,2,212,Hibernating,1,United Kingdom,2011-09-01 15:04:00,2011-09-01 15:04:00,-1.2958962905963094,-0.07332166236540566
18220,227,1,305.28,1,1,2,112,Lost,1,United Kingdom,2011-04-27 09:03:00,2011-04-27 09:03:00,-1.6107296637745137,0.4491527303083413
12623,276,1,305.1,1,1,2,112,Lost,1,Germany,2011-03-08 13:50:00,2011-03-08 13:50:00,-1.6853726740483026,0.5723481151044759
17941,131,1,304.56,2,1,2,212,Hibernating,1,United Kingdom,2011-08-01 08:30:00,2011-08-01 08:30:00,-1.403067011899148,0.10182188378224377
15163,18,2,304.47,4,1,2,412,Recent Customers,0,United Kingdom,2011-05-31 15:22:00,2011-11-21 13:10:00,-0.2958663756298491,-0.9719848282495552
16217,235,2,304.25,1,1,2,112,Lost,1,United Kingdom,2011-03-02 15:28:00,2011-04-18 13:31:00,-1.2586110140498514,0.6248863091763099
18185,249,1,304.25,1,1,2,112,Lost,1,United Kingdom,2011-04-04 13:42:00,2011-04-04 13:42:00,-1.6475147621239075,0.5063210581390459
16674,55,2,304.24,3,1,2,312,Need Attention,1,United Kingdom,2011-09-02 13:59:00,2011-10-16 11:31:00,-0.7091300169150566,-0.28702979337657053
17070,114,1,304.24,2,1,2,212,Hibernating,1,United Kingdom,2011-08-17 17:01:00,2011-08-17 17:01:00,-1.3508978490168952,0.014039657580221148
17732,373,1,303.97,1,1,2,112,Lost,1,United Kingdom,2010-12-02 09:29:00,2010-12-02 09:29:00,-1.801816735101223,0.761332957488132
16400,95,1,303.93,2,1,2,212,Hibernating,1,United Kingdom,2011-09-06 12:27:00,2011-09-06 12:27:00,-1.2823969401549327,-0.10080905287478133
13083,4,2,303.75,5,1,2,512,Recent Customers,0,United Kingdom,2011-09-25 10:46:00,2011-12-05 15:01:00,0.21298245059437831,-1.8191493685935234
17433,88,1,303.16,2,1,2,212,Hibernating,1,United Kingdom,2011-09-12 14:24:00,2011-09-12 14:24:00,-1.2546740129901668,-0.14972633474448652
16425,302,1,302.7,1,1,2,112,Lost,1,United Kingdom,2011-02-10 14:30:00,2011-02-10 14:30:00,-1.7233760423163365,0.6263550385447177
14248,318,1,302.58,1,1,2,112,Lost,1,United Kingdom,2011-01-25 14:45:00,2011-01-25 14:45:00,-1.7432203976814842,0.658832364701148
16386,29,2,302.57,4,1,2,412,Recent Customers,0,United Kingdom,2011-03-31 12:19:00,2011-11-11 12:28:00,-0.4733055945486402,-0.6847016812754199
18165,177,1,302.46,2,1,2,212,Hibernating,1,United Kingdom,2011-06-15 13:23:00,2011-06-15 13:23:00,-1.520547340469039,0.2888453866628463
16292,122,1,302.25,2,1,2,212,Hibernating,1,United Kingdom,2011-08-10 12:24:00,2011-08-10 12:24:00,-1.3796894242777782,0.05429106877279988
17506,76,1,302.2,2,1,2,212,Hibernating,1,United Kingdom,2011-09-25 11:39:00,2011-09-25 11:39:00,-1.200847792548577,-0.24269120227036997
15054,12,2,302.1,5,1,2,512,Recent Customers,0,United Kingdom,2011-10-30 14:33:00,2011-11-27 15:02:00,-0.15459519615159753,-1.2153936300414292
17094,322,1,302.0,1,1,2,112,Lost,1,United Kingdom,2011-01-21 13:09:00,2011-01-21 13:09:00,-1.7488873159267524,0.6660354892127902
16297,269,1,301.9,1,1,2,112,Lost,1,United Kingdom,2011-03-16 08:29:00,2011-03-16 08:29:00,-1.6805781875618868,0.5522947095353549
16715,78,1,301.72,2,1,2,212,Hibernating,1,United Kingdom,2011-09-22 18:15:00,2011-09-22 18:15:00,-1.211394386679274,-0.22701257881213557
15667,40,1,301.32,3,1,2,312,Need Attention,1,United Kingdom,2011-10-31 10:56:00,2011-10-31 10:56:00,-0.9614780876242542,-0.6432773392627735
15148,11,1,301.29,5,1,2,512,Recent Customers,0,United Kingdom,2011-11-29 08:21:00,2011-11-29 08:21:00,-0.4921774062646583,-1.4222085861649922
15623,141,1,301.03,2,1,2,212,Hibernating,1,United Kingdom,2011-07-21 17:26:00,2011-07-21 17:26:00,-1.4364720644145241,0.1438831534857304
13479,201,2,300.95,1,1,2,112,Lost,1,United Kingdom,2011-04-19 11:27:00,2011-05-23 10:45:00,-1.2043397511419252,0.5223098568278842
17978,365,1,300.92,1,1,2,112,Lost,1,United Kingdom,2010-12-09 14:05:00,2010-12-09 14:05:00,-1.7983228907851865,0.743964964092069
16430,57,1,300.85,3,1,2,312,Need Attention,1,United Kingdom,2011-10-13 14:47:00,2011-10-13 14:47:00,-1.0947198121321533,-0.42395004752630905
16479,10,2,300.83,5,1,2,512,Recent Customers,0,United Kingdom,2011-11-29 13:04:00,2011-11-29 13:40:00,-0.09277177234486572,-1.3228244450814863
14762,264,1,300.52,1,1,2,112,Lost,1,United Kingdom,2011-03-21 08:20:00,2011-03-21 08:20:00,-1.6756029993631263,0.5387820043065262
13304,351,1,300.42,1,1,2,112,Lost,1,United Kingdom,2010-12-23 14:35:00,2010-12-23 14:35:00,-1.7842100290865488,0.7186364494802538
15254,127,1,300.36,2,1,2,212,Hibernating,1,United Kingdom,2011-08-04 15:04:00,2011-08-04 15:04:00,-1.3978748949389257,0.07727382063229433
17793,25,1,300.34,4,1,2,412,Recent Customers,0,United Kingdom,2011-11-14 14:24:00,2011-11-14 14:24:00,-0.7890268637954874,-0.9332021454707989
13745,162,1,300.04,2,1,2,212,Hibernating,1,United Kingdom,2011-06-30 16:43:00,2011-06-30 16:43:00,-1.4907151790422506,0.2301218269946175
18053,71,1,300.02,3,1,2,312,Need Attention,1,United Kingdom,2011-09-30 09:05:00,2011-09-30 09:05:00,-1.1786221938833472,-0.2878812945330148
18215,89,1,299.34,2,1,2,212,Hibernating,1,United Kingdom,2011-09-11 16:05:00,2011-09-11 16:05:00,-1.2649349072857654,-0.14724625194015192
13667,149,1,299.05,2,1,2,212,Hibernating,1,United Kingdom,2011-07-13 15:42:00,2011-07-13 15:42:00,-1.4605273280234718,0.17623260883143893
15609,184,1,298.48,1,1,2,112,Lost,1,United Kingdom,2011-06-08 13:00:00,2011-06-08 13:00:00,-1.5415417540950214,0.3084894493563207
17824,51,1,298.4,3,1,2,312,Need Attention,1,United Kingdom,2011-10-19 14:14:00,2011-10-19 14:14:00,-1.056870142019801,-0.49614356573496976
16104,62,1,298.21,3,1,2,312,Need Attention,1,United Kingdom,2011-10-09 10:23:00,2011-10-09 10:23:00,-1.1304731195981474,-0.3747281673222779
17678,264,1,298.11,1,1,2,112,Lost,1,United Kingdom,2011-03-21 11:52:00,2011-03-21 11:52:00,-1.6794080741321769,0.5358592829087648
12881,276,1,298.0,1,1,2,112,Lost,1,United Kingdom,2011-03-09 11:44:00,2011-03-09 11:44:00,-1.6965002859385048,0.5638008692942199
15857,19,1,297.0,4,1,2,412,Recent Customers,0,United Kingdom,2011-11-21 12:18:00,2011-11-21 12:18:00,-0.6940890385766497,-1.103583583991758
17531,190,1,296.7,1,1,2,112,Lost,1,United Kingdom,2011-06-02 19:17:00,2011-06-02 19:17:00,-1.5565608310944066,0.32655200703445214
13441,92,1,296.64,2,1,2,212,Hibernating,1,United Kingdom,2011-09-09 09:38:00,2011-09-09 09:38:00,-1.2817423986895269,-0.12974854016754142
17266,2,3,296.58,5,2,2,522,Potential Loyalists,0,United Kingdom,2011-07-15 11:57:00,2011-12-07 14:12:00,0.6571400772738173,-2.041607209622758
13751,288,1,296.25,1,1,2,112,Lost,1,United Kingdom,2011-02-24 15:56:00,2011-02-24 15:56:00,-1.7154838197973503,0.5885476787450487
13504,64,1,295.93,3,1,2,312,Need Attention,1,United Kingdom,2011-10-06 13:20:00,2011-10-06 13:20:00,-1.1460384618866395,-0.3577019470887357
16998,150,4,295.0,2,3,2,232,At Risk,1,United Kingdom,2011-02-08 15:42:00,2011-07-13 09:44:00,-0.6403934489159244,0.5259947121107241
14954,12,1,294.85,5,1,2,512,Recent Customers,0,United Kingdom,2011-11-27 14:30:00,2011-11-27 14:30:00,-0.5329641462125156,-1.3793095084116604
15060,8,4,294.25,5,3,2,532,Loyal Customers,0,United Kingdom,2011-11-30 14:03:00,2011-12-01 13:47:00,0.43565909572336226,-1.2626635137384767
17124,185,1,294.24,1,1,2,112,Lost,1,United Kingdom,2011-06-07 14:02:00,2011-06-07 14:02:00,-1.5503620564945,0.3067136935433332
15732,212,2,294.12,1,1,2,112,Lost,1,United Kingdom,2010-12-02 15:00:00,2011-05-11 14:24:00,-1.2354433808845484,0.5475911989930388
16402,265,2,293.45,1,1,2,112,Lost,1,United Kingdom,2010-12-05 13:42:00,2011-03-20 12:25:00,-1.3214026013227254,0.6876266005942184
17163,22,2,293.1,4,1,2,412,Recent Customers,0,United Kingdom,2011-09-22 15:54:00,2011-11-18 08:57:00,-0.38683463445005173,-0.8646829554535297
12829,337,2,293.0,1,1,2,112,Lost,1,United Kingdom,2010-12-14 14:54:00,2011-01-07 11:13:00,-1.4136352584673715,0.8389286515838184
16721,262,1,292.47,1,1,2,112,Lost,1,United Kingdom,2011-03-22 16:08:00,2011-03-22 16:08:00,-1.6855401514386406,0.5241237297741325
14985,198,2,292.01,1,1,2,112,Lost,1,United Kingdom,2010-12-16 19:51:00,2011-05-25 14:29:00,-1.2128745679816724,0.5018783028553968
13502,17,3,292.0,4,2,2,422,Potential Loyalists,0,United Kingdom,2011-01-20 09:03:00,2011-11-23 10:39:00,-0.03466284529941311,-0.9113955626585568
13449,24,1,291.88,4,1,2,412,Recent Customers,0,United Kingdom,2011-11-16 08:28:00,2011-11-16 08:28:00,-0.7875467908199204,-0.9684367273546226
17255,41,2,291.48,3,1,2,312,Need Attention,0,United Kingdom,2011-02-13 15:18:00,2011-10-30 12:18:00,-0.6194834608860869,-0.4849540593549572
14656,169,2,291.05,2,1,2,212,Hibernating,1,United Kingdom,2011-03-01 13:19:00,2011-06-23 13:51:00,-1.1542634871222899,0.40083413517730987
14947,72,2,290.82,3,1,2,312,Need Attention,1,United Kingdom,2011-08-01 09:31:00,2011-09-28 15:48:00,-0.8317192408591455,-0.13534353039384947
16648,43,1,290.66,3,1,2,312,Need Attention,1,United Kingdom,2011-10-28 08:58:00,2011-10-28 08:58:00,-1.005474770497558,-0.6115842868606453
15279,355,1,290.51,1,1,2,112,Lost,1,United Kingdom,2010-12-20 10:48:00,2010-12-20 10:48:00,-1.8043776136522212,0.7136241729417268
17691,358,2,290.4,1,1,2,112,Lost,1,United Kingdom,2010-12-06 11:10:00,2010-12-16 17:20:00,-1.4408726222967447,0.8739049030380648
16526,172,1,290.36,2,1,2,212,Hibernating,1,United Kingdom,2011-06-21 12:02:00,2011-06-21 12:02:00,-1.5289569500926572,0.2559637710573164
17551,359,1,290.34,1,1,2,112,Lost,1,United Kingdom,2010-12-15 14:12:00,2010-12-15 14:12:00,-1.808922386305615,0.7204948740781285
13573,50,2,290.25,3,1,2,312,Need Attention,1,United Kingdom,2011-03-31 14:47:00,2011-10-20 14:33:00,-0.6956488965298778,-0.363406453743222
14784,26,2,289.99,4,1,2,412,Recent Customers,0,United Kingdom,2011-01-20 09:25:00,2011-11-13 13:30:00,-0.4531259273766668,-0.7669078301822186
17464,158,1,289.96,2,1,2,212,Hibernating,1,United Kingdom,2011-07-04 13:19:00,2011-07-04 13:19:00,-1.4973725369418232,0.20196722501603187
16897,299,2,289.78,1,1,2,112,Lost,1,United Kingdom,2011-01-30 11:52:00,2011-02-13 15:02:00,-1.373298650163202,0.7593123797287268
17201,54,1,289.78,3,1,2,312,Need Attention,1,United Kingdom,2011-10-17 11:55:00,2011-10-17 11:55:00,-1.092147951801618,-0.47122612378087453
14162,174,2,289.36,2,1,2,212,Hibernating,1,United Kingdom,2011-02-20 12:32:00,2011-06-19 11:36:00,-1.1680884244429515,0.41709671983672547
16125,367,1,289.35,1,1,2,112,Lost,1,United Kingdom,2010-12-07 15:48:00,2010-12-07 15:48:00,-1.8189322525474612,0.7331883847801961
14549,311,1,289.24,1,1,2,112,Lost,1,United Kingdom,2011-02-01 13:47:00,2011-02-01 13:47:00,-1.7560517869493497,0.6284004002957682
15545,54,2,288.97,3,1,2,312,Need Attention,1,United Kingdom,2010-12-03 17:28:00,2011-10-16 13:24:00,-0.7265810657888568,-0.31714365705169667
17081,25,2,288.91,4,1,2,412,Recent Customers,0,United Kingdom,2011-10-24 13:08:00,2011-11-14 12:56:00,-0.4404722843736256,-0.7921870257758834
17501,221,2,288.6,1,1,2,112,Lost,1,United Kingdom,2011-05-03 09:46:00,2011-05-03 09:47:00,-1.260205168147751,0.5669500883565314
16808,99,2,288.42,2,1,2,212,Hibernating,1,United Kingdom,2011-03-10 19:05:00,2011-09-01 19:34:00,-0.9558538136661526,0.0611552141667738
15396,113,1,288.18,2,1,2,212,Hibernating,1,United Kingdom,2011-08-19 10:56:00,2011-08-19 10:56:00,-1.3731892443821192,-0.011181821464035685
17977,29,1,288.14,4,1,2,412,Recent Customers,0,United Kingdom,2011-11-10 13:28:00,2011-11-10 13:28:00,-0.8632870938949739,-0.8575372914089017
17080,22,2,287.62,4,1,2,412,Recent Customers,0,United Kingdom,2011-03-15 12:05:00,2011-11-17 12:59:00,-0.39575297967596096,-0.8715332383011627
17760,22,2,287.59,4,1,2,412,Recent Customers,0,United Kingdom,2010-12-01 15:08:00,2011-11-18 10:56:00,-0.39580226734172197,-0.8715710967202763
16432,64,1,287.4,3,1,2,312,Need Attention,1,United Kingdom,2011-10-06 13:59:00,2011-10-06 13:59:00,-1.1598591554057396,-0.36831777966283663
13760,54,2,286.79,3,1,2,312,Need Attention,1,United Kingdom,2011-03-28 12:52:00,2011-10-16 16:13:00,-0.730159243660755,-0.3198920963507758
16555,35,2,285.89,3,1,2,312,Need Attention,0,United Kingdom,2011-08-22 12:32:00,2011-11-04 14:31:00,-0.5697481886100296,-0.5897039115310037
14660,87,2,285.74,2,1,2,212,Hibernating,1,United Kingdom,2011-08-31 10:40:00,2011-09-14 11:34:00,-0.9114328084715365,-0.02327115456340733
14953,25,1,285.67,4,1,2,412,Recent Customers,0,United Kingdom,2011-11-14 14:59:00,2011-11-14 14:59:00,-0.8126907666777679,-0.9513786596016491
17636,19,1,285.56,4,1,2,412,Recent Customers,0,United Kingdom,2011-11-20 14:40:00,2011-11-20 14:40:00,-0.712650117854839,-1.117840561019688
13708,271,1,285.33,1,1,2,112,Lost,1,United Kingdom,2011-03-13 13:46:00,2011-03-13 13:46:00,-1.7100722874270147,0.5364839185481637
16429,106,1,284.55,2,1,2,212,Hibernating,1,United Kingdom,2011-08-25 13:54:00,2011-08-25 13:54:00,-1.3549717998647026,-0.055954790703804116
18190,192,2,284.46,1,1,2,112,Lost,1,United Kingdom,2011-01-13 10:35:00,2011-05-31 14:48:00,-1.2135575856179102,0.47296309730243236
13121,269,1,283.73,1,1,2,112,Lost,1,United Kingdom,2011-03-15 16:47:00,2011-03-15 16:47:00,-1.7099100930159448,0.529764537880126
13439,255,1,283.71,1,1,2,112,Lost,1,United Kingdom,2011-03-29 14:20:00,2011-03-29 14:20:00,-1.6896041016059524,0.4959853458679738
12703,71,1,283.55,3,1,2,312,Need Attention,1,Germany,2011-09-29 17:52:00,2011-09-29 17:52:00,-1.205301847371048,-0.3083742411546181
17783,72,2,283.47,3,1,2,312,Need Attention,1,United Kingdom,2011-04-06 10:07:00,2011-09-28 16:07:00,-0.8438146523353927,-0.14463415412190236
13259,62,1,283.18,3,1,2,312,Need Attention,1,United Kingdom,2011-10-09 10:48:00,2011-10-09 10:48:00,-1.1549100671343593,-0.39349846588276616
18270,38,2,283.15,3,1,2,312,Need Attention,0,United Kingdom,2011-03-18 12:41:00,2011-11-01 13:57:00,-0.6048746239781134,-0.5424570891688898
17694,142,1,283.12,2,1,2,212,Hibernating,1,United Kingdom,2011-07-21 12:00:00,2011-07-21 12:00:00,-1.4681377341249264,0.1260681573373948
14350,274,1,282.93,1,1,2,112,Lost,1,United Kingdom,2011-03-10 14:14:00,2011-03-10 14:14:00,-1.7182535274962454,0.5403719778563947
13754,152,2,282.6,2,1,2,212,Hibernating,1,United Kingdom,2011-01-26 14:58:00,2011-07-11 11:51:00,-1.127937294850253,0.32334920241531573
13177,65,1,282.45,3,1,2,312,Need Attention,1,United Kingdom,2011-10-06 09:56:00,2011-10-06 09:56:00,-1.1739001954446733,-0.36494452806344324
16557,24,2,281.85,4,1,2,412,Recent Customers,0,United Kingdom,2011-07-25 13:28:00,2011-11-15 14:04:00,-0.43717979048253996,-0.8260294664501249
16848,53,1,281.42,3,1,2,312,Need Attention,1,United Kingdom,2011-10-18 08:42:00,2011-10-18 08:42:00,-1.0989705140996626,-0.49348273913287694
14242,235,2,280.55,1,1,2,112,Lost,1,United Kingdom,2011-01-18 08:53:00,2011-04-19 11:46:00,-1.2969327695291297,0.5954509310202548
16149,5,2,280.52,5,1,2,512,Recent Customers,0,United Kingdom,2011-07-20 14:54:00,2011-12-05 11:29:00,0.10574100352551837,-1.732446321205927
17247,15,1,280.09,4,1,2,412,Recent Customers,0,United Kingdom,2011-11-24 15:21:00,2011-11-24 15:21:00,-0.636548143859338,-1.2663185891944109
14975,57,1,279.94,3,1,2,312,Need Attention,1,United Kingdom,2011-10-13 14:08:00,2011-10-13 14:08:00,-1.1287590043479556,-0.4500959399173969
15556,24,1,279.77,4,1,2,412,Recent Customers,0,United Kingdom,2011-11-15 16:08:00,2011-11-15 16:08:00,-0.807569023971373,-0.9838160333642441
14480,11,1,279.05,5,1,2,512,Recent Customers,0,United Kingdom,2011-11-28 16:35:00,2011-11-28 16:35:00,-0.5284117400563283,-1.4500405918769244
14764,47,1,278.3,3,1,2,312,Need Attention,1,United Kingdom,2011-10-24 11:54:00,2011-10-24 11:54:00,-1.0592449534947677,-0.5721955241964892
14908,74,1,277.8,2,1,2,212,Hibernating,1,United Kingdom,2011-09-26 12:56:00,2011-09-26 12:56:00,-1.2305753244947326,-0.28993069185284226
13803,255,1,277.07,1,1,2,112,Lost,1,United Kingdom,2011-03-29 12:57:00,2011-03-29 12:57:00,-1.7007933372386985,0.4873907661571048
15355,29,2,277.05,4,1,2,412,Recent Customers,0,United Kingdom,2011-10-17 15:22:00,2011-11-10 13:44:00,-0.5149417976612385,-0.7166829245215534
13606,29,3,276.75,4,2,2,422,Potential Loyalists,0,United Kingdom,2011-02-01 11:42:00,2011-11-10 17:46:00,-0.25514138771971,-0.6070320162404731
13272,31,2,276.56,4,1,2,412,Recent Customers,0,United Kingdom,2011-09-11 12:06:00,2011-11-08 14:00:00,-0.5404317125024714,-0.6764120333062421
13544,40,2,276.06,3,1,2,312,Need Attention,0,United Kingdom,2011-04-13 12:09:00,2011-10-31 11:57:00,-0.6359595520603327,-0.5199564680097019
12750,129,1,275.88,2,1,2,212,Hibernating,1,Poland,2011-08-03 09:13:00,2011-08-03 09:13:00,-1.443968568947901,0.056246595717524
14512,188,2,275.28,1,1,2,112,Lost,1,United Kingdom,2011-04-21 19:05:00,2011-06-05 12:39:00,-1.2210560909689998,0.4477816962751913
16313,3,2,274.15,5,1,2,512,Recent Customers,0,United Kingdom,2011-10-21 09:04:00,2011-12-06 13:02:00,0.2497758243171011,-1.9978207816835094
16883,187,2,272.48,1,1,2,112,Lost,1,United Kingdom,2010-12-03 10:33:00,2011-06-05 12:51:00,-1.2238594866461072,0.4407087203578937
17498,76,1,272.22,2,1,2,212,Hibernating,1,United Kingdom,2011-09-25 12:25:00,2011-09-25 12:25:00,-1.2502146513781265,-0.28061045048461547
14819,64,2,272.07,3,1,2,312,Need Attention,1,United Kingdom,2011-05-31 13:50:00,2011-10-06 13:41:00,-0.8188681003618499,-0.2331122894453215
13917,50,2,272.04,3,1,2,312,Need Attention,1,United Kingdom,2011-06-01 12:46:00,2011-10-21 09:56:00,-0.7262621339153651,-0.38692083109240577
14816,197,1,271.85,1,1,2,112,Lost,1,United Kingdom,2011-05-26 13:16:00,2011-05-26 13:16:00,-1.611639645819731,0.3176241127412531
13058,25,3,271.4,4,2,2,422,Potential Loyalists,0,United Kingdom,2011-07-11 12:01:00,2011-11-15 12:43:00,-0.20969940775646978,-0.7048324974401953
17767,15,1,271.2,4,1,2,412,Recent Customers,0,United Kingdom,2011-11-24 14:42:00,2011-11-24 14:42:00,-0.6517864663200288,-1.2780233187529741
17254,5,2,271.19,5,1,2,512,Recent Customers,0,United Kingdom,2011-11-24 14:09:00,2011-12-05 12:46:00,0.08976047179356168,-1.7447211501844517
17496,359,1,271.05,1,1,2,112,Lost,1,United Kingdom,2010-12-16 08:39:00,2010-12-16 08:39:00,-1.841404458896792,0.6955450230586278
18108,254,1,271.0,1,1,2,112,Lost,1,United Kingdom,2011-03-30 13:56:00,2011-03-30 13:56:00,-1.7097632347834917,0.4768713194226831
17011,30,1,270.9,4,1,2,412,Recent Customers,0,United Kingdom,2011-11-09 13:30:00,2011-11-09 13:30:00,-0.9049622352264465,-0.8591407056238622
15774,69,1,270.8,3,1,2,312,Need Attention,1,United Kingdom,2011-10-02 12:04:00,2011-10-02 12:04:00,-1.2162770969337087,-0.3429288007180268
14520,2,2,270.6,5,1,2,512,Recent Customers,0,United Kingdom,2011-02-22 09:15:00,2011-12-08 09:46:00,0.3535124136428045,-2.1849223321277647
13242,112,3,270.4,2,2,2,222,Hibernating,1,United Kingdom,2011-05-10 12:26:00,2011-08-19 12:53:00,-0.7727096045834547,0.22526449738884285
12558,8,1,269.96,5,1,2,512,Recent Customers,0,USA,2011-12-02 10:41:00,2011-12-02 10:41:00,-0.43416345027100045,-1.6444302135886846
17251,363,1,269.83,1,1,2,112,Lost,1,United Kingdom,2010-12-12 11:06:00,2010-12-12 11:06:00,-1.8477565925669068,0.7009129744690299
13533,183,3,269.09,1,2,2,122,Lost,1,United Kingdom,2011-03-17 12:47:00,2011-06-10 11:54:00,-0.9612461502192594,0.5325764274089603
14727,274,1,268.58,1,1,2,112,Lost,1,United Kingdom,2011-03-10 14:45:00,2011-03-10 14:45:00,-1.7428444375174197,0.5214834189524009
14508,22,2,268.05,4,1,2,412,Recent Customers,0,United Kingdom,2011-09-11 11:29:00,2011-11-17 19:48:00,-0.4290451996628642,-0.8971053727901208
15408,264,1,267.18,1,1,2,112,Lost,1,United Kingdom,2011-03-20 15:02:00,2011-03-20 15:02:00,-1.7311635767242528,0.49610529013361077
17550,197,3,267.16,1,2,2,122,Lost,1,United Kingdom,2011-04-10 15:19:00,2011-05-26 14:09:00,-0.9926589184994277,0.5764518914261383
15320,44,1,267.13,3,1,2,312,Need Attention,1,United Kingdom,2011-10-26 13:27:00,2011-10-26 13:27:00,-1.0539438061672801,-0.6279736383675215
15517,233,1,267.03,1,1,2,112,Lost,1,United Kingdom,2011-04-20 14:02:00,2011-04-20 14:02:00,-1.6839049793778966,0.41703437761702955
16451,88,1,266.97,2,1,2,212,Hibernating,1,United Kingdom,2011-09-13 09:17:00,2011-09-13 09:17:00,-1.3147394914320518,-0.19586331489972236
17786,85,2,266.85,2,1,2,212,Hibernating,1,United Kingdom,2011-01-26 14:35:00,2011-09-15 12:51:00,-0.934963971562546,-0.06266510658576789
14863,29,1,266.76,4,1,2,412,Recent Customers,0,United Kingdom,2011-11-10 15:04:00,2011-11-10 15:04:00,-0.8997116968847245,-0.8855154450654386
13837,212,2,266.59,1,1,2,112,Lost,1,United Kingdom,2011-01-26 12:15:00,2011-05-12 12:10:00,-1.2818755831526094,0.5119260940080163
15119,246,1,266.4,1,1,2,112,Lost,1,United Kingdom,2011-04-08 09:08:00,2011-04-08 09:08:00,-1.7056743564309116,0.4504524659074326
12962,7,2,266.39,5,1,2,512,Recent Customers,0,United Kingdom,2011-08-18 13:38:00,2011-12-02 15:55:00,-0.028569721351199097,-1.568829113545113
14068,320,1,265.85,1,1,2,112,Lost,1,United Kingdom,2011-01-23 16:02:00,2011-01-23 16:02:00,-1.80675426573,0.6158272494810417
17430,33,2,265.76,4,1,2,412,Recent Customers,0,United Kingdom,2010-12-09 13:05:00,2011-11-07 09:24:00,-0.5824083634148368,-0.6524343583667931
14423,218,1,265.2,1,1,2,112,Lost,1,United Kingdom,2011-05-05 15:12:00,2011-05-05 15:12:00,-1.6618462902170583,0.3725413476602321
17968,374,1,265.1,1,1,2,112,Lost,1,United Kingdom,2010-12-01 12:23:00,2010-12-01 12:23:00,-1.8674837106597055,0.7133696476551643
13973,287,1,264.7,1,1,2,112,Lost,1,United Kingdom,2011-02-25 15:21:00,2011-02-25 15:21:00,-1.7673626835045915,0.5454845328018243
15912,178,2,264.62,2,1,2,212,Hibernating,1,United Kingdom,2011-04-20 17:10:00,2011-06-14 14:29:00,-1.218947351354733,0.39898941719040276
17403,36,1,263.92,3,1,2,312,Need Attention,0,United Kingdom,2011-11-03 15:18:00,2011-11-03 15:18:00,-0.9848805190147736,-0.7564496436112504
17708,188,2,263.33,1,1,2,112,Lost,1,United Kingdom,2011-01-19 10:09:00,2011-06-05 10:12:00,-1.2420216005117695,0.4316778488937866
12492,63,2,263.21,3,1,2,312,Need Attention,1,Germany,2011-08-26 14:51:00,2011-10-07 15:15:00,-0.8285850463467304,-0.254953839306053
17194,274,2,262.62,1,1,2,112,Lost,1,United Kingdom,2010-12-14 12:06:00,2011-03-11 12:05:00,-1.3865553636964463,0.6684394921510475
16413,57,1,262.2,3,1,2,312,Need Attention,1,United Kingdom,2011-10-14 12:08:00,2011-10-14 12:08:00,-1.159686712923372,-0.4738518661799585
16936,26,1,261.9,4,1,2,412,Recent Customers,0,United Kingdom,2011-11-14 11:04:00,2011-11-14 11:04:00,-0.8681494518788887,-0.958978505908027
13189,19,2,260.68,4,1,2,412,Recent Customers,0,United Kingdom,2011-08-16 13:12:00,2011-11-21 10:39:00,-0.38882601761191926,-0.9958212048932298
14053,124,2,260.25,2,1,2,212,Hibernating,1,United Kingdom,2011-07-03 12:21:00,2011-08-07 14:27:00,-1.0896482634761437,0.16531899261259672
15143,226,1,259.45,1,1,2,112,Lost,1,United Kingdom,2011-04-28 12:03:00,2011-04-28 12:03:00,-1.6859058602260892,0.3873327518989348
13127,78,1,259.17,2,1,2,212,Hibernating,1,United Kingdom,2011-09-23 10:26:00,2011-09-23 10:26:00,-1.2832161622395373,-0.28217970508323836
14452,11,2,259.05,5,1,2,512,Recent Customers,0,United Kingdom,2011-09-07 11:32:00,2011-11-29 12:06:00,-0.1966543930198082,-1.3219276182620603
15577,151,3,258.88,2,2,2,222,Hibernating,1,United Kingdom,2011-02-07 13:32:00,2011-07-11 17:03:00,-0.9065351347149813,0.39742495183371357
13277,16,4,258.4,4,3,2,432,Loyal Customers,0,United Kingdom,2011-07-29 10:06:00,2011-11-24 09:21:00,0.1313326589208383,-0.9066340868190355
15894,253,2,258.25,1,1,2,112,Lost,1,United Kingdom,2010-12-05 14:06:00,2011-03-31 13:50:00,-1.3641365544659314,0.611993658814227
13227,202,1,257.7,1,1,2,112,Lost,1,United Kingdom,2011-05-22 11:47:00,2011-05-22 11:47:00,-1.6464165297745457,0.3140387974552251
15014,43,2,257.67,3,1,2,312,Need Attention,0,United Kingdom,2011-06-16 19:40:00,2011-10-27 20:07:00,-0.6955007859778513,-0.5002033628393747
13626,253,1,257.23,1,1,2,112,Lost,1,United Kingdom,2011-04-01 10:05:00,2011-04-01 10:05:00,-1.7328953061497734,0.45545948360049393
16048,373,2,256.44,1,1,2,112,Lost,1,United Kingdom,2010-12-01 15:27:00,2010-12-01 15:28:00,-1.515261817864153,0.8547254283995429
12430,43,1,256.4,3,1,2,312,Need Attention,1,Norway,2011-10-27 15:09:00,2011-10-27 15:09:00,-1.0647240377169114,-0.6570943258517837
13806,64,1,256.38,3,1,2,312,Need Attention,1,United Kingdom,2011-10-07 11:43:00,2011-10-07 11:43:00,-1.213815598716603,-0.40976234014675844
16727,364,1,256.32,1,1,2,112,Lost,1,United Kingdom,2010-12-10 13:48:00,2010-12-10 13:48:00,-1.8730675517591298,0.684015517272358
17896,23,1,256.32,4,1,2,412,Recent Customers,0,United Kingdom,2011-11-16 13:59:00,2011-11-16 13:59:00,-0.8333287619221613,-1.041458778147779
17385,15,1,256.11,4,1,2,412,Recent Customers,0,United Kingdom,2011-11-25 11:02:00,2011-11-25 11:02:00,-0.6788290188686636,-1.2987950122888947
16447,136,1,255.91,2,1,2,212,Hibernating,1,United Kingdom,2011-07-27 12:45:00,2011-07-27 12:45:00,-1.4994975302034608,0.06223055828606459
14761,59,2,255.9,3,1,2,312,Need Attention,1,United Kingdom,2011-01-09 12:03:00,2011-10-12 12:10:00,-0.8172350026469539,-0.3060857270733546
15277,47,1,255.9,3,1,2,312,Need Attention,1,United Kingdom,2011-10-24 10:08:00,2011-10-24 10:08:00,-1.0988841537717404,-0.6026428467516164
14881,20,1,255.4,4,1,2,412,Recent Customers,0,United Kingdom,2011-11-20 11:06:00,2011-11-20 11:06:00,-0.7840183297847092,-1.1274135987038392
16226,203,3,255.12,1,2,2,122,Lost,1,United Kingdom,2011-04-18 12:58:00,2011-05-20 14:41:00,-1.0258443220922078,0.5786460363596911
15261,135,1,254.82,2,1,2,212,Hibernating,1,United Kingdom,2011-07-27 15:20:00,2011-07-27 15:20:00,-1.4987149916596885,0.05603781041383028
15154,75,1,254.28,2,1,2,212,Hibernating,1,United Kingdom,2011-09-25 16:05:00,2011-09-25 16:05:00,-1.2774240569709616,-0.31363273875412645
12604,79,2,254.18,2,1,2,212,Hibernating,1,France,2011-03-23 12:06:00,2011-09-21 14:08:00,-0.9303142267140936,-0.12616036110052256
14765,29,3,254.11,4,2,2,422,Potential Loyalists,0,United Kingdom,2011-06-16 19:49:00,2011-11-10 19:53:00,-0.29545722457046036,-0.6379990710775446
15689,120,2,254.1,2,1,2,212,Hibernating,1,United Kingdom,2010-12-13 09:57:00,2011-08-12 09:37:00,-1.0885198873833948,0.13602523440280528
12797,366,1,254.03,1,1,2,112,Lost,1,Portugal,2010-12-09 10:55:00,2010-12-09 10:55:00,-1.8793935781449593,0.6842239390411983
15759,218,3,253.04,1,2,2,122,Lost,1,United Kingdom,2010-12-16 15:29:00,2011-05-05 15:13:00,-1.0568141737757255,0.6206550389856234
15019,267,1,252.81,1,1,2,112,Lost,1,United Kingdom,2011-03-18 12:35:00,2011-03-18 12:35:00,-1.761576691422889,0.48318398441901167
15035,90,1,252.73,2,1,2,212,Hibernating,1,United Kingdom,2011-09-11 11:08:00,2011-09-11 11:08:00,-1.3491196292636711,-0.20166240073735106
13404,1,2,252.49,5,1,2,512,Recent Customers,0,United Kingdom,2011-05-11 11:57:00,2011-12-08 15:37:00,0.47567968662373655,-2.4670935058848356
15346,333,1,252.42,1,1,2,112,Lost,1,United Kingdom,2011-01-11 11:18:00,2011-01-11 11:18:00,-1.8464042239563454,0.6221874538247093
13645,120,1,252.1,2,1,2,212,Hibernating,1,United Kingdom,2011-08-11 16:11:00,2011-08-11 16:11:00,-1.4591414877477327,-0.021939816162855504
13711,219,2,252.06,1,1,2,112,Lost,1,United Kingdom,2011-05-05 10:29:00,2011-05-05 10:31:00,-1.3206994275845048,0.51209136523132
16330,18,3,251.91,4,2,2,422,Potential Loyalists,0,United Kingdom,2011-08-19 17:08:00,2011-11-22 12:24:00,-0.1250831502121772,-0.9307090362979945
16836,40,2,251.87,3,1,2,312,Need Attention,0,United Kingdom,2011-08-15 12:38:00,2011-10-31 10:05:00,-0.6792777242355497,-0.5532296509069753
17155,18,2,251.7,4,1,2,412,Recent Customers,0,United Kingdom,2011-06-15 10:22:00,2011-11-22 12:38:00,-0.3857892944418784,-1.041055649432567
16976,267,1,251.52,1,1,2,112,Lost,1,United Kingdom,2011-03-17 16:33:00,2011-03-17 16:33:00,-1.7639927520722487,0.48132818063412697
13512,261,1,251.21,1,1,2,112,Lost,1,United Kingdom,2011-03-24 10:03:00,2011-03-24 10:03:00,-1.7559258142307117,0.4665269208270758
14501,184,2,251.21,1,1,2,112,Lost,1,United Kingdom,2011-01-24 10:43:00,2011-06-09 12:02:00,-1.2561052919066489,0.4010228221680434
16024,12,1,251.03,5,1,2,512,Recent Customers,0,United Kingdom,2011-11-27 13:26:00,2011-11-27 13:26:00,-0.6089733880507342,-1.437693075366802
13207,15,2,250.26,4,1,2,412,Recent Customers,0,United Kingdom,2011-07-12 11:35:00,2011-11-24 14:52:00,-0.32285252227761163,-1.1520790332313082
16596,16,2,250.15,4,1,2,412,Recent Customers,0,United Kingdom,2010-12-08 16:18:00,2011-11-24 10:02:00,-0.3462186344163744,-1.1138063908604967
17303,361,1,250.04,1,1,2,112,Lost,1,United Kingdom,2010-12-13 13:32:00,2010-12-13 13:32:00,-1.881630378345152,0.6697847372509091
15510,331,1,250.0,1,1,2,112,Lost,1,United Kingdom,2011-01-13 12:10:00,2011-01-13 12:10:00,-1.8486595769477652,0.614885387481451
17456,365,1,249.86,1,1,2,112,Lost,1,United Kingdom,2010-12-09 15:23:00,2010-12-09 15:23:00,-1.8861683004780163,0.6764899013961486
16124,317,1,249.0,1,1,1,111,Lost,1,United Kingdom,2011-01-26 14:45:00,2011-01-26 14:45:00,-1.8340945721656208,0.5861192446571611
13061,72,1,248.61,3,1,1,311,Need Attention,1,United Kingdom,2011-09-28 16:04:00,2011-09-28 16:04:00,-1.2726896497359215,-0.34734430441459146
16510,372,1,248.1,1,1,1,111,Lost,1,United Kingdom,2010-12-02 13:39:00,2010-12-02 13:39:00,-1.8967436215754847,0.68593565748839
15097,4,1,248.08,5,1,1,511,Recent Customers,0,United Kingdom,2011-12-05 14:03:00,2011-12-05 14:03:00,-0.249552631008462,-2.0477142140813593
13592,36,4,247.96,3,3,1,331,Loyal Customers,0,United Kingdom,2011-03-20 14:01:00,2011-11-04 09:49:00,-0.18522678390392744,-0.42858040898112826
18072,186,1,247.44,1,1,1,111,Lost,1,United Kingdom,2011-06-07 10:44:00,2011-06-07 10:44:00,-1.6342434964848889,0.24725581488454854
18009,235,1,247.39,1,1,1,111,Lost,1,United Kingdom,2011-04-18 13:36:00,2011-04-18 13:36:00,-1.7232387257512451,0.39471409060440493
13349,11,1,247.32,5,1,1,511,Recent Customers,0,United Kingdom,2011-11-29 08:07:00,2011-11-29 08:07:00,-0.5854289088577761,-1.493836130574669
14658,5,2,247.15,5,1,1,511,Recent Customers,0,United Kingdom,2011-08-14 15:42:00,2011-12-04 15:35:00,0.045916753532449554,-1.7783980110339297
15783,11,1,246.3,5,1,1,511,Recent Customers,0,United Kingdom,2011-11-29 09:50:00,2011-11-29 09:50:00,-0.5873805627571228,-1.4953352182296715
17278,241,1,246.04,1,1,1,111,Lost,1,United Kingdom,2011-04-12 13:10:00,2011-04-12 13:10:00,-1.735413202188196,0.4086447854322615
16778,74,2,245.94,2,1,1,211,Hibernating,1,United Kingdom,2011-03-10 15:21:00,2011-09-26 13:48:00,-0.9212242212960132,-0.17902821008976935
17771,57,2,245.81,3,1,1,311,Need Attention,1,United Kingdom,2011-01-20 14:13:00,2011-10-14 11:43:00,-0.8232831872420598,-0.34217010967194145
12660,11,1,245.1,5,1,1,511,Recent Customers,0,France,2011-11-28 13:26:00,2011-11-28 13:26:00,-0.5896869583487188,-1.497106787030918
15118,134,1,244.8,2,1,1,211,Hibernating,1,United Kingdom,2011-07-28 14:54:00,2011-07-28 14:54:00,-1.5148411056682891,0.03680719397751692
16528,4,1,244.41,5,1,1,511,Recent Customers,0,United Kingdom,2011-12-06 12:45:00,2011-12-06 12:45:00,-0.2565909244127625,-2.053120407647854
17892,56,3,244.1,3,2,1,321,Need Attention,1,United Kingdom,2011-07-07 12:56:00,2011-10-14 16:49:00,-0.5596238791664698,-0.24568342102909327
17925,373,1,244.08,1,1,1,111,Lost,1,United Kingdom,2010-12-02 10:10:00,2010-12-02 10:10:00,-1.9054807595477752,0.6817074360943437
13103,40,1,243.94,3,1,1,311,Need Attention,1,United Kingdom,2011-10-31 09:38:00,2011-10-31 09:38:00,-1.061274924554283,-0.7199324297479154
16793,57,1,243.84,3,1,1,311,Need Attention,1,United Kingdom,2011-10-13 15:08:00,2011-10-13 15:08:00,-1.1939725521499738,-0.5001872109576381
18193,165,1,243.76,2,1,1,211,Hibernating,1,United Kingdom,2011-06-27 13:58:00,2011-06-27 13:58:00,-1.5958155099371156,0.16630574226741174
13886,71,1,243.56,3,1,1,311,Need Attention,1,United Kingdom,2011-09-29 13:17:00,2011-09-29 13:17:00,-1.2771119042279546,-0.36353236615580287
15634,17,1,243.55,4,1,1,411,Recent Customers,0,United Kingdom,2011-11-22 16:28:00,2011-11-22 16:28:00,-0.7475696154773434,-1.2423690078359666
17339,94,2,243.36,2,1,1,211,Hibernating,1,United Kingdom,2010-12-09 14:44:00,2011-09-06 13:29:00,-1.0165042444388754,-0.032998060852597974
16601,41,1,242.7,3,1,1,311,Need Attention,1,United Kingdom,2011-10-30 11:09:00,2011-10-30 11:09:00,-1.0728866332510945,-0.706504581037932
16215,81,1,242.35,2,1,1,211,Hibernating,1,United Kingdom,2011-09-20 10:18:00,2011-09-20 10:18:00,-1.3291437232181809,-0.2828934525532661
15776,133,1,241.62,2,1,1,211,Hibernating,1,United Kingdom,2011-07-29 13:46:00,2011-07-29 13:46:00,-1.518175300421201,0.027351311893130534
14523,108,1,241.09,2,1,1,211,Hibernating,1,United Kingdom,2011-08-23 13:13:00,2011-08-23 13:13:00,-1.4403327194286835,-0.10434779513825382
16427,263,2,241.06,1,1,1,111,Lost,1,United Kingdom,2011-02-28 15:18:00,2011-03-21 17:10:00,-1.4114178384392193,0.6114859454875644
17051,194,1,240.89,1,1,1,111,Lost,1,United Kingdom,2011-05-29 14:13:00,2011-05-29 14:13:00,-1.662914378433492,0.2640810700260378
15598,53,1,240.68,3,1,1,311,Need Attention,1,United Kingdom,2011-10-17 16:04:00,2011-10-17 16:04:00,-1.172834840477565,-0.5502187720202927
15286,50,1,240.55,3,1,1,311,Need Attention,1,United Kingdom,2011-10-21 11:08:00,2011-10-21 11:08:00,-1.1512555580856938,-0.5866495006454368
13565,19,2,240.22,4,1,1,411,Recent Customers,0,United Kingdom,2011-01-09 14:28:00,2011-11-20 14:33:00,-0.42742844557897125,-1.0254721707934342
17256,107,2,240.0,2,1,1,211,Hibernating,1,United Kingdom,2011-01-31 14:53:00,2011-08-24 13:30:00,-1.0720621194417548,0.04326433316186523
17181,57,2,239.92,3,1,1,311,Need Attention,1,United Kingdom,2010-12-01 12:38:00,2011-10-13 14:48:00,-0.8347358845042392,-0.35096705727005856
15690,4,2,239.76,5,1,1,511,Recent Customers,0,United Kingdom,2011-08-31 11:40:00,2011-12-05 15:59:00,0.10122816663857934,-1.9049891107362562
13570,243,1,239.49,1,1,1,111,Lost,1,United Kingdom,2011-04-10 13:36:00,2011-04-10 13:36:00,-1.7512986299442854,0.40407558430649676
17684,44,1,239.41,3,1,1,311,Need Attention,1,United Kingdom,2011-10-27 11:10:00,2011-10-27 11:10:00,-1.1056865712974473,-0.6677178473526757
16756,215,1,239.4,1,1,1,111,Lost,1,United Kingdom,2011-05-09 09:33:00,2011-05-09 09:33:00,-1.7049144423152554,0.32666893049243456
12561,303,1,238.85,1,1,1,111,Lost,1,Germany,2011-02-10 11:39:00,2011-02-10 11:39:00,-1.836548031296276,0.5424818723067526
12718,71,1,238.25,3,1,1,311,Need Attention,1,France,2011-09-29 16:38:00,2011-09-29 16:38:00,-1.2875203997962437,-0.37152725050429986
17877,170,1,237.61,2,1,1,211,Hibernating,1,United Kingdom,2011-06-22 13:00:00,2011-06-22 13:00:00,-1.6192177713625278,0.1758501081545664
14586,277,1,237.36,1,1,1,111,Lost,1,United Kingdom,2011-03-08 10:04:00,2011-03-08 10:04:00,-1.8053496373707267,0.48353425494623375
15457,262,1,237.07,1,1,1,111,Lost,1,United Kingdom,2011-03-22 15:31:00,2011-03-22 15:31:00,-1.7847385542057685,0.4479283034057873
12732,180,1,236.26,1,1,1,111,Lost,1,France,2011-06-13 11:33:00,2011-06-13 11:33:00,-1.6436183250038645,0.2098124529024347
16026,43,1,236.09,3,1,1,311,Need Attention,1,United Kingdom,2011-10-27 13:53:00,2011-10-27 13:53:00,-1.1036955845025396,-0.6870288161332025
14647,201,1,236.04,1,1,1,111,Lost,1,United Kingdom,2011-05-22 13:40:00,2011-05-22 13:40:00,-1.6859903662706233,0.27906215167062026
13187,337,1,236.02,1,1,1,111,Lost,1,United Kingdom,2011-01-06 18:57:00,2011-01-06 18:57:00,-1.8826746178910512,0.605367795999525
14375,185,1,235.56,1,1,1,111,Lost,1,United Kingdom,2011-06-07 13:44:00,2011-06-07 13:44:00,-1.655428626493774,0.226010860888379
15850,19,2,234.88,4,1,1,411,Recent Customers,0,United Kingdom,2011-06-24 14:16:00,2011-11-20 14:14:00,-0.4380429768030371,-1.0336253134828024
15462,94,3,234.6,2,2,1,221,Hibernating,1,United Kingdom,2011-06-05 15:36:00,2011-09-06 13:11:00,-0.7735020141699491,0.06374997372626451
14473,74,2,234.34,2,1,1,211,Hibernating,1,United Kingdom,2011-03-02 13:56:00,2011-09-26 15:10:00,-0.9440377964294805,-0.1965515777629517
17060,266,1,234.24,1,1,1,111,Lost,1,United Kingdom,2011-03-18 13:27:00,2011-03-18 13:27:00,-1.7961748503233281,0.4531419994090682
16961,116,1,234.17,2,1,1,211,Hibernating,1,United Kingdom,2011-08-15 13:46:00,2011-08-15 13:46:00,-1.4811390684651402,-0.07001087136864616
12736,333,1,234.0,1,1,1,111,Lost,1,France,2011-01-11 07:57:00,2011-01-11 07:57:00,-1.8821852718456626,0.5947036221925315
13348,64,1,233.76,3,1,1,311,Need Attention,1,United Kingdom,2011-10-06 17:28:00,2011-10-06 17:28:00,-1.2574331099537959,-0.4432654487970654
16583,374,1,233.45,1,1,1,111,Lost,1,United Kingdom,2010-12-01 12:03:00,2010-12-01 12:03:00,-1.9275259496255195,0.6672505180069772
16302,127,1,233.22,2,1,1,211,Hibernating,1,United Kingdom,2011-08-05 09:44:00,2011-08-05 09:44:00,-1.5173832994111192,-0.01452195005905531
13678,152,1,232.6,2,1,1,211,Hibernating,1,United Kingdom,2011-07-11 10:14:00,2011-07-11 10:14:00,-1.5867914619697336,0.09761170939144456
18213,237,1,232.48,1,1,1,111,Lost,1,United Kingdom,2011-04-17 10:21:00,2011-04-17 10:21:00,-1.755814326560416,0.37751820896751154
16117,190,1,232.21,1,1,1,111,Lost,1,United Kingdom,2011-06-03 11:42:00,2011-06-03 11:42:00,-1.6723244564553643,0.23763264395730285
17908,374,1,232.03,1,1,1,111,Lost,1,United Kingdom,2010-12-01 11:45:00,2010-12-01 11:45:00,-1.9304065133472479,0.6650379241059087
14995,39,2,231.98,3,1,1,311,Need Attention,0,United Kingdom,2011-03-04 13:14:00,2011-11-01 11:39:00,-0.7086893985724014,-0.5987198603259183
15393,16,2,231.86,4,1,1,411,Recent Customers,0,United Kingdom,2011-03-03 16:58:00,2011-11-23 16:48:00,-0.3820709376257291,-1.1413449545179875
17111,47,1,231.61,3,1,1,311,Need Attention,1,United Kingdom,2011-10-23 15:59:00,2011-10-23 15:59:00,-1.1459790253005602,-0.6388169555658965
16641,106,1,231.1,2,1,1,211,Hibernating,1,United Kingdom,2011-08-26 12:49:00,2011-08-26 12:49:00,-1.453239985533011,-0.1314357066921174
18030,4,2,230.65,5,1,1,511,Recent Customers,0,United Kingdom,2011-10-28 13:55:00,2011-12-05 16:37:00,0.08293857620948679,-1.9190375540778148
16445,34,1,230.51,3,1,1,311,Need Attention,0,United Kingdom,2011-11-06 12:32:00,2011-11-06 12:32:00,-1.0275714037377393,-0.8407738635502761
17125,50,1,230.5,3,1,1,311,Need Attention,1,United Kingdom,2011-10-20 14:41:00,2011-10-20 14:41:00,-1.1714055654914695,-0.6021269515194458
13786,367,1,230.4,1,1,1,111,Lost,1,United Kingdom,2010-12-07 13:53:00,2010-12-07 13:53:00,-1.9265367722759759,0.6505361239456886
16926,371,1,230.25,1,1,1,111,Lost,1,United Kingdom,2010-12-03 13:42:00,2010-12-03 13:42:00,-1.9309739812926079,0.6571533876218734
13960,21,2,230.22,4,1,1,411,Recent Customers,0,United Kingdom,2011-09-29 12:39:00,2011-11-18 15:27:00,-0.48391236789570535,-0.9804719432834458
12812,45,1,229.64,3,1,1,311,Need Attention,1,Japan,2011-10-26 09:54:00,2011-10-26 09:54:00,-1.1337541150630088,-0.6688946450402661
13008,323,1,229.47,1,1,1,111,Lost,1,United Kingdom,2011-01-20 14:24:00,2011-01-20 14:24:00,-1.8798028450919853,0.5683444021882335
15528,254,1,229.33,1,1,1,111,Lost,1,United Kingdom,2011-03-30 16:14:00,2011-03-30 16:14:00,-1.7886100899626112,0.41630814924463466
14793,21,1,228.99,4,1,1,411,Recent Customers,0,United Kingdom,2011-11-18 14:50:00,2011-11-18 14:50:00,-0.8533309649265827,-1.1375129532460462
17347,86,1,228.96,2,1,1,211,Hibernating,1,United Kingdom,2011-09-14 13:12:00,2011-09-14 13:12:00,-1.3785887563023045,-0.26598377462495343
13146,26,1,228.91,4,1,1,411,Recent Customers,0,United Kingdom,2011-11-13 15:29:00,2011-11-13 15:29:00,-0.9317269810790695,-1.0078131323709743
13712,247,1,228.84,1,1,1,111,Lost,1,United Kingdom,2011-04-07 12:33:00,2011-04-07 12:33:00,-1.7789870370338325,0.3978870440213232
13070,192,1,228.8,1,1,1,111,Lost,1,United Kingdom,2011-05-31 13:45:00,2011-05-31 13:45:00,-1.683287935355429,0.23887148416448167
17969,166,2,228.2,2,1,1,211,Hibernating,1,United Kingdom,2010-12-13 15:34:00,2011-06-26 13:00:00,-1.262364289538397,0.3012895033082092
16527,81,1,228.06,2,1,1,211,Hibernating,1,United Kingdom,2011-09-19 16:21:00,2011-09-19 16:21:00,-1.3578380805716883,-0.3049339162293675
14569,1,1,227.39,5,1,1,511,Recent Customers,0,United Kingdom,2011-12-08 14:58:00,2011-12-08 14:58:00,0.05935009591639461,-2.6601673859827755
17212,253,1,226.85,1,1,1,111,Lost,1,United Kingdom,2011-03-31 19:42:00,2011-03-31 19:42:00,-1.7922421061389462,0.4098745285746819
13474,236,1,226.84,1,1,1,111,Lost,1,United Kingdom,2011-04-17 13:53:00,2011-04-17 13:53:00,-1.7658003388489691,0.3659431892126022
17572,71,4,226.75,3,3,1,331,Loyal Customers,1,United Kingdom,2010-12-01 12:51:00,2011-09-29 17:53:00,-0.48176183674353434,-0.03896882779291757
18005,4,2,226.47,5,1,1,511,Recent Customers,0,United Kingdom,2011-10-23 14:40:00,2011-12-06 11:51:00,0.0743045589585941,-1.9256694413597886
17860,369,1,226.45,1,1,1,111,Lost,1,United Kingdom,2010-12-06 12:41:00,2010-12-06 12:41:00,-1.9367709440119851,0.6477014551152729
16315,331,1,226.37,1,1,1,111,Lost,1,United Kingdom,2011-01-13 11:57:00,2011-01-13 11:57:00,-1.895541372425829,0.5788749448158526
16619,264,1,226.21,1,1,1,111,Lost,1,United Kingdom,2011-03-21 08:18:00,2011-03-21 08:18:00,-1.8097708381632527,0.4357261546443712
12672,330,1,225.9,1,1,1,111,Lost,1,France,2011-01-14 09:20:00,2011-01-14 09:20:00,-1.8953701883400316,0.5762089864422261
17789,281,1,225.9,1,1,1,111,Lost,1,United Kingdom,2011-03-03 13:14:00,2011-03-03 13:14:00,-1.834169790016766,0.4746452906289471
14624,57,2,225.85,3,1,1,311,Need Attention,1,United Kingdom,2011-10-11 14:39:00,2011-10-13 13:44:00,-0.8632686324578476,-0.3728833869199363
12402,323,1,225.6,1,1,1,111,Lost,1,Belgium,2011-01-20 13:49:00,2011-01-20 13:49:00,-1.887832362952293,0.5621768377937275
16690,72,2,225.58,3,1,1,311,Need Attention,1,United Kingdom,2011-05-22 10:53:00,2011-09-28 15:02:00,-0.9516991321628306,-0.227501455506545
14052,20,1,225.36,4,1,1,411,Recent Customers,0,United Kingdom,2011-11-20 12:30:00,2011-11-20 12:30:00,-0.843103836783883,-1.1727978515991264
15483,161,4,225.26,2,3,1,231,At Risk,1,United Kingdom,2011-03-18 12:26:00,2011-07-01 13:07:00,-0.7946478009806378,0.4727183922400036
16587,232,1,225.15,1,1,1,111,Lost,1,United Kingdom,2011-04-21 15:51:00,2011-04-21 15:51:00,-1.7628282390589611,0.35244098135255564
14357,43,1,225.12,3,1,1,311,Need Attention,1,United Kingdom,2011-10-27 16:23:00,2011-10-27 16:23:00,-1.1261582223958269,-0.7042826249032358
17171,289,1,224.91,1,1,1,111,Lost,1,United Kingdom,2011-02-23 16:37:00,2011-02-23 16:37:00,-1.8469290865486527,0.490786362564426
15175,72,1,224.14,3,1,1,311,Need Attention,1,United Kingdom,2011-09-29 11:31:00,2011-09-29 11:31:00,-1.3216117253123236,-0.38492190953106836
16471,275,1,223.95,1,1,1,111,Lost,1,United Kingdom,2011-03-10 09:41:00,2011-03-10 09:41:00,-1.830047011339516,0.45786820183078303
16753,58,1,223.92,3,1,1,311,Need Attention,1,United Kingdom,2011-10-12 13:14:00,2011-10-12 13:14:00,-1.2407395046092404,-0.5202568687071356
14929,32,1,223.88,4,1,1,411,Recent Customers,0,United Kingdom,2011-11-07 17:21:00,2011-11-07 17:21:00,-1.0188715817471028,-0.888657340371911
13926,23,1,223.85,4,1,1,411,Recent Customers,0,United Kingdom,2011-11-16 13:16:00,2011-11-16 13:16:00,-0.8972861511689111,-1.0905851794518653
15637,53,1,223.36,3,1,1,311,Need Attention,1,United Kingdom,2011-10-18 08:28:00,2011-10-18 08:28:00,-1.2080942960155643,-0.5773019626089604
17534,54,1,223.36,3,1,1,311,Need Attention,1,United Kingdom,2011-10-17 12:47:00,2011-10-17 12:47:00,-1.2151036303400993,-0.5656697850628213
13382,281,1,222.99,1,1,1,111,Lost,1,United Kingdom,2011-03-04 10:03:00,2011-03-04 10:03:00,-1.8402901822811168,0.4699441474137837
16777,80,2,222.62,2,1,1,211,Hibernating,1,United Kingdom,2011-03-27 14:34:00,2011-09-20 13:41:00,-0.9976580935688292,-0.1663678943539524
18101,11,2,222.4,5,1,1,511,Recent Customers,0,United Kingdom,2011-07-19 13:05:00,2011-11-28 13:37:00,-0.26868337988193863,-1.3772539059012263
14598,44,1,221.97,3,1,1,311,Need Attention,1,United Kingdom,2011-10-26 13:19:00,2011-10-26 13:19:00,-1.1413945464310191,-0.6951455509664114
14960,8,2,221.27,5,1,1,511,Recent Customers,0,United Kingdom,2011-06-21 13:38:00,2011-12-01 12:54:00,-0.16119385865731092,-1.5614727864819236
13419,64,1,221.06,3,1,1,311,Need Attention,1,United Kingdom,2011-10-07 12:49:00,2011-10-07 12:49:00,-1.2838037929582147,-0.46352107166090456
16482,16,1,220.62,4,1,1,411,Recent Customers,0,United Kingdom,2011-11-24 12:33:00,2011-11-24 12:33:00,-0.7724184777478132,-1.3144617247528267
13079,4,5,220.1,5,3,1,531,Loyal Customers,0,United Kingdom,2011-07-22 14:41:00,2011-12-05 16:53:00,0.6880388036871684,-1.670871545887331
18114,290,1,220.1,1,1,1,111,Lost,1,United Kingdom,2011-02-22 13:20:00,2011-02-22 13:20:00,-1.8584486423799997,0.485130328070686
13600,312,1,219.52,1,1,1,111,Lost,1,United Kingdom,2011-01-31 15:27:00,2011-01-31 15:27:00,-1.887534089180446,0.5303748738251957
15096,43,1,219.39,3,1,1,311,Need Attention,1,United Kingdom,2011-10-28 10:27:00,2011-10-28 10:27:00,-1.138328433629955,-0.7136307031797997
12702,20,1,219.0,4,1,1,411,Recent Customers,0,Germany,2011-11-20 10:36:00,2011-11-20 10:36:00,-0.8566168462777594,-1.1831773485585935
15790,10,1,218.75,5,1,1,511,Recent Customers,0,United Kingdom,2011-11-29 14:53:00,2011-11-29 14:53:00,-0.6101456802246458,-1.593511619489478
13669,51,2,218.55,3,1,1,311,Need Attention,1,United Kingdom,2011-07-13 11:44:00,2011-10-20 09:32:00,-0.8370638795077936,-0.4540214990278386
12574,316,1,218.45,1,1,1,111,Lost,1,France,2011-01-28 09:20:00,2011-01-28 09:20:00,-1.894691204664639,0.5366534799918423
15724,201,2,218.25,1,1,1,111,Lost,1,United Kingdom,2011-02-28 10:40:00,2011-05-22 14:40:00,-1.3560926732561063,0.40574670378723904
14570,281,2,218.06,1,1,1,111,Lost,1,United Kingdom,2011-03-04 10:39:00,2011-03-04 10:58:00,-1.4839533245233123,0.6169369240001749
16634,223,2,217.9,1,1,1,111,Lost,1,United Kingdom,2010-12-02 17:41:00,2011-05-01 12:09:00,-1.3963405217830884,0.470700090365104
16392,270,1,217.89,1,1,1,111,Lost,1,United Kingdom,2011-03-15 12:11:00,2011-03-15 12:11:00,-1.8360119425312789,0.43633256238856916
15554,278,1,217.2,1,1,1,111,Lost,1,United Kingdom,2011-03-07 09:00:00,2011-03-07 09:00:00,-1.8486224217821832,0.45362575148246753
16080,82,2,217.16,2,1,1,211,Hibernating,1,United Kingdom,2011-03-10 14:44:00,2011-09-19 10:42:00,-1.0186964418173097,-0.15990820471390235
13739,18,1,216.9,4,1,1,411,Recent Customers,0,United Kingdom,2011-11-21 13:35:00,2011-11-21 13:35:00,-0.8229329352929736,-1.2501170392173147
13503,71,1,216.85,3,1,1,311,Need Attention,1,United Kingdom,2011-09-29 13:23:00,2011-09-29 13:23:00,-1.3319498556734148,-0.4056540231079053
12897,205,2,216.5,1,1,1,111,Lost,1,United Kingdom,2011-02-11 11:40:00,2011-05-19 12:13:00,-1.367382848841742,0.41525856413267626
15604,52,1,216.39,3,1,1,311,Need Attention,1,United Kingdom,2011-10-18 14:47:00,2011-10-18 14:47:00,-1.2159177802330552,-0.6006454743276309
17436,2,2,216.3,5,1,1,511,Recent Customers,0,United Kingdom,2011-04-27 11:33:00,2011-12-08 12:30:00,0.2477513010245517,-2.2661586509025335
14104,155,2,216.21,2,1,1,211,Hibernating,1,United Kingdom,2011-06-27 12:49:00,2011-07-08 12:50:00,-1.2618123316508925,0.23852567592279741
13858,57,1,216.17,3,1,1,311,Need Attention,1,United Kingdom,2011-10-13 16:17:00,2011-10-13 16:17:00,-1.2508354105092458,-0.5438642220419669
18212,326,1,216.07,1,1,1,111,Lost,1,United Kingdom,2011-01-17 16:14:00,2011-01-17 16:14:00,-1.9117258956931797,0.5523710343640479
16179,61,1,215.83,3,1,1,311,Need Attention,1,United Kingdom,2011-10-10 09:41:00,2011-10-10 09:41:00,-1.2770542990681275,-0.5021568090172025
17580,253,3,215.72,1,2,1,121,Lost,1,United Kingdom,2010-12-16 15:27:00,2011-04-01 12:41:00,-1.1887866275356345,0.6567771863658085
16189,16,2,215.48,4,1,1,411,Recent Customers,0,United Kingdom,2011-09-15 15:21:00,2011-11-24 11:47:00,-0.41665548855669077,-1.1679097431681493
16190,40,1,215.08,3,1,1,311,Need Attention,1,United Kingdom,2011-10-30 15:59:00,2011-10-30 15:59:00,-1.1207172337710534,-0.7655907465025046
16519,25,2,215.08,4,1,1,411,Recent Customers,0,United Kingdom,2010-12-09 14:08:00,2011-11-14 15:41:00,-0.5798369494186304,-0.8992346170431958
12831,262,1,215.05,1,1,1,111,Lost,1,United Kingdom,2011-03-22 13:02:00,2011-03-22 13:02:00,-1.8307576677679565,0.4125804965747064
12588,39,1,214.9,3,1,1,311,Need Attention,1,Finland,2011-10-31 15:01:00,2011-10-31 15:01:00,-1.1116798530264627,-0.7815477974867503
16338,157,1,214.8,2,1,1,211,Hibernating,1,United Kingdom,2011-07-05 13:56:00,2011-07-05 13:56:00,-1.6366561296145055,0.08913107989360036
17619,312,1,214.37,1,1,1,111,Lost,1,United Kingdom,2011-01-31 14:18:00,2011-01-31 14:18:00,-1.8987388186336676,0.5217683931338243
16846,50,1,214.32,3,1,1,311,Need Attention,1,United Kingdom,2011-10-20 13:55:00,2011-10-20 13:55:00,-1.2057603072804344,-0.628515221142392
15460,354,1,214.26,1,1,1,111,Lost,1,United Kingdom,2010-12-20 16:08:00,2010-12-20 16:08:00,-1.9470801802686,0.6014041119488501
16647,170,2,214.06,2,1,1,211,Hibernating,1,United Kingdom,2011-05-19 09:31:00,2011-06-23 11:47:00,-1.3015993270345736,0.29310282908180596
14601,11,1,213.96,5,1,1,511,Recent Customers,0,United Kingdom,2011-11-29 09:48:00,2011-11-29 09:48:00,-0.6538335640007182,-1.5463785276174091
13621,117,1,213.85,2,1,1,211,Hibernating,1,United Kingdom,2011-08-15 08:26:00,2011-08-15 08:26:00,-1.5272388836549888,-0.0975282531320912
17153,24,1,213.78,4,1,1,411,Recent Customers,0,United Kingdom,2011-11-15 13:42:00,2011-11-15 13:42:00,-0.9346055306453255,-1.0813942253547961
14241,184,1,213.7,1,1,1,111,Lost,1,United Kingdom,2011-06-09 11:46:00,2011-06-09 11:46:00,-1.699343536982697,0.18728009725578587
13411,107,1,213.55,2,1,1,211,Hibernating,1,United Kingdom,2011-08-24 13:57:00,2011-08-24 13:57:00,-1.4940741997140097,-0.1541743320853737
16591,69,1,213.5,3,1,1,311,Need Attention,1,United Kingdom,2011-10-02 10:43:00,2011-10-02 10:43:00,-1.3285366323603531,-0.4291566322873068
15540,11,1,213.3,5,1,1,511,Recent Customers,0,United Kingdom,2011-11-28 13:51:00,2011-11-28 13:51:00,-0.6552916216599941,-1.5474984783617671
17928,45,2,212.54,3,1,1,311,Need Attention,1,United Kingdom,2011-04-07 18:03:00,2011-10-25 13:52:00,-0.803390617586222,-0.5418523031950137
15866,101,1,211.89,2,1,1,211,Hibernating,1,United Kingdom,2011-08-30 14:09:00,2011-08-30 14:09:00,-1.4759226660790778,-0.1932379536879557
16017,47,1,211.88,3,1,1,311,Need Attention,1,United Kingdom,2011-10-23 12:56:00,2011-10-23 12:56:00,-1.1880056158464047,-0.6710980598591364
16356,198,3,211.77,1,2,1,121,Lost,1,United Kingdom,2011-03-07 12:31:00,2011-05-26 11:51:00,-1.1042896880932969,0.49537883507685965
16411,19,2,211.7,4,1,1,411,Recent Customers,0,United Kingdom,2010-12-05 13:26:00,2011-11-20 13:23:00,-0.48708985489132617,-1.0712987808343537
15703,265,1,211.5,1,1,1,111,Lost,1,United Kingdom,2011-03-20 10:51:00,2011-03-20 10:51:00,-1.8429461443390496,0.4137366818056016
13271,37,1,211.49,3,1,1,311,Need Attention,1,United Kingdom,2011-11-02 14:31:00,2011-11-02 14:31:00,-1.099634667479983,-0.8198627391656704
12995,85,1,211.32,2,1,1,211,Hibernating,1,United Kingdom,2011-09-15 15:44:00,2011-09-15 15:44:00,-1.4120152845296705,-0.30238003521213735
13532,34,1,210.31,3,1,1,311,Need Attention,0,United Kingdom,2011-11-06 12:25:00,2011-11-06 12:25:00,-1.070860298232773,-0.8740245579269444
13828,22,1,209.49,4,1,1,411,Recent Customers,0,United Kingdom,2011-11-17 16:02:00,2011-11-17 16:02:00,-0.9123205336553292,-1.1416010430667833
17855,373,1,208.97,1,1,1,111,Lost,1,United Kingdom,2010-12-02 09:44:00,2010-12-02 09:44:00,-1.9787947036613083,0.6253941581115371
15327,53,1,208.75,3,1,1,311,Need Attention,1,United Kingdom,2011-10-18 11:55:00,2011-10-18 11:55:00,-1.2400218257595126,-0.6018258629326289
17514,128,1,208.65,2,1,1,211,Hibernating,1,United Kingdom,2011-08-03 15:45:00,2011-08-03 15:45:00,-1.5729026306103173,-0.0499501919255996
15897,194,2,208.59,1,1,1,111,Lost,1,United Kingdom,2011-05-29 13:32:00,2011-05-29 13:50:00,-1.3639854748392863,0.3669781412138402
16457,218,1,208.36,1,1,1,111,Lost,1,United Kingdom,2011-05-05 13:19:00,2011-05-05 13:19:00,-1.7757349693267042,0.2850621522173523
12547,198,2,207.8,1,1,1,111,Lost,1,Spain,2011-03-04 12:46:00,2011-05-26 12:38:00,-1.373532640077715,0.3784750023848088
18191,262,1,207.8,1,1,1,111,Lost,1,United Kingdom,2011-03-23 12:08:00,2011-03-23 12:08:00,-1.8469420224767688,0.4001491088392667
16866,141,3,207.74,2,2,1,221,Hibernating,1,United Kingdom,2011-07-01 12:34:00,2011-07-22 10:06:00,-0.9844408054462231,0.2744751383654281
15052,319,1,207.73,1,1,1,111,Lost,1,United Kingdom,2011-01-24 15:52:00,2011-01-24 15:52:00,-1.9220363976438894,0.5243842678267711
16323,196,1,207.5,1,1,1,111,Lost,1,United Kingdom,2011-05-27 14:48:00,2011-05-27 14:48:00,-1.7372453315169778,0.21644948283676707
16752,373,1,207.5,1,1,1,111,Lost,1,United Kingdom,2010-12-02 12:18:00,2010-12-02 12:18:00,-1.9821259414486456,0.622835396312354
17923,282,1,207.5,1,1,1,111,Lost,1,United Kingdom,2011-03-02 15:15:00,2011-03-02 15:15:00,-1.8756214985703537,0.4460884283903914
13099,99,1,207.36,2,1,1,211,Hibernating,1,United Kingdom,2011-09-01 17:40:00,2011-09-01 17:40:00,-1.478556357118882,-0.21362494609700383
15925,194,1,207.15,1,1,1,111,Lost,1,United Kingdom,2011-05-29 15:35:00,2011-05-29 15:35:00,-1.7341439722807834,0.2093688052935162
15820,320,1,206.98,1,1,1,111,Lost,1,United Kingdom,2011-01-24 12:00:00,2011-01-24 12:00:00,-1.924935064404111,0.5250512279692372
17166,39,2,206.34,3,1,1,311,Need Attention,0,United Kingdom,2011-05-20 08:18:00,2011-11-01 09:46:00,-0.7639724540928603,-0.6411834068027182
14964,247,1,206.21,1,1,1,111,Lost,1,United Kingdom,2011-04-06 14:13:00,2011-04-06 14:13:00,-1.8281335655395698,0.36013703404576347
13065,373,1,205.86,1,1,1,111,Lost,1,United Kingdom,2010-12-01 16:52:00,2010-12-01 16:52:00,-1.9858702555733216,0.6199593458596421
17670,228,1,205.7,1,1,1,111,Lost,1,United Kingdom,2011-04-26 09:12:00,2011-04-26 09:12:00,-1.7988542130046496,0.30871055874656106
17843,303,1,205.48,1,1,1,111,Lost,1,United Kingdom,2011-02-09 15:33:00,2011-02-09 15:33:00,-1.9075813573706006,0.4879203630927312
15307,96,1,205.3,2,1,1,211,Hibernating,1,United Kingdom,2011-09-05 11:38:00,2011-09-05 11:38:00,-1.4716321784614803,-0.23655284035512603
15758,25,1,205.25,4,1,1,411,Recent Customers,0,United Kingdom,2011-11-15 10:48:00,2011-11-15 10:48:00,-0.9688030245980107,-1.0712902682742407
13513,127,1,205.1,2,1,1,211,Hibernating,1,United Kingdom,2011-08-05 11:50:00,2011-08-05 11:50:00,-1.5780274903663691,-0.061103445906787304
15319,284,1,204.5,1,1,1,111,Lost,1,United Kingdom,2011-03-01 12:48:00,2011-03-01 12:48:00,-1.8851835764448015,0.4452743684936729
17206,53,1,204.24,3,1,1,311,Need Attention,1,United Kingdom,2011-10-17 13:25:00,2011-10-17 13:25:00,-1.2503282223710321,-0.6097423239060936
13017,7,1,204.0,5,1,1,511,Recent Customers,0,United Kingdom,2011-12-02 15:53:00,2011-12-02 15:53:00,-0.5214415834828067,-1.8206959867123536
18273,2,3,204.0,5,2,1,521,Potential Loyalists,0,United Kingdom,2011-03-27 11:22:00,2011-12-07 13:16:00,0.48043504710718127,-2.1773363619014057
17187,227,1,203.95,1,1,1,111,Lost,1,United Kingdom,2011-04-27 12:39:00,2011-04-27 12:39:00,-1.8012139162297502,0.30283959998149035
17394,219,1,203.87,1,1,1,111,Lost,1,United Kingdom,2011-05-04 13:22:00,2011-05-04 13:22:00,-1.7877547976006711,0.28005443457523965
17891,162,1,203.86,2,1,1,211,Hibernating,1,United Kingdom,2011-06-30 20:08:00,2011-06-30 20:08:00,-1.673225395295427,0.08993364496677207
17376,71,2,203.2,3,1,1,311,Need Attention,1,United Kingdom,2011-02-01 14:12:00,2011-09-30 12:36:00,-0.9957414247252371,-0.27412212109309314
14381,52,1,202.68,3,1,1,311,Need Attention,1,United Kingdom,2011-10-18 17:10:00,2011-10-18 17:10:00,-1.246805620248352,-0.6243707770937221
18169,61,1,202.65,3,1,1,311,Need Attention,1,United Kingdom,2011-10-10 12:18:00,2011-10-10 12:18:00,-1.3067889745671317,-0.5249963529450389
14984,19,2,202.37,4,1,1,411,Recent Customers,0,United Kingdom,2011-06-12 11:04:00,2011-11-20 14:28:00,-0.5083584543501016,-1.0876354350426205
16895,65,1,202.27,3,1,1,311,Need Attention,1,United Kingdom,2011-10-06 12:15:00,2011-10-06 12:15:00,-1.3315572014386847,-0.48604267537808116
14385,9,3,202.11,5,2,1,521,Potential Loyalists,0,United Kingdom,2011-11-16 11:55:00,2011-11-30 15:36:00,0.016128081269482796,-1.4174681514341987
13428,10,1,201.78,5,1,1,511,Recent Customers,0,United Kingdom,2011-11-29 14:20:00,2011-11-29 14:20:00,-0.6482530357183649,-1.6227823145674054
15347,366,1,201.6,1,1,1,111,Lost,1,United Kingdom,2010-12-08 15:25:00,2010-12-08 15:25:00,-1.9885193389404676,0.6004031955650831
17889,212,2,201.37,1,1,1,111,Lost,1,United Kingdom,2011-01-21 17:14:00,2011-05-11 16:26:00,-1.4143348518360788,0.41018261657048805
13295,360,1,201.2,1,1,1,111,Lost,1,United Kingdom,2010-12-15 11:21:00,2010-12-15 11:21:00,-1.9831595926149828,0.5892336946886129
13284,331,1,201.19,1,1,1,111,Lost,1,United Kingdom,2011-01-13 09:23:00,2011-01-13 09:23:00,-1.9511933883182793,0.5361279956624699
16965,227,1,201.19,1,1,1,111,Lost,1,United Kingdom,2011-04-27 12:08:00,2011-04-27 12:08:00,-1.807642610975484,0.2979016461084523
13859,326,1,201.16,1,1,1,111,Lost,1,United Kingdom,2011-01-17 16:14:00,2011-01-17 16:14:00,-1.9454670039705364,0.5264541036512721
17988,12,7,201.12,5,4,1,541,Champions,0,United Kingdom,2011-01-17 11:59:00,2011-11-28 11:00:00,0.5407904883249045,-0.9877830853962444
18126,61,1,200.92,3,1,1,311,Need Attention,1,United Kingdom,2011-10-10 12:19:00,2011-10-10 12:19:00,-1.3108341164264323,-0.5281034726172519
17693,137,1,200.47,2,1,1,211,Hibernating,1,United Kingdom,2011-07-25 15:48:00,2011-07-25 15:48:00,-1.617535975954542,-0.021691705723373998
13262,263,1,200.29,1,1,1,111,Lost,1,United Kingdom,2011-03-21 15:06:00,2011-03-21 15:06:00,-1.8657601457613755,0.3892140635157014
16415,44,1,200.27,3,1,1,311,Need Attention,1,United Kingdom,2011-10-26 13:35:00,2011-10-26 13:35:00,-1.1899433070794034,-0.7324364086220773
15437,262,1,200.16,1,1,1,111,Lost,1,United Kingdom,2011-03-22 13:11:00,2011-03-22 13:11:00,-1.864616761114895,0.3865729401821705
13980,60,1,200.14,3,1,1,311,Need Attention,1,United Kingdom,2011-10-10 13:34:00,2011-10-10 13:34:00,-1.3064577998664992,-0.5398212153758818
14782,320,1,200.1,1,1,1,111,Lost,1,United Kingdom,2011-01-24 11:12:00,2011-01-24 11:12:00,-1.9408854793348482,0.5127995320497715
13723,217,1,199.85,1,1,1,111,Lost,1,United Kingdom,2011-05-06 17:04:00,2011-05-06 17:04:00,-1.7936626762459562,0.2670474902046673
15593,71,1,199.8,3,1,1,311,Need Attention,1,United Kingdom,2011-09-30 11:46:00,2011-09-30 11:46:00,-1.3705922841956484,-0.43533571389149506
13322,17,1,199.48,4,1,1,411,Recent Customers,0,United Kingdom,2011-11-22 14:21:00,2011-11-22 14:21:00,-0.8417868360627787,-1.3147383312675187
16832,184,3,199.15,1,2,1,121,Lost,1,United Kingdom,2011-05-06 14:12:00,2011-06-08 15:36:00,-1.10541540803826,0.42686468893729523
18110,20,1,198.8,4,1,1,411,Recent Customers,0,United Kingdom,2011-11-20 12:34:00,2011-11-20 12:34:00,-0.9022830906374589,-1.2182541125242063
17987,185,1,198.57,1,1,1,111,Lost,1,United Kingdom,2011-06-07 14:22:00,2011-06-07 14:22:00,-1.7360525315883808,0.16408271836993663
16178,138,1,197.9,2,1,1,211,Hibernating,1,United Kingdom,2011-07-24 16:05:00,2011-07-24 16:05:00,-1.6263814480771626,-0.021790295870806126
12450,156,2,197.88,2,1,1,211,Hibernating,1,Spain,2011-06-19 14:36:00,2011-07-06 14:41:00,-1.3060561981769043,0.21046705454126452
12581,40,1,197.71,3,1,1,311,Need Attention,1,Germany,2011-10-31 08:56:00,2011-10-31 08:56:00,-1.1604525288940435,-0.7961118806066068
14185,331,1,197.65,1,1,1,111,Lost,1,United Kingdom,2011-01-12 13:52:00,2011-01-12 13:52:00,-1.9595685720247813,0.5296949213827539
14789,29,1,197.64,4,1,1,411,Recent Customers,0,United Kingdom,2011-11-11 08:59:00,2011-11-11 08:59:00,-1.0412930843074677,-0.9942657261140425
16829,157,1,197.22,2,1,1,211,Hibernating,1,United Kingdom,2011-07-06 10:48:00,2011-07-06 10:48:00,-1.676947274349284,0.05818299135287957
15234,277,1,197.0,1,1,1,111,Lost,1,United Kingdom,2011-03-08 08:53:00,2011-03-08 08:53:00,-1.8933126557361686,0.4159688556853655
12586,17,1,196.94,4,1,1,411,Recent Customers,0,Italy,2011-11-22 16:24:00,2011-11-22 16:24:00,-0.8478325739069775,-1.3193821315697412
13436,2,1,196.89,5,1,1,511,Recent Customers,0,United Kingdom,2011-12-08 10:33:00,2011-12-08 10:33:00,-0.16350382282279255,-2.4553347750366266
15746,134,1,196.88,2,1,1,211,Hibernating,1,United Kingdom,2011-07-28 15:21:00,2011-07-28 15:21:00,-1.6176652524541397,-0.04217320779065993
13978,15,2,196.79,4,1,1,411,Recent Customers,0,United Kingdom,2011-10-25 15:04:00,2011-11-25 11:36:00,-0.43630960131063845,-1.2392267117249103
16112,143,4,195.74,2,3,1,231,At Risk,1,United Kingdom,2011-01-05 11:47:00,2011-07-19 14:28:00,-0.8159426794596907,0.34713511084289866
13792,66,2,195.55,3,1,1,311,Need Attention,1,United Kingdom,2011-02-25 14:03:00,2011-10-04 14:31:00,-0.9863523988543613,-0.3336551380628236
17010,18,1,195.36,4,1,1,411,Recent Customers,0,United Kingdom,2011-11-21 14:49:00,2011-11-21 14:49:00,-0.8722861433982305,-1.2880258021542907
14666,24,1,195.25,4,1,1,411,Recent Customers,0,United Kingdom,2011-11-15 12:57:00,2011-11-15 12:57:00,-0.9773861646195092,-1.1142545190192343
15612,36,2,195.15,3,1,1,311,Need Attention,0,United Kingdom,2011-10-09 12:49:00,2011-11-03 14:52:00,-0.7604975866058025,-0.7108121844742136
17475,79,1,194.37,2,1,1,211,Hibernating,1,United Kingdom,2011-09-21 14:55:00,2011-09-21 14:55:00,-1.4238383819062523,-0.3785282680191079
15683,117,1,193.75,2,1,1,211,Hibernating,1,United Kingdom,2011-08-14 12:56:00,2011-08-14 12:56:00,-1.573812066846548,-0.1333016471749623
15198,92,2,193.64,2,1,1,211,Hibernating,1,United Kingdom,2011-08-07 15:16:00,2011-09-08 14:42:00,-1.1162423715029193,-0.12933971318658194
17343,355,1,193.64,1,1,1,111,Lost,1,United Kingdom,2010-12-19 15:07:00,2010-12-19 15:07:00,-1.9958997654800936,0.5665138202502066
16847,43,1,193.44,3,1,1,311,Need Attention,1,United Kingdom,2011-10-27 13:29:00,2011-10-27 13:29:00,-1.1977283054085988,-0.7592564232533754
14806,75,1,193.39,2,1,1,211,Hibernating,1,United Kingdom,2011-09-25 15:32:00,2011-09-25 15:32:00,-1.406628853871211,-0.4128764192371783
17383,4,1,193.39,5,1,1,511,Recent Customers,0,United Kingdom,2011-12-05 17:36:00,2011-12-05 17:36:00,-0.3670994353756362,-2.1380032573235077
14476,257,1,193.0,1,1,1,111,Lost,1,United Kingdom,2011-03-27 15:39:00,2011-03-27 15:39:00,-1.8744690807925393,0.3612052341893197
12522,39,2,192.72,3,1,1,311,Need Attention,0,Germany,2011-10-19 14:41:00,2011-10-31 15:30:00,-0.7961894942438837,-0.6659296833773123
12791,374,1,192.6,1,1,1,111,Lost,1,Netherlands,2010-12-01 11:27:00,2010-12-01 11:27:00,-2.01830216398275,0.5975242707679892
14768,17,2,192.6,4,1,1,411,Recent Customers,0,United Kingdom,2011-08-04 13:25:00,2011-11-22 12:54:00,-0.4914549560874157,-1.1723580467142876
16887,35,1,192.33,3,1,1,311,Need Attention,1,United Kingdom,2011-11-04 14:07:00,2011-11-04 14:07:00,-1.12378706898964,-0.8885538701621098
17608,33,2,191.99,4,1,1,411,Recent Customers,0,United Kingdom,2011-11-06 13:00:00,2011-11-06 13:06:00,-0.7358977352528442,-0.7703312982768171
14100,138,1,191.95,2,1,1,211,Hibernating,1,United Kingdom,2011-07-25 11:01:00,2011-07-25 11:01:00,-1.6407820729622267,-0.032851580352008206
15909,174,1,191.94,2,1,1,211,Hibernating,1,United Kingdom,2011-06-19 10:38:00,2011-06-19 10:38:00,-1.7287853872168613,0.11313261205928517
14087,3,1,191.47,5,1,1,511,Recent Customers,0,United Kingdom,2011-12-07 12:41:00,2011-12-07 12:41:00,-0.2865655850310394,-2.2830771106465058
15692,28,1,191.04,4,1,1,411,Recent Customers,0,United Kingdom,2011-11-11 14:12:00,2011-11-11 14:12:00,-1.0443646925510182,-1.0280637664137808
17233,35,1,190.88,3,1,1,311,Need Attention,1,United Kingdom,2011-11-04 14:06:00,2011-11-04 14:06:00,-1.1273567001388372,-0.891295744625848
15723,365,1,190.7,1,1,1,111,Lost,1,United Kingdom,2010-12-10 11:12:00,2010-12-10 11:12:00,-2.0136987748919464,0.5785322871416295
13033,357,1,190.55,1,1,1,111,Lost,1,United Kingdom,2010-12-17 14:23:00,2010-12-17 14:23:00,-2.0056276454453763,0.5642369925598105
15412,171,1,190.53,2,1,1,211,Hibernating,1,United Kingdom,2011-06-21 15:24:00,2011-06-21 15:24:00,-1.7256579086215866,0.09949954376936077
13972,71,2,190.25,3,1,1,311,Need Attention,1,United Kingdom,2011-05-22 11:34:00,2011-09-30 11:54:00,-1.0268073539477354,-0.29798421621365573
12361,287,1,189.9,1,1,1,111,Lost,1,Belgium,2011-02-25 13:51:00,2011-02-25 13:51:00,-1.9241271039087826,0.4250719906752686
13826,176,1,189.5,2,1,1,211,Hibernating,1,United Kingdom,2011-06-16 13:48:00,2011-06-16 13:48:00,-1.739160929026008,0.1157012546294993
13663,179,1,189.47,2,1,1,211,Hibernating,1,United Kingdom,2011-06-13 15:44:00,2011-06-13 15:44:00,-1.7456558907027564,0.12629853060734222
14801,61,1,189.34,3,1,1,311,Need Attention,1,United Kingdom,2011-10-09 15:24:00,2011-10-09 15:24:00,-1.338837569576233,-0.5496132448818724
14830,53,1,188.88,3,1,1,311,Need Attention,1,United Kingdom,2011-10-17 14:29:00,2011-10-17 14:29:00,-1.2872117080909091,-0.6380729506297336
14697,218,2,188.61,1,1,1,111,Lost,1,United Kingdom,2011-05-05 15:29:00,2011-05-05 15:39:00,-1.4558275704297188,0.4040730452971672
17781,159,2,188.02,2,1,1,211,Hibernating,1,United Kingdom,2011-03-31 19:54:00,2011-07-03 16:00:00,-1.3373969004732973,0.20394684830974205
17279,58,1,187.83,3,1,1,311,Need Attention,1,United Kingdom,2011-10-13 11:58:00,2011-10-13 11:58:00,-1.3236681947482436,-0.5839553429471224
18013,155,2,187.29,2,1,1,211,Hibernating,1,United Kingdom,2011-07-07 14:08:00,2011-07-07 14:11:00,-1.329560294298652,0.18648769188739972
13568,173,1,187.05,2,1,1,211,Hibernating,1,United Kingdom,2011-06-19 14:42:00,2011-06-19 14:42:00,-1.7387685059992244,0.10015010655781391
17440,157,3,186.42,2,2,1,221,Hibernating,1,United Kingdom,2011-04-06 12:05:00,2011-07-06 11:54:00,-1.0763102320295856,0.3029207760378726
13672,301,2,186.39,1,1,1,111,Lost,1,United Kingdom,2011-01-11 13:54:00,2011-02-11 13:53:00,-1.5841689323293215,0.6035023431874048
14551,18,2,186.23,4,1,1,411,Recent Customers,0,United Kingdom,2011-05-19 18:21:00,2011-11-21 13:36:00,-0.5279720491289298,-1.1502678475466652
15567,19,1,186.01,4,1,1,411,Recent Customers,0,United Kingdom,2011-11-21 10:48:00,2011-11-21 10:48:00,-0.9150129996064112,-1.2732778022057687
12641,115,1,185.9,2,1,1,211,Hibernating,1,Sweden,2011-08-16 13:26:00,2011-08-16 13:26:00,-1.5867901955125747,-0.15912286874173565
17574,243,1,185.65,1,1,1,111,Lost,1,United Kingdom,2011-04-11 09:47:00,2011-04-11 09:47:00,-1.871470181036058,0.3117704431211264
14199,218,1,185.4,1,1,1,111,Lost,1,United Kingdom,2011-05-05 13:44:00,2011-05-05 13:44:00,-1.8308130478228608,0.24275605093449446
16097,240,1,185.05,1,1,1,111,Lost,1,United Kingdom,2011-04-13 13:47:00,2011-04-13 13:47:00,-1.8682710349050697,0.30275519024011427
13482,232,1,184.64,1,1,1,111,Lost,1,United Kingdom,2011-04-21 17:03:00,2011-04-21 17:03:00,-1.8564214167393203,0.2805509924052092
17680,24,1,184.4,4,1,1,411,Recent Customers,0,United Kingdom,2011-11-16 12:42:00,2011-11-16 12:42:00,-1.0043531472984597,-1.1349681664749707
16433,28,1,184.26,4,1,1,411,Recent Customers,0,United Kingdom,2011-11-11 14:09:00,2011-11-11 14:09:00,-1.0614074743522455,-1.0411545218052325
15124,23,2,184.19,4,1,1,411,Recent Customers,0,United Kingdom,2011-06-01 09:06:00,2011-11-17 10:09:00,-0.622407058652828,-1.0061610428886005
14326,242,1,183.85,1,1,1,111,Lost,1,United Kingdom,2011-04-11 15:04:00,2011-04-11 15:04:00,-1.8744962124474263,0.30563767759269794
16914,36,1,183.76,3,1,1,311,Need Attention,1,United Kingdom,2011-11-03 15:27:00,2011-11-03 15:27:00,-1.1557520563915444,-0.887698023438512
16680,43,1,183.7,3,1,1,311,Need Attention,1,United Kingdom,2011-10-27 17:35:00,2011-10-27 17:35:00,-1.2220955128082422,-0.7779731536182818
14059,267,1,183.6,1,1,1,111,Lost,1,United Kingdom,2011-03-18 10:06:00,2011-03-18 10:06:00,-1.9125452768089455,0.3672232893791882
13460,29,2,183.44,4,1,1,411,Recent Customers,0,United Kingdom,2011-10-21 09:50:00,2011-11-10 17:17:00,-0.7095716286773199,-0.8661803210984222
13059,250,1,183.4,1,1,1,111,Lost,1,United Kingdom,2011-04-04 10:40:00,2011-04-04 10:40:00,-1.888025393702045,0.3252841071051906
14966,15,1,183.02,4,1,1,411,Recent Customers,0,United Kingdom,2011-11-25 12:20:00,2011-11-25 12:20:00,-0.8374148791649338,-1.420606623203958
16448,198,1,182.99,1,1,1,111,Lost,1,United Kingdom,2011-05-25 16:28:00,2011-05-25 16:28:00,-1.8004007018361485,0.177306402285244
14082,365,1,182.25,1,1,1,111,Lost,1,United Kingdom,2010-12-10 11:02:00,2010-12-10 11:02:00,-2.03507385413201,0.5621138445969724
15886,60,1,181.09,3,1,1,311,Need Attention,1,United Kingdom,2011-10-10 14:25:00,2011-10-10 14:25:00,-1.3536363313919486,-0.5760595843892714
16594,75,1,181.09,2,1,1,211,Hibernating,1,United Kingdom,2011-09-25 14:08:00,2011-09-25 14:08:00,-1.437622212165978,-0.4366827717991294
17904,21,1,181.07,4,1,1,411,Recent Customers,0,United Kingdom,2011-11-18 12:57:00,2011-11-18 12:57:00,-0.9641148513709794,-1.2226073219748375
15945,365,1,181.0,1,1,1,111,Lost,1,United Kingdom,2010-12-09 13:14:00,2010-12-09 13:14:00,-2.038319284727204,0.559620992282302
16835,128,2,180.85,2,1,1,211,Hibernating,1,United Kingdom,2010-12-01 17:15:00,2011-08-03 13:50:00,-1.2734651791546374,0.053337500684048675
18119,368,1,180.7,1,1,1,111,Lost,1,United Kingdom,2010-12-07 11:59:00,2010-12-07 11:59:00,-2.042219873048652,0.5641951757871293
18280,278,1,180.6,1,1,1,111,Lost,1,United Kingdom,2011-03-07 09:52:00,2011-03-07 09:52:00,-1.9356800410789359,0.38675579958917655
13710,32,1,180.48,4,1,1,411,Recent Customers,0,United Kingdom,2011-11-08 08:16:00,2011-11-08 08:16:00,-1.1205407145294586,-0.966750562689585
14722,147,1,180.42,2,1,1,211,Hibernating,1,United Kingdom,2011-07-15 14:58:00,2011-07-15 14:58:00,-1.6939637062679507,-0.015520417074389026
12622,232,1,180.1,1,1,1,111,Lost,1,Germany,2011-04-21 16:39:00,2011-04-21 16:39:00,-1.8681614844227086,0.2715333123037567
15041,170,1,179.93,2,1,1,211,Hibernating,1,United Kingdom,2011-06-22 16:16:00,2011-06-22 16:16:00,-1.7504261942293964,0.07506741967793182
18147,46,2,179.34,3,1,1,311,Need Attention,1,United Kingdom,2011-08-23 12:22:00,2011-10-25 11:46:00,-0.891728851249889,-0.5897620674156229
15895,150,1,179.17,2,1,1,211,Hibernating,1,United Kingdom,2011-07-13 10:27:00,2011-07-13 10:27:00,-1.7049077562532347,-0.005316953707885517
15454,362,1,179.1,1,1,1,111,Lost,1,United Kingdom,2010-12-12 14:21:00,2010-12-12 14:21:00,-2.0401512451368546,0.5505812651615996
14705,199,1,179.0,1,1,1,111,Lost,1,United Kingdom,2011-05-25 12:39:00,2011-05-25 12:39:00,-1.8127111335747856,0.1724990143310823
16990,219,1,179.0,1,1,1,111,Lost,1,United Kingdom,2011-05-05 08:30:00,2011-05-05 08:30:00,-1.8491194319075013,0.23291955795910194
15139,240,2,178.96,1,1,1,111,Lost,1,United Kingdom,2011-01-07 12:44:00,2011-04-14 11:39:00,-1.5171617932562298,0.44573257517501214
16620,4,2,178.96,5,1,1,511,Recent Customers,0,United Kingdom,2011-03-24 10:37:00,2011-12-06 12:19:00,-0.036782387040854944,-2.0109965935948466
15262,324,1,178.95,1,1,1,111,Lost,1,United Kingdom,2011-01-20 12:16:00,2011-01-20 12:16:00,-1.9983058777259204,0.48017866155093625
17660,141,1,178.75,2,1,1,211,Hibernating,1,United Kingdom,2011-07-21 13:37:00,2011-07-21 13:37:00,-1.682539526712417,-0.045124075281643375
13778,103,1,178.7,2,1,1,211,Hibernating,1,United Kingdom,2011-08-28 15:25:00,2011-08-28 15:25:00,-1.5637034475875324,-0.24265595612819327
17879,174,1,178.52,2,1,1,211,Hibernating,1,United Kingdom,2011-06-19 12:36:00,2011-06-19 12:36:00,-1.762968511992829,0.08687616342450635
15292,201,1,178.39,1,1,1,111,Lost,1,United Kingdom,2011-05-22 15:00:00,2011-05-22 15:00:00,-1.818121729495734,0.17757054216151824
18045,45,1,178.34,3,1,1,311,Need Attention,1,United Kingdom,2011-10-25 13:07:00,2011-10-25 13:07:00,-1.2530396138085802,-0.7605191992966113
17253,18,1,178.26,4,1,1,411,Recent Customers,0,United Kingdom,2011-11-21 12:59:00,2011-11-21 12:59:00,-0.9154876148465853,-1.3212093458901188
17356,312,1,178.22,1,1,1,111,Lost,1,United Kingdom,2011-02-01 11:07:00,2011-02-01 11:07:00,-1.985861762611386,0.45484826460684047
18282,8,2,178.05,5,1,1,511,Recent Customers,0,United Kingdom,2011-08-05 13:35:00,2011-12-02 11:43:00,-0.2637194542868808,-1.6402238676964322
16403,312,1,177.5,1,1,1,111,Lost,1,United Kingdom,2011-01-31 13:39:00,2011-01-31 13:39:00,-1.987770475925437,0.45338216010593957
13618,174,1,177.34,2,1,1,211,Hibernating,1,United Kingdom,2011-06-19 11:09:00,2011-06-19 11:09:00,-1.766095464360661,0.08447431558972024
12618,22,1,177.31,4,1,1,411,Recent Customers,0,Italy,2011-11-18 11:10:00,2011-11-18 11:10:00,-0.9909898339021941,-1.2020278312730504
13072,267,1,177.15,1,1,1,111,Lost,1,United Kingdom,2011-03-18 08:12:00,2011-03-18 08:12:00,-1.92940882315276,0.3542702067900896
17947,37,1,176.68,3,1,1,311,Need Attention,1,United Kingdom,2011-11-02 13:05:00,2011-11-02 13:05:00,-1.1844661935760132,-0.8850228034414872
14287,8,3,176.63,5,2,1,521,Potential Loyalists,0,United Kingdom,2011-05-25 11:41:00,2011-12-01 13:25:00,-0.007182579351433358,-1.5330797179348423
12893,31,1,176.55,4,1,1,411,Recent Customers,0,United Kingdom,2011-11-09 12:34:00,2011-11-09 12:34:00,-1.1191667826776868,-0.9942314174387562
12509,284,1,176.5,1,1,1,111,Lost,1,France,2011-02-28 14:45:00,2011-02-28 14:45:00,-1.9546357134467784,0.39192738866899396
18274,30,1,175.92,4,1,1,411,Recent Customers,0,United Kingdom,2011-11-09 17:03:00,2011-11-09 17:03:00,-1.1087242797083947,-1.0156526596866209
17582,236,1,175.27,1,1,1,111,Lost,1,United Kingdom,2011-04-17 13:18:00,2011-04-17 13:18:00,-1.887481323627862,0.2724786347689873
16144,247,1,175.2,1,1,1,111,Lost,1,United Kingdom,2011-04-07 10:09:00,2011-04-07 10:09:00,-1.9050003732717387,0.30109476093098847
17331,124,1,175.2,2,1,1,211,Hibernating,1,United Kingdom,2011-08-08 11:55:00,2011-08-08 11:55:00,-1.6432878081910294,-0.1332242317325833
18010,257,1,174.8,1,1,1,111,Lost,1,United Kingdom,2011-03-28 12:27:00,2011-03-28 12:27:00,-1.9211787014600445,0.32532704096256726
14355,366,1,174.4,1,1,1,111,Lost,1,United Kingdom,2010-12-09 12:16:00,2010-12-09 12:16:00,-2.0568757436291496,0.547897860247454
14518,64,1,174.37,3,1,1,311,Need Attention,1,United Kingdom,2011-10-06 14:43:00,2011-10-06 14:43:00,-1.395728017235977,-0.5494913469062677
18278,74,1,173.9,2,1,1,211,Hibernating,1,United Kingdom,2011-09-27 11:58:00,2011-09-27 11:58:00,-1.4516647192131038,-0.4597519815729226
16861,60,2,173.76,3,1,1,311,Need Attention,1,United Kingdom,2011-07-04 15:38:00,2011-10-11 09:05:00,-1.0062286398498457,-0.43592540237638755
14798,53,3,173.74,3,2,1,321,Need Attention,1,United Kingdom,2011-02-02 15:26:00,2011-10-18 10:58:00,-0.6994089669158755,-0.4031933392678852
16565,364,1,173.7,1,1,1,111,Lost,1,United Kingdom,2010-12-10 15:21:00,2010-12-10 15:21:00,-2.0566844006790537,0.5429773180514543
12441,367,1,173.55,1,1,1,111,Lost,1,France,2010-12-08 10:45:00,2010-12-08 10:45:00,-2.060218569486537,0.5478536083808238
17772,11,2,173.45,5,1,1,511,Recent Customers,0,United Kingdom,2011-11-29 10:57:00,2011-11-29 11:05:00,-0.3859542443823823,-1.4673309965795125
15565,50,2,173.16,3,1,1,311,Need Attention,1,United Kingdom,2011-09-30 10:44:00,2011-10-20 14:33:00,-0.9394632827379042,-0.5506830690277285
15670,297,1,173.05,1,1,1,111,Lost,1,United Kingdom,2011-02-16 10:50:00,2011-02-16 10:50:00,-1.9809811921212448,0.4130550591459189
14693,265,1,172.9,1,1,1,111,Lost,1,United Kingdom,2011-03-20 12:50:00,2011-03-20 12:50:00,-1.93799611066091,0.3407277168609466
12923,64,1,172.82,3,1,1,311,Need Attention,1,United Kingdom,2011-10-06 16:20:00,2011-10-06 16:20:00,-1.3999374501701165,-0.55272466042986
18048,203,2,172.29,1,1,1,111,Lost,1,United Kingdom,2011-05-20 14:54:00,2011-05-20 14:58:00,-1.4713994955993006,0.3263147721957084
13690,59,1,172.25,3,1,1,311,Need Attention,1,United Kingdom,2011-10-11 15:03:00,2011-10-11 15:03:00,-1.37091872740768,-0.6046628866164397
13922,352,1,172.25,1,1,1,111,Lost,1,United Kingdom,2010-12-23 10:38:00,2010-12-23 10:38:00,-2.0478663631200593,0.5187497975927327
12442,3,1,172.06,5,1,1,511,Recent Customers,0,Spain,2011-12-06 14:22:00,2011-12-06 14:22:00,-0.33696924185992727,-2.3217927352480094
16773,57,1,171.59,3,1,1,311,Need Attention,1,United Kingdom,2011-10-13 14:37:00,2011-10-13 14:37:00,-1.3597781586136837,-0.6275443913794072
17245,205,1,171.45,1,1,1,111,Lost,1,United Kingdom,2011-05-19 10:43:00,2011-05-19 10:43:00,-1.8443198710698145,0.17563142352858457
13560,7,1,171.42,5,1,1,511,Recent Customers,0,United Kingdom,2011-12-02 13:11:00,2011-12-02 13:11:00,-0.6035068241758104,-1.8837312355691664
15432,23,1,171.19,4,1,1,411,Recent Customers,0,United Kingdom,2011-11-16 16:30:00,2011-11-16 16:30:00,-1.023807447293335,-1.187767632333765
14536,260,1,170.95,1,1,1,111,Lost,1,United Kingdom,2011-03-25 12:21:00,2011-03-25 12:21:00,-1.9360942568340653,0.32459119489488014
17542,270,1,170.75,1,1,1,111,Lost,1,United Kingdom,2011-03-15 11:45:00,2011-03-15 11:45:00,-1.9510086006996394,0.3480023155735804
14860,19,1,170.32,4,1,1,411,Recent Customers,0,United Kingdom,2011-11-20 14:17:00,2011-11-20 14:17:00,-0.956562747962183,-1.3051926385655592
15335,54,1,170.22,3,1,1,311,Need Attention,1,United Kingdom,2011-10-17 12:50:00,2011-10-17 12:50:00,-1.3432691226979672,-0.6641151638542702
18058,10,1,170.16,5,1,1,511,Recent Customers,0,United Kingdom,2011-11-30 08:38:00,2011-11-30 08:38:00,-0.7286332402238334,-1.6845232678793924
15016,173,1,170.04,2,1,1,211,Hibernating,1,United Kingdom,2011-06-20 12:06:00,2011-06-20 12:06:00,-1.7837234020388004,0.065619737363047
13962,22,2,169.55,4,1,1,411,Recent Customers,0,United Kingdom,2011-04-08 11:21:00,2011-11-18 08:47:00,-0.6451978906889261,-1.063134724009208
14218,43,1,169.48,3,1,1,311,Need Attention,1,United Kingdom,2011-10-28 10:00:00,2011-10-28 10:00:00,-1.260082437708905,-0.8071513445819316
12367,4,1,168.9,5,1,1,511,Recent Customers,0,Denmark,2011-12-05 16:48:00,2011-12-05 16:48:00,-0.43094752625167676,-2.1870457053004717
14578,3,1,168.63,5,1,1,511,Recent Customers,0,United Kingdom,2011-12-06 17:18:00,2011-12-06 17:18:00,-0.346461248512455,-2.329083653990707
18269,366,1,168.6,1,1,1,111,Lost,1,United Kingdom,2010-12-08 13:53:00,2010-12-08 13:53:00,-2.0728198675240552,0.5356509965444767
15888,81,1,168.31,2,1,1,211,Hibernating,1,United Kingdom,2011-09-20 12:30:00,2011-09-20 12:30:00,-1.5011528423238716,-0.41501562190179014
18099,127,1,168.31,2,1,1,211,Hibernating,1,United Kingdom,2011-08-04 15:52:00,2011-08-04 15:52:00,-1.6712607613155175,-0.13271698638246002
16282,340,1,168.3,1,1,1,111,Lost,1,United Kingdom,2011-01-04 11:42:00,2011-01-04 11:42:00,-2.045590355868078,0.48842498650539545
17737,9,2,168.24,5,1,1,511,Recent Customers,0,United Kingdom,2011-10-12 14:42:00,2011-11-30 15:16:00,-0.3306843324181743,-1.5939539737830417
15986,30,1,168.12,4,1,1,411,Recent Customers,0,United Kingdom,2011-11-09 15:17:00,2011-11-09 15:17:00,-1.1301035417559877,-1.0320743150935237
12551,358,1,168.0,1,1,1,111,Lost,1,Spain,2010-12-17 11:23:00,2010-12-17 11:23:00,-2.066081249286499,0.5203886490209608
15374,129,1,168.0,2,1,1,211,Hibernating,1,United Kingdom,2011-08-03 09:59:00,2011-08-03 09:59:00,-1.6780522856795068,-0.12355578118286412
16952,109,2,167.61,2,1,1,211,Hibernating,1,United Kingdom,2011-08-22 12:58:00,2011-08-22 13:03:00,-1.24844388653601,-0.07520038974540943
17367,238,1,167.55,1,1,1,111,Lost,1,United Kingdom,2011-04-15 14:21:00,2011-04-15 14:21:00,-1.911926214575672,0.26149516231834996
15920,154,4,167.5,2,3,1,231,At Risk,1,United Kingdom,2011-07-08 15:16:00,2011-07-08 15:31:00,-0.9175313751649863,0.33736780687948253
16405,302,2,167.25,1,1,1,111,Lost,1,United Kingdom,2011-02-02 17:08:00,2011-02-10 15:24:00,-1.6365177489033038,0.5663582514424524
14295,40,1,166.2,3,1,1,311,Need Attention,1,United Kingdom,2011-10-30 15:50:00,2011-10-30 15:50:00,-1.2423182242596953,-0.8589938564179548
17650,21,1,166.08,4,1,1,411,Recent Customers,0,United Kingdom,2011-11-18 14:52:00,2011-11-18 14:52:00,-1.0048535804808458,-1.2538992051870883
12817,281,1,166.04,1,1,1,111,Lost,1,Austria,2011-03-03 16:28:00,2011-03-03 16:28:00,-1.9793922992403192,0.3630982223304205
18088,61,1,166.03,3,1,1,311,Need Attention,1,United Kingdom,2011-10-09 13:41:00,2011-10-09 13:41:00,-1.4007805451171766,-0.5971923520066719
17561,19,1,165.12,4,1,1,411,Recent Customers,0,United Kingdom,2011-11-20 12:53:00,2011-11-20 12:53:00,-0.9711775186185637,-1.3164184108600252
18042,54,1,165.05,3,1,1,311,Need Attention,1,United Kingdom,2011-10-17 11:49:00,2011-10-17 11:49:00,-1.3578068893095119,-0.6752817884622343
13470,99,2,165.0,2,1,1,211,Hibernating,1,United Kingdom,2011-08-16 17:06:00,2011-09-01 14:57:00,-1.219432683972331,-0.14130272713509162
15316,327,1,165.0,1,1,1,111,Lost,1,United Kingdom,2011-01-17 11:34:00,2011-01-17 11:34:00,-2.040076041045383,0.4566154356659582
15904,8,1,164.68,5,1,1,511,Recent Customers,0,United Kingdom,2011-12-01 14:50:00,2011-12-01 14:50:00,-0.6674067296023293,-1.8235870409210986
17535,280,1,164.4,1,1,1,111,Lost,1,United Kingdom,2011-03-04 15:20:00,2011-03-04 15:20:00,-1.9827135552242816,0.35725279766970286
13603,26,1,164.34,4,1,1,411,Recent Customers,0,United Kingdom,2011-11-13 15:57:00,2011-11-13 15:57:00,-1.088048467236458,-1.1278854516426573
14552,152,1,164.22,2,1,1,211,Hibernating,1,United Kingdom,2011-07-11 12:49:00,2011-07-11 12:49:00,-1.75100686229602,-0.028524015530289958
14354,6,2,163.62,5,1,1,511,Recent Customers,0,United Kingdom,2011-11-09 15:36:00,2011-12-04 11:32:00,-0.20755891190146705,-1.8301434822912732
17110,165,1,163.3,2,1,1,211,Hibernating,1,United Kingdom,2011-06-27 12:58:00,2011-06-27 12:58:00,-1.7848063830288239,0.021139693689456018
17301,21,1,163.24,4,1,1,411,Recent Customers,0,United Kingdom,2011-11-18 13:43:00,2011-11-18 13:43:00,-1.0129824876951288,-1.2601431116797668
13223,200,2,163.2,1,1,1,111,Lost,1,United Kingdom,2011-04-21 15:16:00,2011-05-23 13:03:00,-1.4912882777841674,0.29729915834382176
14485,39,1,162.8,3,1,1,311,Need Attention,1,United Kingdom,2011-11-01 12:25:00,2011-11-01 12:25:00,-1.2426269983042264,-0.8821297956624626
12920,17,1,162.78,4,1,1,411,Recent Customers,0,United Kingdom,2011-11-22 15:05:00,2011-11-22 15:05:00,-0.9376565511069844,-1.3883769545702889
16517,277,1,162.7,1,1,1,111,Lost,1,United Kingdom,2011-03-07 13:50:00,2011-03-07 13:50:00,-1.983512000882696,0.34668570827704187
15733,283,1,162.3,1,1,1,111,Lost,1,United Kingdom,2011-03-02 09:05:00,2011-03-02 09:05:00,-1.992828865962315,0.3593312000935948
18014,28,1,162.22,4,1,1,411,Recent Customers,0,United Kingdom,2011-11-11 15:28:00,2011-11-11 15:28:00,-1.1214646147644716,-1.087285097424637
15325,104,1,161.74,2,1,1,211,Hibernating,1,United Kingdom,2011-08-28 11:55:00,2011-08-28 11:55:00,-1.6143643504183471,-0.2726949159854543
17600,18,1,161.67,4,1,1,411,Recent Customers,0,United Kingdom,2011-11-22 09:43:00,2011-11-22 09:43:00,-0.9615345952205658,-1.356578557537677
15458,25,1,161.64,4,1,1,411,Recent Customers,0,United Kingdom,2011-11-14 13:08:00,2011-11-14 13:08:00,-1.0814386092638584,-1.157806947559989
16113,183,1,161.38,1,1,1,111,Lost,1,United Kingdom,2011-06-09 16:16:00,2011-06-09 16:16:00,-1.8297058853392818,0.08212097288461608
14237,373,1,161.0,1,1,1,111,Lost,1,United Kingdom,2010-12-01 13:20:00,2010-12-01 13:20:00,-2.1017756382255626,0.5309310973876791
13229,226,1,160.95,1,1,1,111,Lost,1,United Kingdom,2011-04-28 12:07:00,2011-04-28 12:07:00,-1.9111881943965305,0.21429081748725462
15852,187,2,160.71,1,1,1,111,Lost,1,United Kingdom,2011-05-26 13:26:00,2011-06-06 11:22:00,-1.4729921426639776,0.24934708127865693
12573,227,1,160.54,1,1,1,111,Lost,1,France,2011-04-26 15:52:00,2011-04-26 15:52:00,-1.91406922507538,0.2161541480432102
18203,157,1,160.42,2,1,1,211,Hibernating,1,United Kingdom,2011-07-05 13:07:00,2011-07-05 13:07:00,-1.7743235872814094,-0.016612866998373915
18146,141,2,160.35,2,1,1,211,Hibernating,1,United Kingdom,2011-05-03 16:35:00,2011-07-22 12:08:00,-1.3668545546296615,0.0706435235268448
14714,24,1,160.19,4,1,1,411,Recent Customers,0,United Kingdom,2011-11-15 13:07:00,2011-11-15 13:07:00,-1.0707026164400306,-1.1859319516724338
12966,10,1,160.18,5,1,1,511,Recent Customers,0,United Kingdom,2011-11-30 12:38:00,2011-11-30 12:38:00,-0.7571191020573534,-1.7064035837648222
13598,47,1,160.04,3,1,1,311,Need Attention,1,United Kingdom,2011-10-23 14:28:00,2011-10-23 14:28:00,-1.3203309792416313,-0.772738683115085
13420,150,2,159.85,2,1,1,211,Hibernating,1,United Kingdom,2011-06-22 11:35:00,2011-07-13 08:48:00,-1.3918010134801273,0.10847027771520054
16213,79,1,159.0,2,1,1,211,Hibernating,1,United Kingdom,2011-09-22 10:03:00,2011-09-22 10:03:00,-1.5185373850949586,-0.4512676541719246
18224,264,1,158.95,1,1,1,111,Lost,1,United Kingdom,2011-03-21 10:30:00,2011-03-21 10:30:00,-1.976205808904531,0.3078855523313961
13937,169,1,158.85,2,1,1,211,Hibernating,1,United Kingdom,2011-06-23 16:35:00,2011-06-23 16:35:00,-1.8069214375130849,0.02623374228576467
15167,321,1,158.8,1,1,1,111,Lost,1,United Kingdom,2011-01-23 12:41:00,2011-01-23 12:41:00,-2.0510721851022145,0.4310483239275523
14089,57,1,158.75,3,1,1,311,Need Attention,1,United Kingdom,2011-10-14 10:38:00,2011-10-14 10:38:00,-1.3964345304092949,-0.6557005693033597
17165,284,1,158.68,1,1,1,111,Lost,1,United Kingdom,2011-02-28 16:39:00,2011-02-28 16:39:00,-2.004800800852129,0.353395011967031
15160,357,1,158.16,1,1,1,111,Lost,1,United Kingdom,2010-12-17 14:15:00,2010-12-17 14:15:00,-2.0934596927537754,0.49677219366401787
15348,72,1,158.04,3,1,1,311,Need Attention,1,United Kingdom,2011-09-28 13:17:00,2011-09-28 13:17:00,-1.4864124024917607,-0.5115071922896768
18004,362,1,157.92,1,1,1,111,Lost,1,United Kingdom,2010-12-12 13:47:00,2010-12-12 13:47:00,-2.0994734735701366,0.5050151838285626
17556,206,1,157.9,1,1,1,111,Lost,1,United Kingdom,2011-05-18 10:48:00,2011-05-18 10:48:00,-1.884970967685671,0.14889767378129934
14799,51,1,157.7,3,1,1,311,Need Attention,1,United Kingdom,2011-10-19 16:16:00,2011-10-19 16:16:00,-1.3578474215513927,-0.727327652387358
17344,46,1,157.62,3,1,1,311,Need Attention,1,United Kingdom,2011-10-24 12:56:00,2011-10-24 12:56:00,-1.3194679868947783,-0.7915997493181743
14148,234,1,157.2,1,1,1,111,Lost,1,United Kingdom,2011-04-20 12:02:00,2011-04-20 12:02:00,-1.9355272071105034,0.2277150727279902
17128,335,1,157.09,1,1,1,111,Lost,1,United Kingdom,2011-01-09 12:02:00,2011-01-09 12:02:00,-2.0724310954107454,0.4541100836042351
14585,50,1,157.05,3,1,1,311,Need Attention,1,United Kingdom,2011-10-20 14:33:00,2011-10-20 14:33:00,-1.3523757755030326,-0.7411322371606921
17118,318,1,157.02,1,1,1,111,Lost,1,United Kingdom,2011-01-26 12:19:00,2011-01-26 12:19:00,-2.0528077330849106,0.4210347957757655
15007,159,1,156.91,2,1,1,211,Hibernating,1,United Kingdom,2011-07-03 16:00:00,2011-07-03 16:00:00,-1.7895526887912738,-0.016645543437091178
15988,19,1,156.78,4,1,1,411,Recent Customers,0,United Kingdom,2011-11-20 13:23:00,2011-11-20 13:23:00,-0.995600684019216,-1.3351781232047486
14406,119,1,156.75,2,1,1,211,Hibernating,1,United Kingdom,2011-08-12 16:54:00,2011-08-12 16:54:00,-1.6801393864211664,-0.19938674574343815
15438,131,1,156.58,2,1,1,211,Hibernating,1,United Kingdom,2011-07-31 14:19:00,2011-07-31 14:19:00,-1.7170589361591162,-0.13935890016011132
15263,107,1,156.51,2,1,1,211,Hibernating,1,United Kingdom,2011-08-25 10:26:00,2011-08-25 10:26:00,-1.640613806884426,-0.2667330783628867
17885,12,1,156.34,5,1,1,511,Recent Customers,0,United Kingdom,2011-11-27 14:40:00,2011-11-27 14:40:00,-0.8323665919140081,-1.6092839472088771
13898,326,1,155.93,1,1,1,111,Lost,1,United Kingdom,2011-01-18 10:28:00,2011-01-18 10:28:00,-2.0655514592058615,0.43421586178818716
17871,205,1,155.9,1,1,1,111,Lost,1,United Kingdom,2011-05-19 11:32:00,2011-05-19 11:32:00,-1.8891269453227046,0.14121459793682806
17832,50,1,155.37,3,1,1,311,Need Attention,1,United Kingdom,2011-10-21 11:43:00,2011-10-21 11:43:00,-1.357442812711761,-0.7450242863245247
12738,372,1,155.35,1,1,1,111,Lost,1,Germany,2010-12-02 18:27:00,2010-12-02 18:27:00,-2.1175850526152287,0.5163048315025013
15447,331,1,155.17,1,1,1,111,Lost,1,United Kingdom,2011-01-13 11:26:00,2011-01-13 11:26:00,-2.0736500793049197,0.44206761241932657
13809,305,1,155.05,1,1,1,111,Lost,1,Cyprus,2011-02-07 13:15:00,2011-02-07 13:15:00,-2.0428626710546425,0.39009026519258305
14368,320,1,155.0,1,1,1,111,Lost,1,United Kingdom,2011-01-24 09:52:00,2011-01-24 09:52:00,-2.061295524153013,0.4203112011087021
14046,284,1,154.99,1,1,1,111,Lost,1,United Kingdom,2011-02-28 14:48:00,2011-02-28 14:48:00,-2.015886515110931,0.3448799482060756
17698,261,1,154.95,1,1,1,111,Lost,1,United Kingdom,2011-03-24 11:34:00,2011-03-24 11:34:00,-1.9838650184719773,0.2914442141629736
15740,49,1,154.88,3,1,1,311,Need Attention,1,United Kingdom,2011-10-21 14:29:00,2011-10-21 14:29:00,-1.3513663922020691,-0.7587209425515717
17026,185,2,154.83,1,1,1,111,Lost,1,United Kingdom,2010-12-05 12:47:00,2011-06-07 14:28:00,-1.4864687819895903,0.22907721307453927
17899,159,1,154.55,2,1,1,211,Hibernating,1,United Kingdom,2011-07-03 14:58:00,2011-07-03 14:58:00,-1.796692536061929,-0.022129741688443606
15226,311,1,154.41,1,1,1,111,Lost,1,United Kingdom,2011-02-02 11:41:00,2011-02-02 11:41:00,-2.0522289700099066,0.4009033225771656
16406,19,1,154.35,4,1,1,411,Recent Customers,0,United Kingdom,2011-11-21 11:57:00,2011-11-21 11:57:00,-1.002960062797246,-1.3408309461147556
16921,61,1,154.18,3,1,1,311,Need Attention,1,United Kingdom,2011-10-09 16:22:00,2011-10-09 16:22:00,-1.435672563808506,-0.6239933101559608
17517,309,1,153.94,1,1,1,111,Lost,1,United Kingdom,2011-02-04 11:48:00,2011-02-04 11:48:00,-2.0512085244133536,0.3957234335748271
16351,333,1,153.9,1,1,1,111,Lost,1,United Kingdom,2011-01-11 10:26:00,2011-01-11 10:26:00,-2.079816043078651,0.44290116915351446
12602,59,1,153.12,3,1,1,311,Need Attention,1,France,2011-10-12 11:22:00,2011-10-12 11:22:00,-1.4263968805084435,-0.6472762897733886
17714,321,1,153.0,1,1,1,111,Lost,1,United Kingdom,2011-01-23 10:32:00,2011-01-23 10:32:00,-2.0686019204336663,0.41758353396677256
16720,26,1,152.95,4,1,1,411,Recent Customers,0,United Kingdom,2011-11-13 16:22:00,2011-11-13 16:22:00,-1.1218918349202371,-1.1538809289736767
16248,62,1,152.94,3,1,1,311,Need Attention,1,United Kingdom,2011-10-09 11:32:00,2011-10-09 11:32:00,-1.4455887256954734,-0.6167720641203999
14813,370,2,152.88,1,1,1,111,Lost,1,United Kingdom,2010-12-05 11:54:00,2010-12-05 11:57:00,-1.7561922088709039,0.6621953882892126
17984,145,1,152.68,2,1,1,211,Hibernating,1,United Kingdom,2011-07-17 15:59:00,2011-07-17 15:59:00,-1.7674488225648202,-0.08458241552104963
18138,295,1,152.65,1,1,1,111,Lost,1,United Kingdom,2011-02-17 14:51:00,2011-02-17 14:51:00,-2.0375195624389986,0.363382466630317
14066,267,1,152.55,1,1,1,111,Lost,1,United Kingdom,2011-03-18 12:21:00,2011-03-18 12:21:00,-1.999868170944232,0.30014957685202565
17707,185,2,152.4,1,1,1,111,Lost,1,United Kingdom,2011-01-07 13:30:00,2011-06-07 15:03:00,-1.4939209808417409,0.2233530940052606
13514,74,1,152.2,2,1,1,211,Hibernating,1,United Kingdom,2011-09-27 09:39:00,2011-09-27 09:39:00,-1.514476165223794,-0.5079981707865938
14039,33,1,152.2,4,1,1,411,Recent Customers,1,United Kingdom,2011-11-06 13:48:00,2011-11-06 13:48:00,-1.2122670062883953,-1.0095223427041704
17898,85,2,152.06,2,1,1,211,Hibernating,1,United Kingdom,2011-05-16 17:13:00,2011-09-15 14:56:00,-1.2003000571501004,-0.2664727850189836
16617,236,1,151.85,1,1,1,111,Lost,1,United Kingdom,2011-04-18 10:35:00,2011-04-18 10:35:00,-1.9550768747027192,0.2205577198038249
14208,95,1,151.74,2,1,1,211,Hibernating,1,United Kingdom,2011-09-06 12:48:00,2011-09-06 12:48:00,-1.6102020683514995,-0.35259991655735995
13462,253,1,151.5,1,1,1,111,Lost,1,United Kingdom,2011-04-01 11:20:00,2011-04-01 11:20:00,-1.9826264314328934,0.26363815344194524
14362,22,1,151.5,4,1,1,411,Recent Customers,0,United Kingdom,2011-11-17 15:08:00,2011-11-17 15:08:00,-1.0651283288476456,-1.2589744561691927
17286,22,1,151.37,4,1,1,411,Recent Customers,0,United Kingdom,2011-11-18 12:47:00,2011-11-18 12:47:00,-1.0655326994080851,-1.259285057816034
13697,39,1,151.3,3,1,1,311,Need Attention,1,United Kingdom,2011-11-01 09:14:00,2011-11-01 09:14:00,-1.2771426360975908,-0.9086416513443998
16337,37,1,151.05,3,1,1,311,Need Attention,1,United Kingdom,2011-11-03 10:03:00,2011-11-03 10:03:00,-1.2583276645417765,-0.9417566430542197
14073,32,1,151.04,4,1,1,411,Recent Customers,0,United Kingdom,2011-11-07 15:49:00,2011-11-07 15:49:00,-1.2044671069794621,-1.0312153834720037
14204,2,1,150.61,5,1,1,511,Recent Customers,0,United Kingdom,2011-12-07 13:38:00,2011-12-07 13:38:00,-0.28981880995118064,-2.55235875962188
18200,106,1,150.35,2,1,1,211,Hibernating,1,United Kingdom,2011-08-25 18:45:00,2011-08-25 18:45:00,-1.6559762320044493,-0.28715973358469676
15717,234,1,150.3,1,1,1,111,Lost,1,United Kingdom,2011-04-19 13:21:00,2011-04-19 13:21:00,-1.9566723802946198,0.21147322365126145
16932,53,1,150.23,3,1,1,311,Need Attention,1,United Kingdom,2011-10-17 14:12:00,2011-10-17 14:12:00,-1.3951249788876552,-0.7209623666867983
17234,183,1,149.89,1,1,1,111,Lost,1,United Kingdom,2011-06-10 11:20:00,2011-06-10 11:20:00,-1.8645032954745193,0.05539268464803165
15869,277,2,149.64,1,1,1,111,Lost,1,United Kingdom,2011-03-07 17:19:00,2011-03-07 17:23:00,-1.6560449847928331,0.47150322968075203
17946,233,2,149.58,1,1,1,111,Lost,1,United Kingdom,2011-03-25 14:34:00,2011-04-20 17:00:00,-1.590415623602349,0.36213098526601883
18262,140,1,149.48,2,1,1,211,Hibernating,1,United Kingdom,2011-07-22 16:04:00,2011-07-22 16:04:00,-1.7641147801760995,-0.1143367175065046
15435,22,1,149.29,4,1,1,411,Recent Customers,0,United Kingdom,2011-11-17 16:39:00,2011-11-17 16:39:00,-1.0720499735075264,-1.26429105050255
13003,106,3,149.05,2,2,1,221,Hibernating,1,United Kingdom,2011-05-09 08:23:00,2011-08-26 10:50:00,-1.0328647028225069,-0.025159038801256726
17549,24,2,148.86,4,1,1,411,Recent Customers,0,United Kingdom,2011-10-19 10:05:00,2011-11-16 09:59:00,-0.7383706071079347,-1.0573775733836257
15526,33,2,148.44,4,1,1,411,Recent Customers,0,United Kingdom,2011-11-06 15:01:00,2011-11-06 15:04:00,-0.8571598898058977,-0.8634741444394156
14968,30,1,147.59,4,1,1,411,Recent Customers,0,United Kingdom,2011-11-09 13:58:00,2011-11-09 13:58:00,-1.191467657385368,-1.079208793307587
14098,37,1,147.35,3,1,1,311,Need Attention,1,United Kingdom,2011-11-03 10:13:00,2011-11-03 10:13:00,-1.2700085186846468,-0.9507288405587684
14037,176,2,147.2,2,1,1,211,Hibernating,1,United Kingdom,2010-12-10 11:39:00,2011-06-16 13:57:00,-1.4913268604670948,0.17935179933971512
12864,138,1,147.12,2,1,1,211,Hibernating,1,United Kingdom,2011-07-24 13:03:00,2011-07-24 13:03:00,-1.7661527533451444,-0.12915023213868268
17030,64,1,146.87,3,1,1,311,Need Attention,1,United Kingdom,2011-10-07 08:49:00,2011-10-07 08:49:00,-1.4766021317208655,-0.6116116781156776
14238,326,1,146.85,1,1,1,111,Lost,1,United Kingdom,2011-01-17 14:40:00,2011-01-17 14:40:00,-2.0938118890420228,0.41250870279517365
16893,367,1,145.93,1,1,1,111,Lost,1,United Kingdom,2010-12-08 12:06:00,2010-12-08 12:06:00,-2.1418942118752056,0.4851176144321858
12565,289,1,145.92,1,1,1,111,Lost,1,Saudi Arabia,2011-02-24 10:34:00,2011-02-24 10:34:00,-2.050933789753393,0.33408801956465445
17935,138,2,145.79,2,1,1,211,Hibernating,1,United Kingdom,2011-07-21 11:23:00,2011-07-24 13:18:00,-1.4035399816059602,0.022663145670339765
13866,74,1,145.67,2,1,1,211,Hibernating,1,United Kingdom,2011-09-26 14:54:00,2011-09-26 14:54:00,-1.5351299508547784,-0.523862579470347
15937,64,1,145.35,3,1,1,311,Need Attention,1,United Kingdom,2011-10-06 15:48:00,2011-10-06 15:48:00,-1.481501342252952,-0.6153748176919966
16598,286,1,145.05,1,1,1,111,Lost,1,United Kingdom,2011-02-27 11:42:00,2011-02-27 11:42:00,-2.049777605320631,0.3253328265358368
17524,361,1,145.0,1,1,1,111,Lost,1,United Kingdom,2010-12-13 14:32:00,2010-12-13 14:32:00,-2.1386253783881766,0.47238394190967514
16852,10,2,144.91,5,1,1,511,Recent Customers,0,United Kingdom,2011-06-16 15:49:00,2011-11-29 13:22:00,-0.4374230970922981,-1.5875550647790027
12974,198,1,144.8,1,1,1,111,Lost,1,United Kingdom,2011-05-26 09:33:00,2011-05-26 09:33:00,-1.9107109009646734,0.09257587819498844
15748,40,1,144.36,3,1,1,311,Need Attention,1,United Kingdom,2011-10-30 12:51:00,2011-10-30 12:51:00,-1.3086892280483067,-0.909974182623813
14109,73,1,144.2,2,1,1,211,Hibernating,1,United Kingdom,2011-09-28 10:18:00,2011-09-28 10:18:00,-1.5347785826492646,-0.5360405666301392
12587,8,1,144.0,5,1,1,511,Recent Customers,0,Finland,2011-12-02 12:47:00,2011-12-02 12:47:00,-0.7306232703903551,-1.8721443880608823
17186,47,2,144.0,3,1,1,311,Need Attention,1,United Kingdom,2011-10-10 12:52:00,2011-10-24 10:20:00,-1.0031893826990157,-0.6558522344190825
17578,218,1,143.46,1,1,1,111,Lost,1,United Kingdom,2011-05-05 18:38:00,2011-05-05 18:38:00,-1.9516716248807162,0.14992319725626585
15705,201,1,143.1,1,1,1,111,Lost,1,United Kingdom,2011-05-22 15:37:00,2011-05-22 15:37:00,-1.9219877349401355,0.09778987685593135
16461,178,1,142.92,2,1,1,211,Hibernating,1,United Kingdom,2011-06-15 12:07:00,2011-06-15 12:07:00,-1.876403747157332,0.020703283562528027
13299,268,1,142.5,1,1,1,111,Lost,1,United Kingdom,2011-03-16 12:55:00,2011-03-16 12:55:00,-2.0333870482623797,0.27785717664777404
16287,170,1,142.5,2,1,1,211,Hibernating,1,United Kingdom,2011-06-23 09:08:00,2011-06-23 09:08:00,-1.8603236846610691,-0.00934609814765234
13584,307,1,142.4,1,1,1,111,Lost,1,United Kingdom,2011-02-06 12:49:00,2011-02-06 12:49:00,-2.0854356851293465,0.36343085520874413
14386,297,1,142.4,1,1,1,111,Lost,1,United Kingdom,2011-02-16 09:45:00,2011-02-16 09:45:00,-2.0728273457983506,0.34250697929277546
17859,305,1,141.92,1,1,1,111,Lost,1,United Kingdom,2011-02-08 10:32:00,2011-02-08 10:32:00,-2.0845368837975355,0.3580798263152135
13561,216,1,141.86,1,1,1,111,Lost,1,United Kingdom,2011-05-08 12:39:00,2011-05-08 12:39:00,-1.9534479498586401,0.14005089712532418
14041,266,1,141.41,1,1,1,111,Lost,1,United Kingdom,2011-03-18 13:25:00,2011-03-18 13:25:00,-2.0341516515957885,0.27034929979980765
15503,363,1,141.04,1,1,1,111,Lost,1,United Kingdom,2010-12-12 10:57:00,2010-12-12 10:57:00,-2.1537683445089826,0.46586185204634767
15388,270,1,140.54,1,1,1,111,Lost,1,Canada,2011-03-14 13:53:00,2011-03-14 13:53:00,-2.0427375821754317,0.27754423702679426
13483,66,1,140.34,3,1,1,311,Need Attention,1,United Kingdom,2011-10-05 11:53:00,2011-10-05 11:53:00,-1.5095940330772182,-0.6088493801054936
14494,26,1,139.56,4,1,1,411,Recent Customers,0,United Kingdom,2011-11-14 09:21:00,2011-11-14 09:21:00,-1.165036875802617,-1.1870211277471392
16483,192,1,139.35,1,1,1,111,Lost,1,United Kingdom,2011-05-31 13:08:00,2011-05-31 13:08:00,-1.9170798464208583,0.05929324652975536
17718,232,1,139.35,1,1,1,111,Lost,1,United Kingdom,2011-04-21 13:39:00,2011-04-21 13:39:00,-1.9890285073540215,0.178693971253643
14772,112,1,139.26,2,1,1,211,Hibernating,1,United Kingdom,2011-08-19 15:04:00,2011-08-19 15:04:00,-1.71289956178993,-0.28028776013750006
18209,29,1,139.1,4,1,1,411,Recent Customers,0,United Kingdom,2011-11-11 12:07:00,2011-11-11 12:07:00,-1.2068386597932381,-1.1214231737711662
15135,239,1,139.05,1,1,1,111,Lost,1,United Kingdom,2011-04-14 19:16:00,2011-04-14 19:16:00,-2.0013504262779462,0.19667944663051046
13273,113,1,138.98,2,1,1,211,Hibernating,1,United Kingdom,2011-08-18 14:02:00,2011-08-18 14:02:00,-1.7172127040229352,-0.27543017080067994
12902,265,1,138.68,1,1,1,111,Lost,1,United Kingdom,2011-03-20 12:06:00,2011-03-20 12:06:00,-2.0418960777643607,0.2609209652170795
14581,17,1,138.6,4,1,1,411,Recent Customers,0,United Kingdom,2011-11-23 12:39:00,2011-11-23 12:39:00,-1.0133995225630559,-1.446555996203137
17122,119,1,138.32,2,1,1,211,Hibernating,1,United Kingdom,2011-08-12 14:33:00,2011-08-12 14:33:00,-1.739047551252457,-0.24463478009368816
13716,269,1,138.28,1,1,1,111,Lost,1,United Kingdom,2011-03-15 13:49:00,2011-03-15 13:49:00,-2.048957428052053,0.2693384066976167
15663,106,1,138.14,2,1,1,211,Hibernating,1,United Kingdom,2011-08-25 15:50:00,2011-08-25 15:50:00,-1.6958595494391813,-0.3177945653173956
16050,174,1,137.9,2,1,1,211,Hibernating,1,United Kingdom,2011-06-19 11:44:00,2011-06-19 11:44:00,-1.8846047624622955,-0.0065540300850111186
13279,78,1,137.75,2,1,1,211,Hibernating,1,United Kingdom,2011-09-22 17:24:00,2011-09-22 17:24:00,-1.5812995122294895,-0.5111409313955987
17709,170,1,137.45,2,1,1,211,Hibernating,1,United Kingdom,2011-06-23 11:55:00,2011-06-23 11:55:00,-1.8773106800436723,-0.022394003353677305
15836,50,1,137.37,3,1,1,311,Need Attention,1,United Kingdom,2011-10-20 17:13:00,2011-10-20 17:13:00,-1.415429067999936,-0.7895641914231813
14483,282,1,137.1,1,1,1,111,Lost,1,United Kingdom,2011-03-03 10:26:00,2011-03-03 10:26:00,-2.0709550876387137,0.29605046721411643
17468,10,2,137.0,5,1,1,511,Recent Customers,0,United Kingdom,2011-11-25 12:52:00,2011-11-29 15:33:00,-0.46385077741407177,-1.6078544679334166
15691,252,1,136.8,1,1,1,111,Lost,1,United Kingdom,2011-04-01 15:13:00,2011-04-01 15:13:00,-2.02918052819698,0.22422121823744412
14247,278,1,136.77,1,1,1,111,Lost,1,United Kingdom,2011-03-06 15:21:00,2011-03-06 15:21:00,-2.0666516869269507,0.2861549822455697
16462,74,3,136.0,2,2,1,221,Hibernating,1,United Kingdom,2011-03-01 08:58:00,2011-09-27 10:24:00,-0.9402675552729794,-0.28356036691199105
16412,54,1,135.99,3,1,1,311,Need Attention,1,United Kingdom,2011-10-17 12:35:00,2011-10-17 12:35:00,-1.4490254180990998,-0.7453477824695393
12968,112,1,135.95,2,1,1,211,Hibernating,1,United Kingdom,2011-08-19 15:44:00,2011-08-19 15:44:00,-1.7242233199045807,-0.288985668103451
15042,199,1,135.93,1,1,1,111,Lost,1,United Kingdom,2011-05-24 16:25:00,2011-05-24 16:25:00,-1.942386517041289,0.07289387093069785
14889,336,1,135.9,1,1,1,111,Lost,1,United Kingdom,2011-01-07 15:19:00,2011-01-07 15:19:00,-2.1418038144942777,0.4035799855361595
15419,25,1,135.86,4,1,1,411,Recent Customers,0,United Kingdom,2011-11-15 09:23:00,2011-11-15 09:23:00,-1.1632686903449008,-1.2206615676324852
15174,323,1,135.75,1,1,1,111,Lost,1,United Kingdom,2011-01-21 09:06:00,2011-01-21 09:06:00,-2.127296049168704,0.3782420448734391
16114,171,1,135.75,2,1,1,211,Hibernating,1,United Kingdom,2011-06-22 10:13:00,2011-06-22 10:13:00,-1.8853961809974127,-0.023197248028704525
16665,362,1,135.4,1,1,1,111,Lost,1,United Kingdom,2010-12-12 14:03:00,2010-12-12 14:03:00,-2.1719287983290188,0.4493614211805879
17972,242,1,135.19,1,1,1,111,Lost,1,United Kingdom,2011-04-12 12:16:00,2011-04-12 12:16:00,-2.0193477559748962,0.19437555228309653
13364,71,1,134.96,3,1,1,311,Need Attention,1,United Kingdom,2011-09-29 18:13:00,2011-09-29 18:13:00,-1.5554886104008536,-0.5773566942314603
16055,221,1,134.8,1,1,1,111,Lost,1,United Kingdom,2011-05-03 09:26:00,2011-05-03 09:26:00,-1.9861809867248892,0.1360334033570273
14340,219,1,134.7,1,1,1,111,Lost,1,United Kingdom,2011-05-05 09:44:00,2011-05-05 09:44:00,-1.9830732535091566,0.13002809735193974
15562,352,1,134.55,1,1,1,111,Lost,1,United Kingdom,2010-12-23 09:55:00,2010-12-23 09:55:00,-2.1642217959301377,0.429375860453342
14174,33,1,134.46,4,1,1,411,Recent Customers,1,United Kingdom,2011-11-06 13:17:00,2011-11-06 13:17:00,-1.2706203178865574,-1.054344187947633
12837,173,1,134.1,2,1,1,211,Hibernating,1,United Kingdom,2011-06-19 16:07:00,2011-06-19 16:07:00,-1.8955682594875773,-0.020289575314317628
14280,197,1,134.04,1,1,1,111,Lost,1,United Kingdom,2011-05-27 10:37:00,2011-05-27 10:37:00,-1.945137509446153,0.06146059394346801
16424,191,1,133.56,1,1,1,111,Lost,1,United Kingdom,2011-06-01 13:40:00,2011-06-01 13:40:00,-1.9350711868227872,0.040656463844356554
14349,10,1,133.5,5,1,1,511,Recent Customers,0,United Kingdom,2011-11-29 15:39:00,2011-11-29 15:39:00,-0.8429211321252442,-1.7723091032280744
12445,22,1,133.4,4,1,1,411,Recent Customers,0,Spain,2011-11-17 18:43:00,2011-11-17 18:43:00,-1.125035118407748,-1.304989545581533
17881,304,1,133.35,1,1,1,111,Lost,1,United Kingdom,2011-02-08 17:16:00,2011-02-08 17:16:00,-2.1126066941925012,0.3334835564777004
15709,284,1,133.25,1,1,1,111,Lost,1,United Kingdom,2011-03-01 10:38:00,2011-03-01 10:38:00,-2.0870516548678286,0.29021719139668295
17647,65,1,133.06,3,1,1,311,Need Attention,1,United Kingdom,2011-10-05 15:38:00,2011-10-05 15:38:00,-1.5289233544768843,-0.6376418721587883
12512,66,2,132.18,3,1,1,311,Need Attention,1,Israel,2011-10-04 14:53:00,2011-10-04 14:55:00,-1.170900975672303,-0.47540900812588177
17785,53,1,131.94,3,1,1,311,Need Attention,1,United Kingdom,2011-10-17 13:43:00,2011-10-17 13:43:00,-1.4562455071960987,-0.7679097426970057
14438,306,1,131.9,1,1,1,111,Lost,1,United Kingdom,2011-02-06 14:56:00,2011-02-06 14:56:00,-2.1202486591475034,0.3336748276663054
12851,97,1,131.81,2,1,1,211,Hibernating,1,United Kingdom,2011-09-04 12:41:00,2011-09-04 12:41:00,-1.6843738843189777,-0.39045077952751367
17455,204,1,131.7,1,1,1,111,Lost,1,United Kingdom,2011-05-20 12:31:00,2011-05-20 12:31:00,-1.9666975279727787,0.07711907208853894
14795,166,1,131.45,2,1,1,211,Hibernating,1,United Kingdom,2011-06-26 13:04:00,2011-06-26 13:04:00,-1.8892758890264865,-0.05353482333894329
15844,46,1,130.74,3,1,1,311,Need Attention,1,United Kingdom,2011-10-24 15:19:00,2011-10-24 15:19:00,-1.4075097227919844,-0.8592256124144285
16679,366,1,129.75,1,1,1,111,Lost,1,United Kingdom,2010-12-08 13:51:00,2010-12-08 13:51:00,-2.196174101097188,0.44090120058748067
16611,186,1,129.49,1,1,1,111,Lost,1,United Kingdom,2011-06-06 15:46:00,2011-06-06 15:46:00,-1.9395545235727554,0.012742927227185188
16623,246,1,129.45,1,1,1,111,Lost,1,United Kingdom,2011-04-08 10:09:00,2011-04-08 10:09:00,-2.0460021892050766,0.18904276978442752
15276,66,1,128.63,3,1,1,311,Need Attention,1,United Kingdom,2011-10-04 16:39:00,2011-10-04 16:39:00,-1.5506009482524217,-0.6403472600981802
16828,93,2,128.5,2,1,1,211,Hibernating,1,United Kingdom,2011-08-19 13:24:00,2011-09-07 15:10:00,-1.3135325036756045,-0.2709622098856835
17297,17,1,128.18,4,1,1,411,Recent Customers,0,United Kingdom,2011-11-22 14:43:00,2011-11-22 14:43:00,-1.050181860154697,-1.474808929894003
15543,288,1,127.86,1,1,1,111,Lost,1,United Kingdom,2011-02-24 15:26:00,2011-02-24 15:26:00,-2.111805317298568,0.2841286090959434
17359,11,1,127.86,5,1,1,511,Recent Customers,0,United Kingdom,2011-11-28 14:37:00,2011-11-28 14:37:00,-0.8964710167585956,-1.7327511268740388
13781,251,1,127.84,1,1,1,111,Lost,1,United Kingdom,2011-04-03 12:08:00,2011-04-03 12:08:00,-2.059546105548253,0.19722438175991908
15578,162,1,127.1,2,1,1,211,Hibernating,1,United Kingdom,2011-06-30 13:03:00,2011-06-30 13:03:00,-1.8958488317728635,-0.08106595975272621
15923,373,1,127.08,1,1,1,111,Lost,1,United Kingdom,2010-12-02 12:16:00,2010-12-02 12:16:00,-2.213174345750101,0.4453644775637609
14962,271,1,126.7,1,1,1,111,Lost,1,United Kingdom,2011-03-14 09:42:00,2011-03-14 09:42:00,-2.0929345175662637,0.24240306591307878
16414,22,2,126.25,4,1,1,411,Recent Customers,0,United Kingdom,2011-03-04 13:27:00,2011-11-18 09:42:00,-0.7840661304789288,-1.1698010053671895
15463,29,1,126.14,4,1,1,411,Recent Customers,0,United Kingdom,2011-11-10 12:57:00,2011-11-10 12:57:00,-1.2528638075246066,-1.1567756155165265
16988,5,1,126.12,5,1,1,511,Recent Customers,0,United Kingdom,2011-12-04 16:02:00,2011-12-04 16:02:00,-0.6381363331390876,-2.177113366748204
12814,102,1,125.92,2,1,1,211,Hibernating,1,Poland,2011-08-30 12:11:00,2011-08-30 12:11:00,-1.7248915956967952,-0.37542641533101057
13522,30,1,125.8,4,1,1,411,Recent Customers,0,United Kingdom,2011-11-09 15:11:00,2011-11-09 15:11:00,-1.2666591478762104,-1.1369642361111443
14861,52,1,125.79,3,1,1,311,Need Attention,1,United Kingdom,2011-10-18 12:54:00,2011-10-18 12:54:00,-1.4715638710835184,-0.7970101571086591
14890,254,1,125.65,1,1,1,111,Lost,1,United Kingdom,2011-03-31 11:57:00,2011-03-31 11:57:00,-2.0721957429850764,0.19848276958889788
15017,34,1,125.58,3,1,1,311,Need Attention,1,United Kingdom,2011-11-06 10:33:00,2011-11-06 10:33:00,-1.3138421347414695,-1.0606616822766803
12531,15,1,125.22,4,1,1,411,Recent Customers,0,Germany,2011-11-25 11:12:00,2011-11-25 11:12:00,-1.0161800744273182,-1.5579182118271526
17148,52,1,124.88,3,1,1,311,Need Attention,1,United Kingdom,2011-10-19 09:59:00,2011-10-19 09:59:00,-1.4749792621004032,-0.7996335579647904
16849,187,1,124.57,1,1,1,111,Lost,1,United Kingdom,2011-06-06 09:16:00,2011-06-06 09:16:00,-1.9598151776362986,0.002126381351848727
16569,3,1,124.2,5,1,1,511,Recent Customers,0,United Kingdom,2011-12-06 15:32:00,2011-12-06 15:32:00,-0.49046567522057394,-2.4396950991942403
14495,51,2,123.8,3,1,1,311,Need Attention,1,United Kingdom,2011-08-10 14:13:00,2011-10-20 12:28:00,-1.1048989640959008,-0.6597486871409448
16658,368,1,123.24,1,1,1,111,Lost,1,United Kingdom,2010-12-06 13:47:00,2010-12-06 13:47:00,-2.2224662190225777,0.42574589838232585
15917,248,1,123.1,1,1,1,111,Lost,1,United Kingdom,2011-04-06 10:40:00,2011-04-06 10:40:00,-2.0727442970838394,0.17598054433996022
13519,78,1,122.75,2,1,1,211,Hibernating,1,United Kingdom,2011-09-22 18:24:00,2011-09-22 18:24:00,-1.635547816225273,-0.5528096734057075
13876,64,1,122.7,3,1,1,311,Need Attention,1,United Kingdom,2011-10-07 10:22:00,2011-10-07 10:22:00,-1.5612266799726586,-0.6766127603449038
13638,16,1,122.64,4,1,1,411,Recent Customers,0,United Kingdom,2011-11-24 10:38:00,2011-11-24 10:38:00,-1.0491309612041417,-1.5270077443484709
16073,297,1,122.4,1,1,1,111,Lost,1,United Kingdom,2011-02-15 15:41:00,2011-02-15 15:41:00,-2.1440487429043555,0.28780101057087204
18018,108,2,122.14,2,1,1,211,Hibernating,1,United Kingdom,2011-05-24 13:22:00,2011-08-23 17:37:00,-1.3939664737749284,-0.19544698668939353
13244,93,1,121.74,2,1,1,211,Hibernating,1,United Kingdom,2011-09-08 11:46:00,2011-09-08 11:46:00,-1.7058427505525677,-0.44558655760012306
13182,45,1,121.18,3,1,1,311,Need Attention,1,United Kingdom,2011-10-25 13:46:00,2011-10-25 13:46:00,-1.4350148645387752,-0.9002964681950223
15049,274,1,121.17,1,1,1,111,Lost,1,United Kingdom,2011-03-11 12:13:00,2011-03-11 12:13:00,-2.1181156486941757,0.2332333146991742
14413,362,1,121.05,1,1,1,111,Lost,1,United Kingdom,2010-12-12 13:37:00,2010-12-12 13:37:00,-2.2246363800157303,0.4088761255766732
15512,156,2,121.0,2,1,1,211,Hibernating,1,United Kingdom,2010-12-15 12:01:00,2011-07-07 10:20:00,-1.5377668131003432,0.032487484249096366
13002,318,1,120.95,1,1,1,111,Lost,1,United Kingdom,2011-01-25 15:18:00,2011-01-25 15:18:00,-2.1756664087698856,0.3266656434937189
17446,177,2,120.9,2,1,1,211,Hibernating,1,United Kingdom,2011-02-02 14:40:00,2011-06-16 10:42:00,-1.5861107924142608,0.11177171574579367
14165,276,1,120.44,1,1,1,111,Lost,1,United Kingdom,2011-03-09 12:39:00,2011-03-09 12:39:00,-2.123725473158611,0.23564432254063397
18015,4,1,120.03,5,1,1,511,Recent Customers,0,United Kingdom,2011-12-05 14:49:00,2011-12-05 14:49:00,-0.5917676162629861,-2.3105734535826037
14259,142,1,120.0,2,1,1,211,Hibernating,1,United Kingdom,2011-07-21 10:44:00,2011-07-21 10:44:00,-1.8728798297405345,-0.1848188699169216
14314,107,1,120.0,2,1,1,211,Hibernating,1,United Kingdom,2011-08-25 10:39:00,2011-08-25 10:39:00,-1.7656478703806997,-0.36277317087355293
14453,190,1,119.93,1,1,1,111,Lost,1,United Kingdom,2011-06-02 14:15:00,2011-06-02 14:15:00,-1.9837154366944942,-0.0015503251705012125
16542,54,1,119.62,3,1,1,311,Need Attention,1,United Kingdom,2011-10-17 10:47:00,2011-10-17 10:47:00,-1.5093677927884832,-0.7916974497956306
15266,338,1,119.3,1,1,1,111,Lost,1,United Kingdom,2011-01-05 13:40:00,2011-01-05 13:40:00,-2.2053545119752918,0.36025328021489494
16666,19,1,118.98,4,1,1,411,Recent Customers,0,United Kingdom,2011-11-20 14:01:00,2011-11-20 14:01:00,-1.125460794174684,-1.4349251572851704
15843,304,1,118.95,1,1,1,111,Lost,1,United Kingdom,2011-02-09 10:19:00,2011-02-09 10:19:00,-2.16636329631244,0.2921924962954336
17079,78,1,118.8,2,1,1,211,Hibernating,1,United Kingdom,2011-09-22 15:34:00,2011-09-22 15:34:00,-1.6509292877824708,-0.5646243574205758
14155,266,1,118.75,1,1,1,111,Lost,1,United Kingdom,2011-03-18 14:13:00,2011-03-18 14:13:00,-2.116324699418331,0.20723124305525026
14076,129,1,118.67,2,1,1,211,Hibernating,1,United Kingdom,2011-08-02 15:19:00,2011-08-02 15:19:00,-1.8417121788750352,-0.24926481473157183
13581,309,1,118.0,1,1,1,111,Lost,1,United Kingdom,2011-02-03 14:41:00,2011-02-03 14:41:00,-2.1763450289219137,0.29960465495237837
12929,312,1,117.85,1,1,1,111,Lost,1,United Kingdom,2011-02-01 12:08:00,2011-02-01 12:08:00,-2.180622062913415,0.305250653081006
17654,277,1,117.55,1,1,1,111,Lost,1,United Kingdom,2011-03-07 13:17:00,2011-03-07 13:17:00,-2.136522318277981,0.2291567355569995
16959,87,1,117.35,2,1,1,211,Hibernating,1,United Kingdom,2011-09-13 15:03:00,2011-09-13 15:03:00,-1.6979166138578852,-0.5006647154501288
13877,86,1,117.24,2,1,1,211,Hibernating,1,United Kingdom,2011-09-14 15:49:00,2011-09-14 15:49:00,-1.6939917820616548,-0.5082484417488435
17117,288,1,116.2,1,1,1,111,Lost,1,United Kingdom,2011-02-24 13:54:00,2011-02-24 13:54:00,-2.156776443174614,0.2495857735783805
17601,239,1,116.01,1,1,1,111,Lost,1,United Kingdom,2011-04-14 18:02:00,2011-04-14 18:02:00,-2.086575194058493,0.1312173289245806
14143,134,1,115.8,2,1,1,211,Hibernating,1,United Kingdom,2011-07-29 09:48:00,2011-07-29 09:48:00,-1.8676389800685347,-0.23418088357125294
15350,373,1,115.65,1,1,1,111,Lost,1,United Kingdom,2010-12-01 13:33:00,2010-12-01 13:33:00,-2.257497018216222,0.4113197265180337
13067,82,1,115.46,2,1,1,211,Hibernating,1,United Kingdom,2011-09-18 13:38:00,2011-09-18 13:38:00,-1.6832043585594207,-0.543610692129174
18027,99,1,115.31,2,1,1,211,Hibernating,1,United Kingdom,2011-09-02 10:38:00,2011-09-02 10:38:00,-1.7549929893327498,-0.42595908120209974
14972,128,1,114.77,2,1,1,211,Hibernating,1,United Kingdom,2011-08-03 14:54:00,2011-08-03 14:54:00,-1.854472327174501,-0.26622709239624914
13188,11,1,114.6,5,1,1,511,Recent Customers,0,United Kingdom,2011-11-28 15:28:00,2011-11-28 15:28:00,-0.9479598474424714,-1.7723002859101509
14632,263,1,114.56,1,1,1,111,Lost,1,United Kingdom,2011-03-22 08:49:00,2011-03-22 08:49:00,-2.12889598728568,0.18709641768217708
16247,170,1,114.56,2,1,1,211,Hibernating,1,United Kingdom,2011-06-22 14:23:00,2011-06-22 14:23:00,-1.9629997758185482,-0.08821277669634878
17852,12,2,114.34,5,1,1,511,Recent Customers,0,United Kingdom,2011-11-28 12:31:00,2011-11-28 12:36:00,-0.6127141007694904,-1.5672799940457376
17219,32,1,114.23,4,1,1,411,Recent Customers,1,United Kingdom,2011-11-08 11:25:00,2011-11-08 11:25:00,-1.3359094351894356,-1.1321777373147182
14652,77,1,114.18,2,1,1,211,Hibernating,1,United Kingdom,2011-09-23 14:21:00,2011-09-23 14:21:00,-1.6647103882742909,-0.587023350883293
12938,26,1,114.14,4,1,1,411,Recent Customers,0,United Kingdom,2011-11-14 11:21:00,2011-11-14 11:21:00,-1.2596241125894416,-1.2596746648498958
14582,41,1,114.11,3,1,1,311,Need Attention,1,United Kingdom,2011-10-30 11:56:00,2011-10-30 11:56:00,-1.4285268999885916,-0.9796759326112991
12651,335,1,114.0,1,1,1,111,Lost,1,France,2011-01-09 12:46:00,2011-01-09 12:46:00,-2.2233227391979296,0.3382084882854557
14457,311,1,113.64,1,1,1,111,Lost,1,United Kingdom,2011-02-02 09:39:00,2011-02-02 09:39:00,-2.196500283029146,0.29008687894925783
15445,264,1,113.5,1,1,1,111,Lost,1,United Kingdom,2011-03-20 15:06:00,2011-03-20 15:06:00,-2.134709584276448,0.1861369917844338
17217,234,1,113.5,1,1,1,111,Lost,1,United Kingdom,2011-04-19 17:19:00,2011-04-19 17:19:00,-2.088814697103796,0.10997320056910877
18105,38,1,113.48,3,1,1,311,Need Attention,1,United Kingdom,2011-11-02 12:04:00,2011-11-02 12:04:00,-1.4028199956890042,-1.0286544100818458
16913,290,1,113.44,1,1,1,111,Lost,1,United Kingdom,2011-02-22 12:56:00,2011-02-22 12:56:00,-2.170710622803304,0.24527833375145913
15280,172,1,113.12,2,1,1,211,Hibernating,1,United Kingdom,2011-06-20 17:14:00,2011-06-20 17:14:00,-1.973387265261267,-0.08540823101802165
14689,209,1,112.8,1,1,1,111,Lost,1,United Kingdom,2011-05-15 11:22:00,2011-05-15 11:22:00,-2.048755996825345,0.03643595956724874
13161,313,1,112.75,1,1,1,111,Lost,1,United Kingdom,2011-01-30 14:03:00,2011-01-30 14:03:00,-2.20263661150041,0.2912990928728641
16697,241,1,112.75,1,1,1,111,Lost,1,United Kingdom,2011-04-12 17:12:00,2011-04-12 17:12:00,-2.1031432224539484,0.12618715606532832
13807,367,1,112.6,1,1,1,111,Lost,1,United Kingdom,2010-12-07 15:48:00,2010-12-07 15:48:00,-2.2638815290297267,0.391417762591432
18129,243,1,112.55,1,1,1,111,Lost,1,United Kingdom,2011-04-10 14:16:00,2011-04-10 14:16:00,-2.107121670555424,0.13076384203284988
15610,52,1,112.46,3,1,1,311,Need Attention,1,United Kingdom,2011-10-19 10:36:00,2011-10-19 10:36:00,-1.5242339347711693,-0.8374666347089047
17038,30,1,112.4,4,1,1,411,Recent Customers,1,United Kingdom,2011-11-09 13:50:00,2011-11-09 13:50:00,-1.3196174166211192,-1.177642087308209
14271,226,1,112.32,1,1,1,111,Lost,1,United Kingdom,2011-04-28 12:47:00,2011-04-28 12:47:00,-2.0804958541761396,0.08424366990748583
17967,372,1,112.27,1,1,1,111,Lost,1,United Kingdom,2010-12-03 11:19:00,2010-12-03 11:19:00,-2.2704161689983704,0.3989135051270068
17900,190,2,112.2,1,1,1,111,Lost,1,United Kingdom,2011-06-02 14:28:00,2011-06-02 14:38:00,-1.6481465719868398,0.12949031870881586
12756,87,1,112.08,2,1,1,211,Hibernating,1,Japan,2011-09-14 09:31:00,2011-09-14 09:31:00,-1.7195147803721988,-0.5172545138785969
13193,61,1,112.08,3,1,1,311,Need Attention,1,United Kingdom,2011-10-09 14:30:00,2011-10-09 14:30:00,-1.585738151749534,-0.7392604025427757
17957,66,1,111.68,3,1,1,311,Need Attention,1,United Kingdom,2011-10-04 14:58:00,2011-10-04 14:58:00,-1.6170454551810882,-0.6913840449055854
17887,129,1,111.35,2,1,1,211,Hibernating,1,United Kingdom,2011-08-02 17:29:00,2011-08-02 17:29:00,-1.8716403827066468,-0.27225300998247404
18120,214,1,111.15,1,1,1,111,Lost,1,United Kingdom,2011-05-09 13:45:00,2011-05-09 13:45:00,-2.0646697654022033,0.04603348759939182
13508,244,1,110.97,1,1,1,111,Lost,1,United Kingdom,2011-04-10 11:58:00,2011-04-10 11:58:00,-2.1153280420806277,0.1282532940813856
13144,333,1,110.95,1,1,1,111,Lost,1,United Kingdom,2011-01-11 11:15:00,2011-01-11 11:15:00,-2.233787346960894,0.324634051734914
15537,163,1,110.92,2,1,1,211,Hibernating,1,United Kingdom,2011-06-29 13:10:00,2011-06-29 13:10:00,-1.9622089633287036,-0.12636603389198628
15853,52,1,110.8,3,1,1,311,Need Attention,1,United Kingdom,2011-10-19 10:38:00,2011-10-19 10:38:00,-1.5312224145380133,-0.8428345658514179
16963,187,1,110.55,1,1,1,111,Lost,1,United Kingdom,2011-06-05 13:48:00,2011-06-05 13:48:00,-2.015950668145408,-0.04099193017761062
14641,22,1,110.46,4,1,1,411,Recent Customers,0,United Kingdom,2011-11-18 10:42:00,2011-11-18 10:42:00,-1.213775534140051,-1.373152072640564
12734,353,1,110.4,1,1,1,111,Lost,1,France,2010-12-22 12:47:00,2010-12-22 12:47:00,-2.2583380158134587,0.3597074648709853
16792,282,2,110.38,1,1,1,111,Lost,1,United Kingdom,2011-03-02 14:39:00,2011-03-02 14:41:00,-1.8060233492140219,0.3728339274651856
17901,29,1,110.38,4,1,1,411,Recent Customers,0,United Kingdom,2011-11-10 17:29:00,2011-11-10 17:29:00,-1.315614058368656,-1.2049748000236318
18277,58,1,110.38,3,1,1,311,Need Attention,1,United Kingdom,2011-10-12 15:22:00,2011-10-12 15:22:00,-1.573974611366098,-0.7762185609517788
17746,240,1,110.25,1,1,1,111,Lost,1,United Kingdom,2011-04-13 14:31:00,2011-04-13 14:31:00,-2.1120986717660326,0.11546839697771719
17836,47,1,110.21,3,1,1,311,Need Attention,1,United Kingdom,2011-10-23 16:13:00,2011-10-23 16:13:00,-1.4958787655505421,-0.9075789431667223
13133,274,2,109.8,1,1,1,111,Lost,1,United Kingdom,2011-02-08 15:48:00,2011-03-11 10:31:00,-1.7975448188911893,0.352753796636658
16363,53,1,109.36,3,1,1,311,Need Attention,1,United Kingdom,2011-10-17 14:14:00,2011-10-17 14:14:00,-1.5445096352422099,-0.8357064277433527
14699,214,1,109.13,1,1,1,111,Lost,1,United Kingdom,2011-05-09 14:54:00,2011-05-09 14:54:00,-2.0732879100541726,0.039413792241973646
14345,39,1,108.98,3,1,1,311,Need Attention,1,United Kingdom,2011-11-01 09:51:00,2011-11-01 09:51:00,-1.4315057463080436,-1.0272097196795371
13170,27,1,108.81,4,1,1,411,Recent Customers,0,United Kingdom,2011-11-13 12:19:00,2011-11-13 12:19:00,-1.2959901162266874,-1.2538821666803583
17639,276,1,108.5,1,1,1,111,Lost,1,United Kingdom,2011-03-08 15:22:00,2011-03-08 15:22:00,-2.172798565157286,0.19795071998505784
16106,66,1,108.38,3,1,1,311,Need Attention,1,United Kingdom,2011-10-05 10:37:00,2011-10-05 10:37:00,-1.6311392005255834,-0.7022096117060072
13226,273,1,108.21,1,1,1,111,Lost,1,United Kingdom,2011-03-11 14:35:00,2011-03-11 14:35:00,-2.1698962564431414,0.190081699768711
12956,306,1,108.07,1,1,1,111,Lost,1,United Kingdom,2011-02-06 16:08:00,2011-02-06 16:08:00,-2.213945158277011,0.26170547633356517
14661,27,1,107.95,4,1,1,411,Recent Customers,0,United Kingdom,2011-11-13 11:51:00,2011-11-13 11:51:00,-1.2997181824295414,-1.2567457369187092
17274,35,1,107.82,3,1,1,311,Need Attention,1,United Kingdom,2011-11-04 13:16:00,2011-11-04 13:16:00,-1.3962858960727793,-1.0978633321623807
16784,20,1,107.6,4,1,1,411,Recent Customers,0,United Kingdom,2011-11-20 12:20:00,2011-11-20 12:20:00,-1.1913498737873467,-1.4402896108450565
15395,326,1,107.45,1,1,1,111,Lost,1,United Kingdom,2011-01-18 12:40:00,2011-01-18 12:40:00,-2.240756968395326,0.29963850870203346
17893,225,1,107.21,1,1,1,111,Lost,1,United Kingdom,2011-04-28 13:50:00,2011-04-28 13:50:00,-2.1006877603289116,0.06463975610179223
16757,319,1,106.83,1,1,1,111,Lost,1,United Kingdom,2011-01-25 11:59:00,2011-01-25 11:59:00,-2.23520933434803,0.2838325575818336
15168,26,1,106.56,4,1,1,411,Recent Customers,0,United Kingdom,2011-11-14 11:26:00,2011-11-14 11:26:00,-1.291914081415441,-1.2844769587728468
15070,373,1,106.2,1,1,1,111,Lost,1,United Kingdom,2010-12-02 11:23:00,2010-12-02 11:23:00,-2.297554509516057,0.38055110984985663
17791,30,1,106.1,4,1,1,411,Recent Customers,1,United Kingdom,2011-11-10 12:09:00,2011-11-10 12:09:00,-1.3467193962758195,-1.1984594274831701
16581,183,1,105.84,1,1,1,111,Lost,1,United Kingdom,2011-06-10 10:05:00,2011-06-10 10:05:00,-2.028190664062525,-0.07033745306350606
15775,245,1,104.9,1,1,1,111,Lost,1,United Kingdom,2011-04-08 12:56:00,2011-04-08 12:56:00,-2.1433114483914806,0.11053633021270652
14027,61,1,104.82,3,1,1,311,Need Attention,1,United Kingdom,2011-10-10 09:01:00,2011-10-10 09:01:00,-1.6172012158045066,-0.7634275414648715
15607,337,1,104.76,1,1,1,111,Lost,1,United Kingdom,2011-01-07 12:44:00,2011-01-07 12:44:00,-2.265304948451871,0.31146506807975954
15958,74,1,104.35,2,1,1,211,Hibernating,1,United Kingdom,2011-09-26 13:41:00,2011-09-26 13:41:00,-1.692026614654649,-0.6443766992598198
18174,7,1,104.0,5,1,1,511,Recent Customers,0,United Kingdom,2011-12-02 16:56:00,2011-12-02 16:56:00,-0.8386751841806557,-2.064366739358261
17548,234,1,103.3,1,1,1,111,Lost,1,United Kingdom,2011-04-20 12:01:00,2011-04-20 12:01:00,-2.1330550517868163,0.07599167875294732
18255,89,1,103.3,2,1,1,211,Hibernating,1,United Kingdom,2011-09-11 13:16:00,2011-09-11 13:16:00,-1.766422596304613,-0.5324446746704967
14542,186,1,103.25,1,1,1,111,Lost,1,United Kingdom,2011-06-07 08:19:00,2011-06-07 08:19:00,-2.0460046915540095,-0.06902266284339852
18011,373,1,102.79,1,1,1,111,Lost,1,United Kingdom,2010-12-01 17:35:00,2010-12-01 17:35:00,-2.312882356873304,0.3687776151955522
14836,10,3,102.45,5,2,1,521,Potential Loyalists,0,United Kingdom,2011-11-09 13:26:00,2011-11-29 16:45:00,-0.3401736744634783,-1.6027614267703385
17962,142,1,102.41,2,1,1,211,Hibernating,1,United Kingdom,2011-07-20 14:16:00,2011-07-20 14:16:00,-1.9473643937119913,-0.24203131438529274
14981,246,1,102.12,1,1,1,111,Lost,1,United Kingdom,2011-04-07 13:45:00,2011-04-07 13:45:00,-2.157474574058674,0.10341955756239855
13948,361,1,102.0,1,1,1,111,Lost,1,United Kingdom,2010-12-14 10:18:00,2010-12-14 10:18:00,-2.304047647644908,0.3453212071756771
15212,241,1,101.8,1,1,1,111,Lost,1,United Kingdom,2011-04-12 13:45:00,2011-04-12 13:45:00,-2.151136159839112,0.08932323260764513
16516,30,1,101.7,4,1,1,411,Recent Customers,1,United Kingdom,2011-11-09 14:59:00,2011-11-09 14:59:00,-1.3666106299876555,-1.213738111326737
18068,289,1,101.7,1,1,1,111,Lost,1,United Kingdom,2011-02-23 14:50:00,2011-02-23 14:50:00,-2.2207175649483437,0.2036751622954096
17643,373,1,101.55,1,1,1,111,Lost,1,United Kingdom,2010-12-01 14:38:00,2010-12-01 14:38:00,-2.3185813000822195,0.3644001918143343
16006,211,1,101.4,1,1,1,111,Lost,1,United Kingdom,2011-05-12 13:12:00,2011-05-12 13:12:00,-2.1024267317278262,0.0040009958542291755
18086,274,1,101.34,1,1,1,111,Lost,1,United Kingdom,2011-03-10 13:34:00,2011-03-10 13:34:00,-2.2020947214219673,0.16872802959358826
13101,234,1,101.19,1,1,1,111,Lost,1,United Kingdom,2011-04-19 14:37:00,2011-04-19 14:37:00,-2.142745623270914,0.06854824009479554
16344,158,1,101.1,2,1,1,211,Hibernating,1,United Kingdom,2011-07-04 15:50:00,2011-07-04 15:50:00,-1.99392392105867,-0.17943956552871126
16498,161,2,100.97,2,1,1,211,Hibernating,1,United Kingdom,2011-06-30 19:52:00,2011-07-01 15:07:00,-1.6347788451686502,-0.012955560396146022
14946,14,1,100.9,4,1,1,411,Recent Customers,0,United Kingdom,2011-11-25 13:33:00,2011-11-25 13:33:00,-1.0930121247853974,-1.6767837733972988
17427,72,1,100.8,3,1,1,311,Need Attention,1,United Kingdom,2011-09-29 11:29:00,2011-09-29 11:29:00,-1.697954837161613,-0.673995352935833
14371,295,1,100.5,1,1,1,111,Lost,1,United Kingdom,2011-02-17 16:35:00,2011-02-17 16:35:00,-2.2341132243008,0.2123766291468319
13703,318,1,99.5,1,1,1,111,Lost,1,United Kingdom,2011-01-25 13:10:00,2011-01-25 13:10:00,-2.2673934124043784,0.25620908414942883
17939,160,1,99.14,2,1,1,211,Hibernating,1,United Kingdom,2011-07-03 12:27:00,2011-07-03 12:27:00,-2.00788976120577,-0.17857482445334005
15256,149,1,98.45,2,1,1,211,Hibernating,1,United Kingdom,2011-07-14 11:47:00,2011-07-14 11:47:00,-1.9841345245899562,-0.2259560603306611
17538,26,1,98.42,4,1,1,411,Recent Customers,0,United Kingdom,2011-11-14 12:12:00,2011-11-14 12:12:00,-1.3292280047661587,-1.3131382095578832
17349,179,1,98.25,2,1,1,211,Hibernating,1,United Kingdom,2011-06-13 14:29:00,2011-06-13 14:29:00,-2.0547355109449614,-0.111109056502771
15422,323,2,97.7,1,1,1,111,Lost,1,United Kingdom,2011-01-20 14:17:00,2011-01-20 16:17:00,-1.9150141706478896,0.4145845462813788
12984,19,1,97.5,4,1,1,411,Recent Customers,0,United Kingdom,2011-11-21 12:37:00,2011-11-21 12:37:00,-1.2189967566872668,-1.5067711986085448
17325,280,1,96.8,1,1,1,111,Lost,1,United Kingdom,2011-03-04 13:09:00,2011-03-04 13:09:00,-2.2318548978161226,0.1658844863337672
15216,88,1,96.6,2,1,1,211,Hibernating,1,United Kingdom,2011-09-13 11:41:00,2011-09-13 11:41:00,-1.793635439652764,-0.563708763444
14642,59,1,96.12,3,1,1,311,Need Attention,1,United Kingdom,2011-10-12 11:08:00,2011-10-12 11:08:00,-1.6453544223254528,-0.8154600789264971
17024,45,3,95.85,3,2,1,321,Need Attention,1,United Kingdom,2011-07-05 09:31:00,2011-10-25 13:47:00,-0.9179745482544397,-0.7197702837533848
17895,44,1,95.45,3,1,1,311,Need Attention,1,United Kingdom,2011-10-26 17:00:00,2011-10-26 17:00:00,-1.5387428287669183,-1.000353305776615
18249,17,1,95.34,4,1,1,411,Recent Customers,0,United Kingdom,2011-11-22 15:07:00,2011-11-22 15:07:00,-1.1892626761946923,-1.5816384934979901
12548,166,1,95.2,2,1,1,211,Hibernating,1,Spain,2011-06-26 15:35:00,2011-06-26 15:35:00,-2.0408993896909005,-0.16999856628556365
16387,323,1,94.36,1,1,1,111,Lost,1,United Kingdom,2011-01-21 11:34:00,2011-01-21 11:34:00,-2.298226870182122,0.24694812860763624
13651,35,2,94.2,3,1,1,311,Need Attention,1,United Kingdom,2011-10-31 12:11:00,2011-11-04 14:59:00,-1.0927981590321239,-0.9914645689260688
16339,284,1,94.05,1,1,1,111,Lost,1,United Kingdom,2011-02-28 13:41:00,2011-02-28 13:41:00,-2.2507778843780786,0.1644572041668379
15397,290,1,94.0,1,1,1,111,Lost,1,United Kingdom,2011-02-23 09:25:00,2011-02-23 09:25:00,-2.2589859538731196,0.17747304353462628
18033,65,1,93.82,3,1,1,311,Need Attention,1,United Kingdom,2011-10-05 17:28:00,2011-10-05 17:28:00,-1.6931267926342009,-0.7637684088018859
15428,15,1,93.78,4,1,1,411,Recent Customers,0,United Kingdom,2011-11-24 16:54:00,2011-11-24 16:54:00,-1.152010468865362,-1.6622510894671632
18227,218,1,93.75,1,1,1,111,Lost,1,United Kingdom,2011-05-06 12:23:00,2011-05-06 12:23:00,-2.151651856793113,-0.003683903369904974
13283,60,2,93.66,3,1,1,311,Need Attention,1,United Kingdom,2011-06-07 12:39:00,2011-10-11 09:50:00,-1.2969438821208292,-0.6592271009794897
17991,225,2,93.35,1,1,1,111,Lost,1,United Kingdom,2011-04-27 16:39:00,2011-04-28 15:58:00,-1.7987871701212381,0.16981941372475975
12821,214,1,92.72,1,1,1,111,Lost,1,United Kingdom,2011-05-09 15:51:00,2011-05-09 15:51:00,-2.149792849030225,-0.01935052534738412
14054,65,1,92.46,3,1,1,311,Need Attention,1,United Kingdom,2011-10-05 15:49:00,2011-10-05 15:49:00,-1.6999768327398928,-0.7690300028591889
12789,65,1,91.85,3,1,1,311,Need Attention,1,Netherlands,2011-10-05 13:34:00,2011-10-05 13:34:00,-1.703081721628227,-0.7714149034833283
13160,22,1,91.8,4,1,1,411,Recent Customers,0,United Kingdom,2011-11-17 13:07:00,2011-11-17 13:07:00,-1.3006499089644639,-1.4398812723613392
13551,319,1,91.8,1,1,1,111,Lost,1,United Kingdom,2011-01-24 14:46:00,2011-01-24 14:46:00,-2.30638448061747,0.2291621146558469
12659,30,1,91.68,4,1,1,411,Recent Customers,1,France,2011-11-10 11:53:00,2011-11-10 11:53:00,-1.415287163397505,-1.251127112700109
15488,93,1,91.32,2,1,1,211,Hibernating,1,United Kingdom,2011-09-08 10:11:00,2011-09-08 10:11:00,-1.8408858071174306,-0.5493146720255101
13947,65,1,90.6,3,1,1,311,Need Attention,1,United Kingdom,2011-10-05 14:42:00,2011-10-05 14:42:00,-1.7095084337150106,-0.7763513344533777
14353,215,1,90.6,1,1,1,111,Lost,1,United Kingdom,2011-05-08 16:06:00,2011-05-08 16:06:00,-2.1624143060805547,-0.02474194116132169
18084,16,1,90.48,4,1,1,411,Recent Customers,0,United Kingdom,2011-11-23 13:57:00,2011-11-23 13:57:00,-1.191972100481087,-1.6367256551871894
16506,20,2,90.3,4,1,1,411,Recent Customers,0,United Kingdom,2011-10-30 15:50:00,2011-11-20 12:17:00,-0.906736098212993,-1.3483881530196047
15552,217,1,90.12,1,1,1,111,Lost,1,United Kingdom,2011-05-06 14:47:00,2011-05-06 14:47:00,-2.1684262407263133,-0.020812684821902534
16597,4,1,90.04,5,1,1,511,Recent Customers,0,United Kingdom,2011-12-05 15:44:00,2011-12-05 15:44:00,-0.7267784227445986,-2.414276796350634
14117,144,1,90.0,2,1,1,211,Hibernating,1,United Kingdom,2011-07-19 09:49:00,2011-07-19 09:49:00,-2.013287078902588,-0.27978717324436725
14219,4,1,89.94,5,1,1,511,Recent Customers,0,United Kingdom,2011-12-05 16:23:00,2011-12-05 16:23:00,-0.727299530126213,-2.4146770648833744
14974,37,1,89.94,3,1,1,311,Need Attention,1,United Kingdom,2011-11-02 13:01:00,2011-11-02 13:01:00,-1.5020481099944962,-1.1289611013714334
14760,297,1,89.2,1,1,1,111,Lost,1,United Kingdom,2011-02-15 16:27:00,2011-02-15 16:27:00,-2.2926498937028157,0.17365876908240813
12686,372,1,89.14,1,1,1,111,Lost,1,France,2010-12-03 09:51:00,2010-12-03 09:51:00,-2.3787181975810627,0.3157254797735432
14436,99,1,89.06,2,1,1,211,Hibernating,1,United Kingdom,2011-09-02 10:13:00,2011-09-02 10:13:00,-1.8762738852953753,-0.5191163228554847
12353,204,1,89.0,1,1,1,111,Lost,1,Bahrain,2011-05-19 17:47:00,2011-05-19 17:47:00,-2.1508032510011246,-0.06429463691974599
15083,257,1,88.2,1,1,1,111,Lost,1,United Kingdom,2011-03-28 12:18:00,2011-03-28 12:18:00,-2.2428771010571897,0.07822682527803147
15180,367,1,87.5,1,1,1,111,Lost,1,United Kingdom,2010-12-07 14:57:00,2010-12-07 14:57:00,-2.3822691414261383,0.30048288509697124
13296,137,1,87.4,2,1,1,211,Hibernating,1,United Kingdom,2011-07-25 13:46:00,2011-07-25 13:46:00,-2.0081303975935794,-0.3217117429789123
15541,114,1,85.13,2,1,1,211,Hibernating,1,United Kingdom,2011-08-17 14:58:00,2011-08-17 14:58:00,-1.950818698328252,-0.44676640003188994
13841,253,1,85.0,1,1,1,111,Lost,1,United Kingdom,2011-04-01 12:10:00,2011-04-01 12:10:00,-2.254230938309988,0.05501562900829344
15729,213,1,85.0,1,1,1,111,Lost,1,United Kingdom,2011-05-11 12:36:00,2011-05-11 12:36:00,-2.188772428282239,-0.0536145169220053
13666,60,3,84.65,3,2,1,321,Need Attention,1,United Kingdom,2011-02-25 13:05:00,2011-10-10 15:39:00,-1.0840577387567225,-0.5856115767863618
12401,303,1,84.3,1,1,1,111,Lost,1,Belgium,2011-02-09 13:50:00,2011-02-09 13:50:00,-2.3267486697139397,0.16595316208193298
17309,95,1,82.75,2,1,1,211,Hibernating,1,United Kingdom,2011-09-05 15:20:00,2011-09-05 15:20:00,-1.895122598236592,-0.5714506303803804
13006,56,1,81.57,3,1,1,311,Need Attention,1,United Kingdom,2011-10-14 13:49:00,2011-10-14 13:49:00,-1.7027163644573298,-0.9070874282544542
17620,60,1,81.44,3,1,1,311,Need Attention,1,United Kingdom,2011-10-11 12:08:00,2011-10-11 12:08:00,-1.7293715698932433,-0.864666113331339
18281,181,1,80.82,1,1,1,111,Lost,1,United Kingdom,2011-06-12 10:53:00,2011-06-12 10:53:00,-2.150525545997594,-0.1744393788471269
16789,8,1,80.8,5,1,1,511,Recent Customers,0,United Kingdom,2011-12-01 15:12:00,2011-12-01 15:12:00,-1.0020567014761717,-2.0806355072249514
13967,146,1,80.7,2,1,1,211,Hibernating,1,United Kingdom,2011-07-17 12:02:00,2011-07-17 12:02:00,-2.0696365893882325,-0.3103662126545689
17752,359,1,80.64,1,1,1,111,Lost,1,United Kingdom,2010-12-15 16:19:00,2010-12-15 16:19:00,-2.4121296374102417,0.2571644937060657
13747,374,1,79.6,1,1,1,111,Lost,1,United Kingdom,2010-12-01 10:37:00,2010-12-01 10:37:00,-2.4338025584740492,0.27837367124874685
15753,305,1,79.2,1,1,1,111,Lost,1,United Kingdom,2011-02-08 12:41:00,2011-02-08 12:41:00,-2.3584857193550337,0.14765659624147007
16078,284,1,79.2,1,1,1,111,Lost,1,United Kingdom,2011-03-01 09:47:00,2011-03-01 09:47:00,-2.3313272192639114,0.10258633987761506
17942,8,1,77.5,5,1,1,511,Recent Customers,0,United Kingdom,2011-12-02 10:45:00,2011-12-02 10:45:00,-1.021581772493756,-2.095632937320167
14785,10,2,77.4,5,1,1,511,Recent Customers,0,United Kingdom,2011-11-24 13:40:00,2011-11-29 13:21:00,-0.7319524401892238,-1.8137864177972747
13132,262,1,77.3,1,1,1,111,Lost,1,United Kingdom,2011-03-23 12:44:00,2011-03-23 12:44:00,-2.3120076650310386,0.04292687606926869
13992,30,1,76.8,4,1,1,411,Recent Customers,1,United Kingdom,2011-11-09 15:23:00,2011-11-09 15:23:00,-1.498269729153351,-1.3148669694168462
14373,358,1,76.55,1,1,1,111,Lost,1,United Kingdom,2010-12-16 15:40:00,2010-12-16 15:40:00,-2.435436967027618,0.23668230285188005
13106,133,1,76.5,2,1,1,211,Hibernating,1,United Kingdom,2011-07-29 15:12:00,2011-07-29 15:12:00,-2.0592903945772387,-0.38828537341073155
17536,177,1,76.5,2,1,1,211,Hibernating,1,United Kingdom,2011-06-15 13:23:00,2011-06-15 13:23:00,-2.1677563401179523,-0.20828323942447535
14090,325,1,76.32,1,1,1,111,Lost,1,United Kingdom,2011-01-19 10:51:00,2011-01-19 10:51:00,-2.4000111604563545,0.17447325771100813
15668,218,1,76.32,1,1,1,111,Lost,1,United Kingdom,2011-05-06 10:39:00,2011-05-06 10:39:00,-2.248042556097583,-0.07772270063449987
16148,296,1,76.32,1,1,1,111,Lost,1,United Kingdom,2011-02-16 14:01:00,2011-02-16 14:01:00,-2.364422223865593,0.11541246678069655
18113,369,1,76.32,1,1,1,111,Lost,1,United Kingdom,2010-12-06 12:31:00,2010-12-06 12:31:00,-2.448374256072606,0.25473310676970634
17995,282,1,76.1,1,1,1,111,Lost,1,United Kingdom,2011-03-03 12:30:00,2011-03-03 12:30:00,-2.3473284045900393,0.08376496528546763
17628,81,1,75.75,2,1,1,211,Hibernating,1,United Kingdom,2011-09-19 15:21:00,2011-09-19 15:21:00,-1.8762942737001531,-0.7031660408077197
16610,219,1,75.66,1,1,1,111,Lost,1,United Kingdom,2011-05-04 13:13:00,2011-05-04 13:13:00,-2.253847612197771,-0.07795678077485914
13403,18,1,75.0,4,1,1,411,Recent Customers,0,United Kingdom,2011-11-22 08:28:00,2011-11-22 08:28:00,-1.3223623612227302,-1.6337344865561536
16468,74,1,74.9,2,1,1,211,Hibernating,1,United Kingdom,2011-09-26 14:13:00,2011-09-26 14:13:00,-1.8474886880188253,-0.7637888937474481
13095,71,1,74.4,3,1,1,311,Need Attention,1,United Kingdom,2011-09-30 12:03:00,2011-09-30 12:03:00,-1.8350286558429516,-0.7920745964893123
18050,359,1,74.4,1,1,1,111,Lost,1,United Kingdom,2010-12-15 14:25:00,2010-12-15 14:25:00,-2.4498307240394963,0.228205858383987
17960,171,1,73.78,2,1,1,211,Hibernating,1,United Kingdom,2011-06-21 14:15:00,2011-06-21 14:15:00,-2.1715983595210577,-0.24303241081203922
12506,233,1,73.5,1,1,1,111,Lost,1,France,2011-04-21 08:54:00,2011-04-21 08:54:00,-2.2909662413447736,-0.04925631252500754
18032,334,1,73.5,1,1,1,111,Lost,1,United Kingdom,2011-01-09 15:32:00,2011-01-09 15:32:00,-2.4280307218247335,0.17820585412203035
16171,59,1,73.2,3,1,1,311,Need Attention,1,United Kingdom,2011-10-11 14:51:00,2011-10-11 14:51:00,-1.7729891221022132,-0.9134977498728349
17906,247,1,72.9,1,1,1,111,Lost,1,United Kingdom,2011-04-06 17:25:00,2011-04-06 17:25:00,-2.3169974031384073,-0.015364864199037388
13686,183,1,72.0,1,1,1,111,Lost,1,United Kingdom,2011-06-10 09:10:00,2011-06-10 09:10:00,-2.208783689125368,-0.20905301863683015
13938,35,1,71.66,3,1,1,311,Need Attention,1,United Kingdom,2011-11-04 14:37:00,2011-11-04 14:37:00,-1.5877992770756921,-1.2449669478830552
13185,268,1,71.4,1,1,1,111,Lost,1,United Kingdom,2011-03-17 11:56:00,2011-03-17 11:56:00,-2.357770491284125,0.028694548435940003
17747,113,1,71.4,2,1,1,211,Hibernating,1,United Kingdom,2011-08-19 08:13:00,2011-08-19 08:13:00,-2.029820266176349,-0.515547610394591
17022,31,1,71.0,4,1,1,411,Recent Customers,1,United Kingdom,2011-11-08 17:09:00,2011-11-08 17:09:00,-1.5471330184361025,-1.32295717204006
18037,154,6,70.02,2,3,1,231,At Risk,1,United Kingdom,2010-12-12 16:20:00,2011-07-08 13:39:00,-1.0227289683481506,0.1514119565614554
15863,26,2,68.84,4,1,1,411,Recent Customers,0,United Kingdom,2011-05-31 11:36:00,2011-11-14 12:49:00,-1.129784786179843,-1.2866572295093526
14393,218,1,67.95,1,1,1,111,Lost,1,United Kingdom,2011-05-05 18:16:00,2011-05-05 18:16:00,-2.3023670563810366,-0.11944996988360404
17382,65,1,65.4,3,1,1,311,Need Attention,1,United Kingdom,2011-10-05 13:05:00,2011-10-05 13:05:00,-1.8620605003088295,-0.8935283194979399
13684,286,1,65.13,1,1,1,111,Lost,1,United Kingdom,2011-02-27 10:13:00,2011-02-27 10:13:00,-2.425463632556292,0.03676409732907248
13130,94,1,64.0,2,1,1,211,Hibernating,1,United Kingdom,2011-09-06 15:30:00,2011-09-06 15:30:00,-2.011296787792373,-0.6703959430076702
13302,155,1,63.75,2,1,1,211,Hibernating,1,United Kingdom,2011-07-07 17:56:00,2011-07-07 17:56:00,-2.202587010718184,-0.35738046759554365
17263,208,1,63.44,1,1,1,111,Lost,1,United Kingdom,2011-05-15 14:32:00,2011-05-15 14:32:00,-2.316588656050029,-0.17371587958295034
12665,325,1,63.0,1,1,1,111,Lost,1,Germany,2011-01-19 08:34:00,2011-01-19 08:34:00,-2.489659548537655,0.1056133067183989
14437,366,1,63.0,1,1,1,111,Lost,1,United Kingdom,2010-12-09 09:27:00,2010-12-09 09:27:00,-2.534912738216372,0.18071218380140314
14840,268,1,62.85,1,1,1,111,Lost,1,United Kingdom,2011-03-17 12:00:00,2011-03-17 12:00:00,-2.417357486131959,-0.017074903004699937
13218,127,1,62.64,2,1,1,211,Hibernating,1,United Kingdom,2011-08-04 16:59:00,2011-08-04 16:59:00,-2.135216831336548,-0.4890869438143635
15516,45,3,62.43,3,2,1,321,Need Attention,1,United Kingdom,2011-10-24 11:33:00,2011-10-26 10:51:00,-1.1186497241502014,-0.8739111787919401
13194,136,1,60.7,2,1,1,211,Hibernating,1,United Kingdom,2011-07-27 09:01:00,2011-07-27 09:01:00,-2.1758528854997143,-0.4572857165302994
17174,218,1,59.9,1,1,1,111,Lost,1,United Kingdom,2011-05-06 11:47:00,2011-05-06 11:47:00,-2.361232724356521,-0.16466536191344255
13391,204,1,59.8,1,1,1,111,Lost,1,United Kingdom,2011-05-20 10:50:00,2011-05-20 10:50:00,-2.3367764880210076,-0.20714280475866412
13682,187,1,59.5,1,1,1,111,Lost,1,United Kingdom,2011-06-05 14:06:00,2011-06-05 14:06:00,-2.306053053089093,-0.26382288606657767
14957,253,1,58.49,1,1,1,111,Lost,1,United Kingdom,2011-03-31 17:59:00,2011-03-31 17:59:00,-2.428975784642071,-0.07920788367467703
13080,179,1,58.08,2,1,1,211,Hibernating,1,United Kingdom,2011-06-13 14:59:00,2011-06-13 14:59:00,-2.300703451934011,-0.30003984181593046
17775,255,1,56.4,1,1,1,111,Lost,1,United Kingdom,2011-03-30 10:50:00,2011-03-30 10:50:00,-2.4489295279741725,-0.08726118835570512
15899,369,1,56.25,1,1,1,111,Lost,1,United Kingdom,2010-12-06 10:36:00,2010-12-06 10:36:00,-2.5908698610277336,0.14528060479082233
13366,50,1,56.16,3,1,1,311,Need Attention,1,United Kingdom,2011-10-20 13:37:00,2011-10-20 13:37:00,-1.8346190462624783,-1.111548802385446
16349,291,1,53.5,1,1,1,111,Lost,1,United Kingdom,2011-02-22 12:40:00,2011-02-22 12:40:00,-2.523773365780307,-0.022731875639718013
15504,81,1,52.83,2,1,1,211,Hibernating,1,United Kingdom,2011-09-19 13:45:00,2011-09-19 13:45:00,-2.044487897047226,-0.8323574842773508
13832,19,1,52.2,4,1,1,411,Recent Customers,0,United Kingdom,2011-11-20 15:36:00,2011-11-20 15:36:00,-1.5110757045914065,-1.7311203750869024
14865,7,2,52.2,5,1,1,511,Recent Customers,0,United Kingdom,2010-12-02 18:23:00,2011-12-02 16:25:00,-0.7941649329554049,-2.1568915414320733
14682,188,2,52.0,1,1,1,111,Lost,1,United Kingdom,2011-05-22 12:51:00,2011-06-05 12:12:00,-2.0039452068162866,-0.15356437701953154
15313,110,1,52.0,2,1,1,211,Hibernating,1,United Kingdom,2011-08-21 16:02:00,2011-08-21 16:02:00,-2.1675289889696536,-0.6460541302887949
17844,107,1,51.56,2,1,1,211,Hibernating,1,Canada,2011-08-25 11:27:00,2011-08-25 11:27:00,-2.1610154520369695,-0.6664595268650003
14351,165,1,51.0,2,1,1,211,Hibernating,1,United Kingdom,2011-06-28 11:56:00,2011-06-28 11:56:00,-2.3302987909668396,-0.39785925633502683
13011,372,1,50.55,1,1,1,111,Lost,1,United Kingdom,2010-12-02 17:22:00,2010-12-02 17:22:00,-2.6436819221010435,0.11220381613003494
18184,15,1,49.8,4,1,1,411,Recent Customers,0,United Kingdom,2011-11-24 15:28:00,2011-11-24 15:28:00,-1.4477233023572462,-1.8893914949775243
14821,367,1,48.8,1,1,1,111,Lost,1,United Kingdom,2010-12-08 08:43:00,2010-12-08 08:43:00,-2.6549026930292965,0.09106993965383474
15603,79,1,48.48,2,1,1,211,Hibernating,1,United Kingdom,2011-09-22 10:04:00,2011-09-22 10:04:00,-2.075008846622511,-0.8786997406788519
16257,177,1,46.95,2,1,1,211,Hibernating,1,United Kingdom,2011-06-16 10:11:00,2011-06-16 10:11:00,-2.395407496881106,-0.38314469353010067
14080,33,1,45.6,4,1,1,411,Recent Customers,1,United Kingdom,2011-11-07 11:09:00,2011-11-07 11:09:00,-1.7765802650898077,-1.442977803278708
15423,38,1,43.5,3,1,1,311,Need Attention,1,United Kingdom,2011-11-01 14:01:00,2011-11-01 14:01:00,-1.8508547733468286,-1.3727950409710887
14300,19,1,43.2,4,1,1,411,Recent Customers,0,United Kingdom,2011-11-21 08:57:00,2011-11-21 08:57:00,-1.5989526647090282,-1.7986196720245249
15992,4,1,41.99,5,1,1,511,Recent Customers,0,United Kingdom,2011-12-06 11:00:00,2011-12-06 11:00:00,-1.0825522459051946,-2.6875507341382785
15178,260,1,40.5,1,1,1,111,Lost,1,United Kingdom,2011-03-24 15:12:00,2011-03-24 15:12:00,-2.6101112720495534,-0.19312897419318512
14589,372,1,39.75,1,1,1,111,Lost,1,United Kingdom,2010-12-03 11:42:00,2010-12-03 11:42:00,-2.75515417315946,0.026580706677612434
12977,156,1,39.24,2,1,1,211,Hibernating,1,United Kingdom,2011-07-06 16:40:00,2011-07-06 16:40:00,-2.430570506675044,-0.5265715973110164
16659,189,1,39.12,1,1,1,111,Lost,1,United Kingdom,2011-06-03 15:03:00,2011-06-03 15:03:00,-2.50486351888171,-0.4067181259919936
18019,52,1,38.45,3,1,1,311,Need Attention,1,United Kingdom,2011-10-19 12:10:00,2011-10-19 12:10:00,-2.025139598012815,-1.222217996790951
12855,373,1,38.1,1,1,1,111,Lost,1,United Kingdom,2010-12-02 09:37:00,2010-12-02 09:37:00,-2.7757753745484055,0.01322420041444202
16162,252,1,37.4,1,1,1,111,Lost,1,United Kingdom,2011-04-01 15:03:00,2011-04-01 15:03:00,-2.635030848941692,-0.24113933411853922
17816,37,4,36.56,3,3,1,331,Loyal Customers,1,United Kingdom,2010-12-09 14:10:00,2011-11-03 11:34:00,-1.0922093436484468,-1.1005131973399869
15940,311,1,35.8,1,1,1,111,Lost,1,United Kingdom,2011-02-01 16:18:00,2011-02-01 16:18:00,-2.735282741109899,-0.12375808193807561
14576,372,1,35.4,1,1,1,111,Lost,1,United Kingdom,2010-12-02 17:51:00,2010-12-02 17:51:00,-2.808680202567362,-0.014533247970567889
16856,15,1,35.4,4,1,1,411,Recent Customers,0,United Kingdom,2011-11-25 08:59:00,2011-11-25 08:59:00,-1.6057724272897103,-2.010790833328197
17831,33,1,35.4,4,1,1,411,Recent Customers,1,United Kingdom,2011-11-06 15:09:00,2011-11-06 15:09:00,-1.893711750371992,-1.5329478351872365
15744,78,1,34.8,2,1,1,211,Hibernating,1,United Kingdom,2011-09-23 09:52:00,2011-09-23 09:52:00,-2.223650309035762,-1.00453791638132
16765,294,1,34.0,1,1,1,111,Lost,1,United Kingdom,2011-02-18 15:41:00,2011-02-18 15:41:00,-2.737659020094057,-0.1775409020531875
17408,163,1,32.65,2,1,1,211,Hibernating,1,United Kingdom,2011-06-29 12:53:00,2011-06-29 12:53:00,-2.532035493434578,-0.5640563011368893
13120,239,1,30.6,1,1,1,111,Lost,1,United Kingdom,2011-04-15 10:19:00,2011-04-15 10:19:00,-2.7072933174675766,-0.34556335250174325
15657,23,1,30.0,4,1,1,411,Recent Customers,1,United Kingdom,2011-11-17 12:19:00,2011-11-17 12:19:00,-1.836799932928046,-1.8122364478510757
17102,262,1,25.5,1,1,1,111,Lost,1,United Kingdom,2011-03-23 10:08:00,2011-03-23 10:08:00,-2.8257091582692273,-0.35165310920757087
18268,134,1,25.5,2,1,1,211,Hibernating,1,United Kingdom,2011-07-28 19:13:00,2011-07-28 19:13:00,-2.5709626152253686,-0.7744118022233816
16953,30,1,20.8,4,1,1,411,Recent Customers,1,United Kingdom,2011-11-09 15:54:00,2011-11-09 15:54:00,-2.1015053486579625,-1.7782191398810065
17986,56,1,20.8,3,1,1,311,Need Attention,1,United Kingdom,2011-10-14 14:22:00,2011-10-14 14:22:00,-2.334166604440787,-1.3921115710209657
16093,107,1,17.0,2,1,1,211,Hibernating,1,United Kingdom,2011-08-25 11:09:00,2011-08-25 11:09:00,-2.669112780420809,-1.0567348890974744
13307,120,1,15.0,2,1,1,211,Hibernating,1,United Kingdom,2011-08-11 17:14:00,2011-08-11 17:14:00,-2.768377894167486,-1.0275792561274122
15823,372,1,15.0,1,1,1,111,Lost,1,United Kingdom,2010-12-02 15:08:00,2010-12-02 15:08:00,-3.1984266136412,-0.31390191862364286
17763,263,1,15.0,1,1,1,111,Lost,1,United Kingdom,2011-03-21 14:25:00,2011-03-21 14:25:00,-3.066396905026565,-0.5330087468704614
16878,84,1,13.3,2,1,1,211,Hibernating,1,United Kingdom,2011-09-16 17:39:00,2011-09-16 17:39:00,-2.686740898486526,-1.292357697868394
17956,249,1,12.75,1,1,1,111,Lost,1,United Kingdom,2011-04-04 13:47:00,2011-04-04 13:47:00,-3.1174407537046833,-0.6227458878413026
16454,45,2,6.9,3,1,1,311,Need Attention,1,United Kingdom,2011-10-06 16:57:00,2011-10-26 11:40:00,-2.3666631969612504,-1.7426198296142459
14792,64,1,6.2,3,1,1,311,Need Attention,1,United Kingdom,2011-10-07 09:19:00,2011-10-07 09:19:00,-2.9096199468204604,-1.7123290321165712
16738,298,1,3.75,1,1,1,111,Lost,1,United Kingdom,2011-02-15 09:46:00,2011-02-15 09:46:00,-3.6897889668822375,-0.896393000531839
